Asset_Group,SourceAssetCode,AssetName,LocalPath,GitBlobSHA,Bytes
armor,mu0000001,셔츠,master/assets/items/armor/mu0000001_셔츠.webp,546e71abe755d4d4b407ab03f08a4524f8dfbecb,204
armor,mu0000002,레더튜닉,master/assets/items/armor/mu0000002_레더튜닉.webp,f693cf2b16d381fe15e8c2ee7d3cb889fad06475,268
armor,mu0000003,도복,master/assets/items/armor/mu0000003_도복.webp,a2562e3f2c1847c87e3e373763b3e935edb7d308,234
armor,mu0000004,스카웃튜닉,master/assets/items/armor/mu0000004_스카웃튜닉.webp,c6fe43fdef85165c96adbf1b1928c71064d85b8e,268
armor,mu0000005,셍즈,master/assets/items/armor/mu0000005_셍즈.webp,f987b03ae99e6ba5fdc8b574bc777b3b3e36e681,282
armor,mu0000006,후드로브,master/assets/items/armor/mu0000006_후드로브.webp,b8a5d59b69e415622a3fea4b3f86be48c043a5fc,216
armor,mu0000007,지폰,master/assets/items/armor/mu0000007_지폰.webp,b7015f2263bd1908e940d6ad616655c4166350ac,304
armor,mu0000008,천지도복,master/assets/items/armor/mu0000008_천지도복.webp,7f377331eefb9e48641742c64aea2a1f301683af,216
armor,mu0000009,UNNAMED,master/assets/items/armor/mu0000009_UNNAMED.webp,b70e85de287c85d72690525013aef06edffad464,388
armor,mu0000010,UNNAMED,master/assets/items/armor/mu0000010_UNNAMED.webp,b401f456ba012df35e84f2a5a14c84d6e796f28b,302
armor,mu0000011,달마티카,master/assets/items/armor/mu0000011_달마티카.webp,f669519724e2d8810acf1d2daa228a9da3df695d,344
armor,mu0000012,하프플레이트,master/assets/items/armor/mu0000012_하프플레이트.webp,97411e3661ac7b1d49ce169856669b4d7eb54d00,118
armor,mu0000013,단도복,master/assets/items/armor/mu0000013_단도복.webp,ce8cd635e29ea0db5c8c3e2fc576a866af759c49,316
armor,mu0000014,팔루텐,master/assets/items/armor/mu0000014_팔루텐.webp,33d55aec49717fd5439f318690220f3bd0e30e09,280
armor,mu0000015,맨틀,master/assets/items/armor/mu0000015_맨틀.webp,fcbd542467eb7b6905407b974e0cd5d7c7c9276d,380
armor,mu0000016,로럼,master/assets/items/armor/mu0000016_로럼.webp,56078042b9f5b3099499fab2707f789fc0205993,402
armor,mu0000017,카스뮴아머,master/assets/items/armor/mu0000017_카스뮴아머.webp,fe63fa1d5fff8e4a6acb9cf44cb533523ecac191,422
armor,mu0000018,선풍도복,master/assets/items/armor/mu0000018_선풍도복.webp,89fb72f3fb47d3f9c7026024e4e0d6b20eb45566,298
armor,mu0000019,키톤,master/assets/items/armor/mu0000019_키톤.webp,c2d9c462aa71d66cfe6de2c89aa422ac19e0e1ce,340
armor,mu0000020,위저드로브,master/assets/items/armor/mu0000020_위저드로브.webp,d8cfce1a651e65df71e5ed413dfe66c4b1860e7a,308
armor,mu0000021,UNNAMED,master/assets/items/armor/mu0000021_UNNAMED.webp,613efac847edd8818306bb603d28980f1dd0da0b,348
armor,mu0000022,체인메일,master/assets/items/armor/mu0000022_체인메일.webp,ef0f22115bdd3ae5aff810ec3325f77bf4de7e09,402
armor,mu0000023,태산도복,master/assets/items/armor/mu0000023_태산도복.webp,785654bfcf1c73c31e3b633328efe63b959517b0,294
armor,mu0000024,바르도클,master/assets/items/armor/mu0000024_바르도클.webp,84e25997a459bac400aa67b4cec77ac6c0ec46ae,260
armor,mu0000025,네크로브,master/assets/items/armor/mu0000025_네크로브.webp,10409c208c9ee207dacaf6a304424defe9623237,300
armor,mu0000026,UNNAMED,master/assets/items/armor/mu0000026_UNNAMED.webp,1ee222d4376eb6488a05ccaa1a42be29aa0b3bbe,378
armor,mu0000027,풀플레이트,master/assets/items/armor/mu0000027_풀플레이트.webp,7c7f36add99b628b96173f19644ab7bab5555515,458
armor,mu0000028,이프리트메일,master/assets/items/armor/mu0000028_이프리트메일.webp,a148e814a299e3f235e28f45e5628cefac72cee4,400
armor,mu0000029,골든플레이트,master/assets/items/armor/mu0000029_골든플레이트.webp,d88a19ef4e54117809c9c72f52f2d99585cce831,566
armor,mu0000030,망토,master/assets/items/armor/mu0000030_망토.webp,efb12adaabe2d4b0d3efcd9cbb612aa764dca296,504
armor,mu0000031,턱시도,master/assets/items/armor/mu0000031_턱시도.webp,441c4adb37132dd34cb29729a99bf4ddbe2bdeba,546
armor,mu0000032,트렁크,master/assets/items/armor/mu0000032_트렁크.webp,9c8e37d3a34e4813b7551945ee2b229e3dbd5688,146
armor,mu0000033,크라운,master/assets/items/armor/mu0000033_크라운.webp,1c39d5f971955a15ef0a363aba43c41c94f9f710,350
armor,mu0000034,박쥐코스튬,master/assets/items/armor/mu0000034_박쥐코스튬.webp,5dba1955ab9fe993e3ab1a60fac7ee76c3264382,372
armor,mu0000035,UNNAMED,master/assets/items/armor/mu0000035_UNNAMED.webp,e0dc77d1a9bae199c60e23e8fd22e54c5640b808,492
armor,mu0000036,헬나이트아머,master/assets/items/armor/mu0000036_헬나이트아머.webp,3f348ced4d79cb406ffb02efe72e9e42dfcb12a1,506
armor,mu0000037,헬시프아머,master/assets/items/armor/mu0000037_헬시프아머.webp,31c1688fccfa04ea8a0b498bf7d7cf143a0390bc,500
armor,mu0000038,헬소서러로브,master/assets/items/armor/mu0000038_헬소서러로브.webp,813bf1516893ea6fdda66db6bffeec4362040fc7,310
armor,mu0000039,UNNAMED,master/assets/items/armor/mu0000039_UNNAMED.webp,813bf1516893ea6fdda66db6bffeec4362040fc7,310
armor,mu0000040,헬몽크아머,master/assets/items/armor/mu0000040_헬몽크아머.webp,16cc3edd658e83eff630af5a427f7ecc002daeef,406
armor,mu0000041,홀리데이코트,master/assets/items/armor/mu0000041_홀리데이코트.webp,a03c8ec5ee97fdbade58cbfcaefa751a09dfd9ba,430
armor,mu0000043,수오미지폰,master/assets/items/armor/mu0000043_수오미지폰.webp,8bd479b0cd23a7142a595dd413f7729ae93ab6fd,302
armor,mu0000044,밀레스지폰,master/assets/items/armor/mu0000044_밀레스지폰.webp,13e677d91c8ed238b0f9d584958c41ae4f28219e,300
armor,mu0000045,뤼케시온지폰,master/assets/items/armor/mu0000045_뤼케시온지폰.webp,69817d32f1cdd89da4da51b39aa33d08c9d9ede4,284
armor,mu0000046,루어스지폰,master/assets/items/armor/mu0000046_루어스지폰.webp,10361f8bf8f8408ca2030d8787d8762554c94549,300
armor,mu0000047,수오미노미쉬레더,master/assets/items/armor/mu0000047_수오미노미쉬레더.webp,be1e0ae28e747f1c153e13fae78759d19176fc3c,396
armor,mu0000048,뤼케시온노미쉬레더,master/assets/items/armor/mu0000048_뤼케시온노미쉬레더.webp,a69db8552674b99af4e8649fedc86d9da8714063,376
armor,mu0000049,밀레스노미쉬레더,master/assets/items/armor/mu0000049_밀레스노미쉬레더.webp,ded0cc110b4f4e5e59a898c98b8a51077dd116a4,342
armor,mu0000050,루어스노미쉬레더,master/assets/items/armor/mu0000050_루어스노미쉬레더.webp,1ee6222a1aca72425f33b0750b66f359ed921dae,384
armor,mu0000051,수오미달마티카,master/assets/items/armor/mu0000051_수오미달마티카.webp,d582e6bae23bfa7de3a85cd9616b2b91372e2ad9,354
armor,mu0000052,뤼케시온달마티카,master/assets/items/armor/mu0000052_뤼케시온달마티카.webp,0b3e5c995f8a35aacfe37973a729840c29d79390,344
armor,mu0000053,밀레스달마티카,master/assets/items/armor/mu0000053_밀레스달마티카.webp,9c374f8cea96fefb0dd611dd48391fb339e2868d,334
armor,mu0000054,루어스달마티카,master/assets/items/armor/mu0000054_루어스달마티카.webp,b9b2d5b1c43f80110b0865f300a34f1ebe7331f5,320
armor,mu0000055,수오미레더로브,master/assets/items/armor/mu0000055_수오미레더로브.webp,bfb20215bf0ceb1ef68afc84dcb47acfafaf7c1d,266
armor,mu0000056,밀레스레더로브,master/assets/items/armor/mu0000056_밀레스레더로브.webp,cb63084829fa98bfc8e32b7dc26f4ef9a2d37844,238
armor,mu0000057,뤼케시온레더로브,master/assets/items/armor/mu0000057_뤼케시온레더로브.webp,2641a95616848d41ec808e41aa764757de262c2a,276
armor,mu0000058,루어스레더로브,master/assets/items/armor/mu0000058_루어스레더로브.webp,b4a6ba1e5d94c21d71e1d84fef87ea6a3bf8dc4b,306
armor,mu0000059,오렌가이아로럼,master/assets/items/armor/mu0000059_오렌가이아로럼.webp,1bf67d36d8f50dda6f6f9aa1a95f3781c4a62a67,280
armor,mu0000060,루어스단도복,master/assets/items/armor/mu0000060_루어스단도복.webp,d96abbbf95853a68d166ccd70016ea56d11e4dc5,262
armor,mu0000061,뤼케시온단도복,master/assets/items/armor/mu0000061_뤼케시온단도복.webp,dc9be151bf32b607f1dfcafa6f386aebd4254837,326
armor,mu0000062,수오미단도복,master/assets/items/armor/mu0000062_수오미단도복.webp,e3222cae20223bc0a2df25efb0401e318407c141,260
armor,mu0000063,수오미레더튜닉,master/assets/items/armor/mu0000063_수오미레더튜닉.webp,6cae7c923bdc85a53fcad6358b74a58574fe5955,262
armor,mu0000064,뤼케시온레더튜닉,master/assets/items/armor/mu0000064_뤼케시온레더튜닉.webp,40156e490e52c032c9ac1fc7579c3ad9aa1e483d,258
armor,mu0000065,루어스레더튜닉,master/assets/items/armor/mu0000065_루어스레더튜닉.webp,b4d919ae641d3d1820735d993e1e4e7e160d32e7,258
armor,mu0000066,밀레스레더튜닉,master/assets/items/armor/mu0000066_밀레스레더튜닉.webp,a473adc21c246813d49dd03a068e04740c0504bc,268
armor,mu0000067,수오미스카웃튜닉,master/assets/items/armor/mu0000067_수오미스카웃튜닉.webp,5f502125079c8450ea9fc16cae27c2a080e3e471,276
armor,mu0000068,밀레스스카웃튜닉,master/assets/items/armor/mu0000068_밀레스스카웃튜닉.webp,25a4308009f2fd8307a09aed3207b5f85dd21556,278
armor,mu0000069,뤼케시온스카웃튜닉,master/assets/items/armor/mu0000069_뤼케시온스카웃튜닉.webp,ccb02279a155ff52aa4f2593ddb0ed6f94d43e40,282
armor,mu0000070,루어스스카웃튜닉,master/assets/items/armor/mu0000070_루어스스카웃튜닉.webp,98a11509b497d53ca78f2b3990488d3d9431b142,270
armor,mu0000071,수오미후드로브,master/assets/items/armor/mu0000071_수오미후드로브.webp,601668f92e32723a5a0482368811b6618fbc1ae9,212
armor,mu0000072,뤼케시온후드로브,master/assets/items/armor/mu0000072_뤼케시온후드로브.webp,48d87493df6d74038b7573f22a684818298b99af,210
armor,mu0000073,밀레스후드로브,master/assets/items/armor/mu0000073_밀레스후드로브.webp,3df831066200c3e2e9a9ffbc59f6110b711bdc9f,182
armor,mu0000074,루어스후드로브,master/assets/items/armor/mu0000074_루어스후드로브.webp,e4298dba37b83e6dcf061b545ab252dda9c39b3d,210
armor,mu0000075,수오미셍즈,master/assets/items/armor/mu0000075_수오미셍즈.webp,deff61cc5d85058e5f9d5a892b2953ea5b225acf,282
armor,mu0000076,밀레스셍즈,master/assets/items/armor/mu0000076_밀레스셍즈.webp,93e263c0ddc34deed796774be71a27a2833c71b2,276
armor,mu0000077,뤼케시온셍즈,master/assets/items/armor/mu0000077_뤼케시온셍즈.webp,517750204d62a9dbb1bbd60b56e4dbbe4f101a46,284
armor,mu0000078,루어스셍즈,master/assets/items/armor/mu0000078_루어스셍즈.webp,f7d3095439d4f9ff77562c9b04e795a2c5ecfe4e,286
armor,mu0000079,수오미도복,master/assets/items/armor/mu0000079_수오미도복.webp,87c9b07289b0e6005204515fb2f217d89fa26199,224
armor,mu0000080,뤼케시온도복,master/assets/items/armor/mu0000080_뤼케시온도복.webp,c53e622b01af78f9cf1c5f7f78649eb49b685180,206
armor,mu0000081,루어스도복,master/assets/items/armor/mu0000081_루어스도복.webp,b622c267f48af12d2e816fff5cb690c35fe260a4,240
armor,mu0000082,밀레스도복,master/assets/items/armor/mu0000082_밀레스도복.webp,2aebe25c3ff4747acac5a26453e923953b55628b,208
armor,mu0000083,뤼케시온하프플레이트,master/assets/items/armor/mu0000083_뤼케시온하프플레이트.webp,62baf1747613eac8643367339fd18dfaedf9315d,138
armor,mu0000084,밀레스하프플레이트,master/assets/items/armor/mu0000084_밀레스하프플레이트.webp,b878b0e65e8b7b43bdd87445316e0673b5b525c4,126
armor,mu0000085,루어스하프플레이트,master/assets/items/armor/mu0000085_루어스하프플레이트.webp,2f2784d0cf42088f8cc8e1580a7ae6d744d39189,130
armor,mu0000086,수오미하프플레이트,master/assets/items/armor/mu0000086_수오미하프플레이트.webp,4d28c9d6e7b389faf14c00ed5392c81120472a0c,132
armor,mu0000087,수오미팔루텐,master/assets/items/armor/mu0000087_수오미팔루텐.webp,e51961cd9b3e749294d1d29ad818c6692fb1b463,332
armor,mu0000088,UNNAMED,master/assets/items/armor/mu0000088_UNNAMED.webp,bb561703057972ca7979fcbdf136156b317280bd,298
armor,mu0000089,UNNAMED,master/assets/items/armor/mu0000089_UNNAMED.webp,81375ceeb817dbca2c5d99cf8ddf993e3d1eebfb,306
armor,mu0000090,루어스팔루텐,master/assets/items/armor/mu0000090_루어스팔루텐.webp,b59ff52be1dbfcf2f87f371b95046062bdebe4f4,318
armor,mu0000091,수오미로럼,master/assets/items/armor/mu0000091_수오미로럼.webp,51dbdf83faa5c1cde13babca303543d4088d7f46,354
armor,mu0000092,뤼케시온로럼,master/assets/items/armor/mu0000092_뤼케시온로럼.webp,cb96be27bcab16576149d192bf2e84932fc39e49,292
armor,mu0000093,밀레스로럼,master/assets/items/armor/mu0000093_밀레스로럼.webp,6373b08fb518980d0eb5f169fdae5f2ef3e0de19,288
armor,mu0000094,루어스로럼,master/assets/items/armor/mu0000094_루어스로럼.webp,2eb3721580608108025d6299e225407edd4ba69d,322
armor,mu0000095,밀레스맨틀,master/assets/items/armor/mu0000095_밀레스맨틀.webp,07afc21fefc18a704636bd133160e8917583b8fd,330
armor,mu0000096,루어스맨틀,master/assets/items/armor/mu0000096_루어스맨틀.webp,30eff1f6290b9a58c831529d128269d0ec96f99b,344
armor,mu0000097,수오미맨틀,master/assets/items/armor/mu0000097_수오미맨틀.webp,98f250ab2c62ec0b3fbe3990521df2c3806c9090,342
armor,mu0000098,뤼케시온맨틀,master/assets/items/armor/mu0000098_뤼케시온맨틀.webp,c55d55bd8a38778f1266270493fadc116a31f592,360
armor,mu0000099,UNNAMED,master/assets/items/armor/mu0000099_UNNAMED.webp,34e4ee5d4451955219d89cee2f7e5c5248f21162,226
armor,mu0000100,밀레스천지도복,master/assets/items/armor/mu0000100_밀레스천지도복.webp,981045c54193a2732b8e01053bf6e066d16bc5f8,206
armor,mu0000101,뤼케시온천지도복,master/assets/items/armor/mu0000101_뤼케시온천지도복.webp,9475172bd768d4ce3473056acd8ac1c8c70532b2,222
armor,mu0000102,루어스천지도복,master/assets/items/armor/mu0000102_루어스천지도복.webp,bac90781c7007cc7a39fa6bf6adeb2ae561fef13,212
armor,mu0000103,스키복,master/assets/items/armor/mu0000103_스키복.webp,fd218ad9afd69fe9a054f551308741312f8f01c0,502
armor,mu0000104,펭귄옷,master/assets/items/armor/mu0000104_펭귄옷.webp,f32fee1cd0b4f03df06d0b47f7a5238c85c1c0e4,368
armor,mu0000106,비즈컨트,master/assets/items/armor/mu0000106_비즈컨트.webp,b776f54d1bb0cbd3c32e6c0058bb842bb2c5334b,334
armor,mu0000107,마퀴스,master/assets/items/armor/mu0000107_마퀴스.webp,adf40c4cc6bc4d81cff6e11887b683e498b2f229,434
armor,mu0000108,듀크,master/assets/items/armor/mu0000108_듀크.webp,d5f1b14c5369af32d75ddc1045dde168a9df9455,432
armor,mu0000109,바론,master/assets/items/armor/mu0000109_바론.webp,0faee06fe77425bba9a39b4f54ab46eab2925cab,392
armor,mu0000110,UNNAMED,master/assets/items/armor/mu0000110_UNNAMED.webp,cefd7a75112b5017ae8c687304417ef6405a72a9,276
armor,mu0000111,수오미가이아로럼,master/assets/items/armor/mu0000111_수오미가이아로럼.webp,4e37048daddfb6a6f1bfbf72cd7e5a045f58d01c,322
armor,mu0000112,뤼케시온가이아로럼,master/assets/items/armor/mu0000112_뤼케시온가이아로럼.webp,32b95d48d907339cb69592d08f7006de46655124,298
armor,mu0000113,루어스가이아로럼,master/assets/items/armor/mu0000113_루어스가이아로럼.webp,a2d01530b40cd06b7df319ee47ba78b19be7f15c,250
armor,mu0000114,밀레스가이아로럼,master/assets/items/armor/mu0000114_밀레스가이아로럼.webp,828557c23cecaa8f1e19247fdce31a560f6d57cf,288
armor,mu0000115,수오미위저드로브,master/assets/items/armor/mu0000115_수오미위저드로브.webp,5764fedfabaf814ef41f63b647398ce33eb39771,318
armor,mu0000116,뤼케시온위저드로브,master/assets/items/armor/mu0000116_뤼케시온위저드로브.webp,f22670a0e06997c2e409a7a32a24f5bd92429d7f,294
armor,mu0000117,루어스위저드로브,master/assets/items/armor/mu0000117_루어스위저드로브.webp,b77c2b350692d9a43a5f22818870ae1ba1dafdf6,312
armor,mu0000118,밀레스위저드로브,master/assets/items/armor/mu0000118_밀레스위저드로브.webp,daf6bd412c63633d5767939355a45692179ab8a5,332
armor,mu0000119,UNNAMED,master/assets/items/armor/mu0000119_UNNAMED.webp,c7e93a69cf1cb4cbce8d6fb2149715ef15915d2d,298
armor,mu0000120,UNNAMED,master/assets/items/armor/mu0000120_UNNAMED.webp,ff27809900cc17c115da864f6122b1117a66bcd4,280
armor,mu0000121,루어스선풍도복,master/assets/items/armor/mu0000121_루어스선풍도복.webp,67e2973a156a8848af6221dc8b69f0c5f92a40c4,312
armor,mu0000122,밀레스선풍도복,master/assets/items/armor/mu0000122_밀레스선풍도복.webp,0aeef6d91bcf93aca1aef2216e5b3bfe817d9bda,294
armor,mu0000123,수오미풀플레이트,master/assets/items/armor/mu0000123_수오미풀플레이트.webp,2ceb5cf3430b43ef9c7e313e4fc664d3727b7706,432
armor,mu0000124,뤼케시온풀플레이트,master/assets/items/armor/mu0000124_뤼케시온풀플레이트.webp,2bd7d3da4021530764aa064271c83a3546ee07c1,466
armor,mu0000125,루어스풀플레이트,master/assets/items/armor/mu0000125_루어스풀플레이트.webp,cef817f3385f78c0001722a91574ab36a38c59f8,426
armor,mu0000126,밀레스풀플레이트,master/assets/items/armor/mu0000126_밀레스풀플레이트.webp,e5e360d0e526d1e253a7d71bf41ab659ce8990f3,426
armor,mu0000127,수오미바르도클,master/assets/items/armor/mu0000127_수오미바르도클.webp,b26308e558d1876e5cbc203ccd8e4bdb42044d8c,238
armor,mu0000128,뤼케시온바르도클,master/assets/items/armor/mu0000128_뤼케시온바르도클.webp,81bdcc9aa6883e54f7becd397a3af6752db3f276,234
armor,mu0000129,루어스바르도클,master/assets/items/armor/mu0000129_루어스바르도클.webp,c3038ec130d32df8ad35c056f9109993b9db2d65,236
armor,mu0000130,밀레스바르도클,master/assets/items/armor/mu0000130_밀레스바르도클.webp,4ad87ab1431479d0734a50d08682c6531d9e5d9c,228
armor,mu0000131,수오미다크로럼,master/assets/items/armor/mu0000131_수오미다크로럼.webp,fa4319be137e5ca15a041c2dbebdb482a3758ad6,354
armor,mu0000132,뤼케시온다크로럼,master/assets/items/armor/mu0000132_뤼케시온다크로럼.webp,176f1f757cf3b8f2a18951422380104b35780800,322
armor,mu0000133,루어스다크로럼,master/assets/items/armor/mu0000133_루어스다크로럼.webp,edf8b46f3fa1c2e5e762e96e465e982f3e06e73a,350
armor,mu0000134,밀레스다크로럼,master/assets/items/armor/mu0000134_밀레스다크로럼.webp,f0f528774ab4e70e238543d1e63cbda18759430c,356
armor,mu0000135,수오미네크로브,master/assets/items/armor/mu0000135_수오미네크로브.webp,fbb3e45adeee5d576d30d4f6af3dfcbdf2f7a6a8,338
armor,mu0000136,뤼케시온네크로브,master/assets/items/armor/mu0000136_뤼케시온네크로브.webp,a2c5abc4356c6cfaa0516c0d98ad341733903697,332
armor,mu0000137,루어스네크로브,master/assets/items/armor/mu0000137_루어스네크로브.webp,1510ab5c720afb9c16317f4358eee4fc0ec73075,362
armor,mu0000138,밀레스네크로브,master/assets/items/armor/mu0000138_밀레스네크로브.webp,67867a345a963e9562d86a5e667785225bfc0e31,350
armor,mu0000139,수오미태산도복,master/assets/items/armor/mu0000139_수오미태산도복.webp,44c2ace04a6b7d0e99dfc03251c9550281509f7c,268
armor,mu0000140,UNNAMED,master/assets/items/armor/mu0000140_UNNAMED.webp,db2051fa49d0db5addbca93d8a4fb0d17ac185be,302
armor,mu0000141,뤼케시온태산도복,master/assets/items/armor/mu0000141_뤼케시온태산도복.webp,f106bf8f57ff3d122acaedd3655edc1b2af2d965,292
armor,mu0000142,UNNAMED,master/assets/items/armor/mu0000142_UNNAMED.webp,c2f3455490630bb72f8d8252eaa0922dc684bb27,288
armor,mu0000143,수오미체인메일,master/assets/items/armor/mu0000143_수오미체인메일.webp,2cb66b062b03c271db0e77d38cd8383116a3bbce,274
armor,mu0000144,뤼케시온체인메일,master/assets/items/armor/mu0000144_뤼케시온체인메일.webp,cbcba8dea231ff2e4cb90b849ad26b04a6333941,258
armor,mu0000145,루어스체인메일,master/assets/items/armor/mu0000145_루어스체인메일.webp,479c005faaa1bdddaf87519f04d9ccab271bbf9d,288
armor,mu0000146,밀레스체인메일,master/assets/items/armor/mu0000146_밀레스체인메일.webp,64b1077218cc586ea296bacde66bac0db1082af0,324
armor,mu0000147,수오미키톤,master/assets/items/armor/mu0000147_수오미키톤.webp,f9c0c9142a8b10228b73f7c52b0cd1dab2c3a680,314
armor,mu0000148,뤼케시온키톤,master/assets/items/armor/mu0000148_뤼케시온키톤.webp,f462898b29c20b15ecf0fa4290fc46da3af49b52,270
armor,mu0000149,루어스키톤,master/assets/items/armor/mu0000149_루어스키톤.webp,a654a7db3d15740b1201d4b47799baa3f30496f9,268
armor,mu0000150,UNNAMED,master/assets/items/armor/mu0000150_UNNAMED.webp,cefd7a75112b5017ae8c687304417ef6405a72a9,276
armor,mu0000151,아벨길드코트,master/assets/items/armor/mu0000151_아벨길드코트.webp,da3eb630ca5ac73086df3b18983f635779accfaf,504
armor,mu0000152,뤼케시온길드코트,master/assets/items/armor/mu0000152_뤼케시온길드코트.webp,1fc2960ab120e31c6aeb60eb3827fb724dd768c9,510
armor,mu0000153,밀레스길드코트,master/assets/items/armor/mu0000153_밀레스길드코트.webp,402499fa506fde40f901c6c044537bf5bead9fd4,518
armor,mu0000154,루어스길드코트,master/assets/items/armor/mu0000154_루어스길드코트.webp,18e00a9143a234ba0f8fc40713fbd8838d7b3df8,518
armor,mu0000155,수오미길드코트,master/assets/items/armor/mu0000155_수오미길드코트.webp,764b498a3ac886dcf201f694340fec90950db83d,518
armor,mu0000156,세인트후드,master/assets/items/armor/mu0000156_세인트후드.webp,2cf6fcc9c8e7c5862fc7f23f6e0c0681e5a08c32,442
armor,mu0000157,마스터아머,master/assets/items/armor/mu0000157_마스터아머.webp,16f4e29574ec3c5de36a2c256bf6b2721574719e,410
armor,mu0000158,무상도복,master/assets/items/armor/mu0000158_무상도복.webp,59cf37531932f7d82567601270e1fff82b4b08a1,308
armor,mu0000159,스카우트아머,master/assets/items/armor/mu0000159_스카우트아머.webp,a34f39ffcb086f672f7c393d247538e0f8933ada,326
armor,mu0000160,다크후드,master/assets/items/armor/mu0000160_다크후드.webp,49f0491cf36cc9fc901dd04589aeec1896934107,390
armor,mu0000161,UNNAMED,master/assets/items/armor/mu0000161_UNNAMED.webp,6bcf8f47a550b24c513de0bc2105a66ec0ed3480,484
armor,mu0000162,UNNAMED,master/assets/items/armor/mu0000162_UNNAMED.webp,111cfa33c77ea0e89c2930cf116c09d207e996cc,494
armor,mu0000163,UNNAMED,master/assets/items/armor/mu0000163_UNNAMED.webp,103dd615cdccbafbea0d3528d85fa67854286a4e,508
armor,mu0000164,UNNAMED,master/assets/items/armor/mu0000164_UNNAMED.webp,201d07e7772c2af4c1f13c6f270f3e2484d7f51c,446
armor,mu0000165,UNNAMED,master/assets/items/armor/mu0000165_UNNAMED.webp,02329ca9fc3646bbaed35b180a5defccb6c3853d,112
armor,mu0000166,사각수영복,master/assets/items/armor/mu0000166_사각수영복.webp,7bd67286f521d623822ea601c71822c9db6b084a,198
armor,mu0000167,튜브,master/assets/items/armor/mu0000167_튜브.webp,c6872aa0902f31f404121241acca9fe23859b2ef,274
armor,mu0000168,토파즈슈트,master/assets/items/armor/mu0000168_토파즈슈트.webp,fee2025a0d605700ca02ff58ec3c9e6656cb9dd7,520
armor,mu0000173,UNNAMED,master/assets/items/armor/mu0000173_UNNAMED.webp,7100b3500385ed72476ca5e90e4b32a390814ad9,252
armor,mu0000174,데메테르,master/assets/items/armor/mu0000174_데메테르.webp,dc9f4aaafbc565cb2197a4bfb87484995ad0361c,562
armor,mu0000175,레오파드,master/assets/items/armor/mu0000175_레오파드.webp,f23ec5af6d792ed0c8237194a4e8b6ffcc21aceb,600
armor,mu0000176,위타천,master/assets/items/armor/mu0000176_위타천.webp,d2f8d3a263d744cd03787fd5b3febfdb94629bd0,602
armor,mu0000177,아비스,master/assets/items/armor/mu0000177_아비스.webp,3bed725e71f427c6b013115a9d2e053e40665851,652
armor,mu0000178,솔라레스,master/assets/items/armor/mu0000178_솔라레스.webp,94a1476595a34073809f591f3dc061d2d33e07c4,556
armor,mu0000179,데메테르,master/assets/items/armor/mu0000179_데메테르.webp,95309fb2ff716595a3a393ed0b6202e493a7e7bb,578
armor,mu0000180,레오파드,master/assets/items/armor/mu0000180_레오파드.webp,138a8393fa59c86bdf0e8b9e297a2bcf02ee061a,610
armor,mu0000181,위타천,master/assets/items/armor/mu0000181_위타천.webp,998db66d8de21b8eff76d9188719952afc45b3dd,652
armor,mu0000182,아비스,master/assets/items/armor/mu0000182_아비스.webp,efa7b7042d10df1b2d0ac4a4b79deae6c734ad4f,666
armor,mu0000183,솔라레스,master/assets/items/armor/mu0000183_솔라레스.webp,72c33e232132cf6b2c27329b8a227e7dee371e16,574
armor,mu0000188,킬트,master/assets/items/armor/mu0000188_킬트.webp,311d33c95f3f1bf545768a3811bcd5b0535ca544,500
armor,mu0000189,로톤로더,master/assets/items/armor/mu0000189_로톤로더.webp,a0c99e4fb2dd39ede3d7beab3576e2c1bab0ae0f,496
armor,mu0000190,타고르로더,master/assets/items/armor/mu0000190_타고르로더.webp,62ca1857d38b5be0823d505e0bcba7ec09da1ae6,496
armor,mu0000191,트레이닝슈트,master/assets/items/armor/mu0000191_트레이닝슈트.webp,11d7074665014761fd51d5e9866895e40b4ca677,374
armor,mu0000192,라이더복-연갈색,master/assets/items/armor/mu0000192_라이더복-연갈색.webp,e5ae712b63e41e005fccb8edb9d6330e049e288a,408
armor,mu0000193,라이더복-하늘색,master/assets/items/armor/mu0000193_라이더복-하늘색.webp,5a5ad194700681adeabbd7566e65bffde6ed535a,404
armor,mu0000194,라이더복-연두색,master/assets/items/armor/mu0000194_라이더복-연두색.webp,3f4671a59d9479326313085d6709a609c8a9ed95,396
armor,mu0000195,라이더복-연빨강,master/assets/items/armor/mu0000195_라이더복-연빨강.webp,3ceda8c900560cbf5665e1f5c738f04519fede5b,398
armor,mu0000196,라이더복-연보라,master/assets/items/armor/mu0000196_라이더복-연보라.webp,6566a8262ebb883b6a57760f18b096b34b9283b7,408
armor,mu0000200,밀레스홀리데이코트,master/assets/items/armor/mu0000200_밀레스홀리데이코트.webp,bb0a339af162b9a32c3704876d3bb9a4212c4f76,434
armor,mu0000201,아벨홀리데이코트,master/assets/items/armor/mu0000201_아벨홀리데이코트.webp,f0a867d4830b89ad95c53088e05d4ddbf11e7dca,460
armor,mu0000202,루어스홀리데이코트,master/assets/items/armor/mu0000202_루어스홀리데이코트.webp,c1f310ed56176bf01b61b3ac78157bff24b23eea,500
armor,mu0000203,수오미홀리데이코트,master/assets/items/armor/mu0000203_수오미홀리데이코트.webp,b03851c694d1da71a9d72519481d8448fcb962b9,410
armor,mu0000204,죽마전사옷,master/assets/items/armor/mu0000204_죽마전사옷.webp,0d6882aa33daa41b53a4983fdce778398cf4a530,196
armor,mu0000206,듈라한의상(남),master/assets/items/armor/mu0000206_듈라한의상(남).webp,75de92347ce1946807011dde499d9c21ffe75031,392
armor,mu0000208,마법좀비의상,master/assets/items/armor/mu0000208_마법좀비의상.webp,5df8e4bfa6674576fbcfb6dfebe3324f23ae37cb,218
armor,mu0000210,다크클레릭의상,master/assets/items/armor/mu0000210_다크클레릭의상.webp,f1cc8323376a2357242ca4c66caa2d4b96599a1c,294
armor,mu0000212,워어렛의상,master/assets/items/armor/mu0000212_워어렛의상.webp,1fb78547df944ef98c1d1c053bc495b8dc665edc,294
armor,mu0000214,남화가옷,master/assets/items/armor/mu0000214_남화가옷.webp,e5dbd280786ba646b0977ce9aa071c4d5638bbf4,408
armor,mu0000216,남성정장,master/assets/items/armor/mu0000216_남성정장.webp,6282b640d47a22e8532b450000cd62d4fffb64e3,266
armor,mu0000218,음유시인의옷,master/assets/items/armor/mu0000218_음유시인의옷.webp,bd7208642eb0d7b10e79cb4695d086229b0a141a,326
armor,mu0000220,지식인의옷,master/assets/items/armor/mu0000220_지식인의옷.webp,9ff12b6499a8d328f8217386d60f3c264ac6d62b,458
armor,mu0000222,현자의상,master/assets/items/armor/mu0000222_현자의상.webp,52cc8253964a7d557f0f8db4a18867004ada3536,310
armor,mu0000223,멜란,master/assets/items/armor/mu0000223_멜란.webp,5da1fee6ce5813037123536076d4551f7dd8a87e,532
armor,mu0000224,호엔로더,master/assets/items/armor/mu0000224_호엔로더.webp,9e64ad2b67b5de5c87c390d5101eade7c5c4cc2c,476
armor,mu0000225,운디네로더,master/assets/items/armor/mu0000225_운디네로더.webp,7a8b274f1ba3124c476d627038e4cf855ee0f073,508
armor,mu0000226,홀리루딘로더,master/assets/items/armor/mu0000226_홀리루딘로더.webp,92960da1c7b41fc66abea36967b8b54896c13e5e,552
armor,mu0000227,수오미멜란,master/assets/items/armor/mu0000227_수오미멜란.webp,06ae33895d36f03a73f76a1c96603ecb67d9e07c,508
armor,mu0000228,뤼케시온멜란,master/assets/items/armor/mu0000228_뤼케시온멜란.webp,02df32ad258e24154c82fdfc9471a49a5f0155ab,528
armor,mu0000229,루어스멜란,master/assets/items/armor/mu0000229_루어스멜란.webp,b208de4be8cd37379353028b204a82c0285a4b17,496
armor,mu0000230,오렌천지도복,master/assets/items/armor/mu0000230_오렌천지도복.webp,f5b945e6086a182a584dd1d70cdf0a7b2739fc35,256
armor,mu0000231,오렌도복,master/assets/items/armor/mu0000231_오렌도복.webp,925f67e992f343d9694f740711acb959b224d53c,362
armor,mu0000232,UNNAMED,master/assets/items/armor/mu0000232_UNNAMED.webp,a6012bb72cc6f1f55d2117ed1b0d949c3f83966e,320
armor,mu0000233,UNNAMED,master/assets/items/armor/mu0000233_UNNAMED.webp,9207c2f456d4c7aaa3a4685d27e8b031e1c0dd52,274
armor,mu0000234,오렌선풍도복,master/assets/items/armor/mu0000234_오렌선풍도복.webp,51df2546574b0898c8de3fcd03d29402d0127e9f,320
armor,mu0000235,오렌태산도복,master/assets/items/armor/mu0000235_오렌태산도복.webp,8053f72d4402ea91b0e25862d50788d07a01f06c,402
armor,mu0000236,오렌셍즈,master/assets/items/armor/mu0000236_오렌셍즈.webp,fde12990fb700aa01a44971d368045e789855254,340
armor,mu0000237,오렌레더로브,master/assets/items/armor/mu0000237_오렌레더로브.webp,da41394a815e71e877b24e8744722bf65447aff4,372
armor,mu0000238,오렌맨틀,master/assets/items/armor/mu0000238_오렌맨틀.webp,2a9e0f79b6066fbfab696b8155000b7eef6b9aa0,412
armor,mu0000239,오렌위저드로브,master/assets/items/armor/mu0000239_오렌위저드로브.webp,bf6d670e16c7236617e3e8ebc2046110f87be7e6,396
armor,mu0000240,오렌네크로브,master/assets/items/armor/mu0000240_오렌네크로브.webp,28a85d8f8f674eb4d14497d9a123f8d7861fc01e,482
armor,mu0000241,오렌스카웃튜닉,master/assets/items/armor/mu0000241_오렌스카웃튜닉.webp,0a9fa1281a3b24d558539919d288609311e7b91b,284
armor,mu0000242,오렌노미쉬레더,master/assets/items/armor/mu0000242_오렌노미쉬레더.webp,e6f779013633f8daafd3fb6b3274b31fe86eafd4,336
armor,mu0000243,오렌팔루텐,master/assets/items/armor/mu0000243_오렌팔루텐.webp,05165b9a356f4a1f44a6e0731c3acb1352fe39e2,406
armor,mu0000244,UNNAMED,master/assets/items/armor/mu0000244_UNNAMED.webp,7214e11b797491cdd086b3af90fbf034b9ef6000,360
armor,mu0000245,오렌바르도클,master/assets/items/armor/mu0000245_오렌바르도클.webp,daca9d999d4ae6319b0235d581c0168d1aa5a85f,336
armor,mu0000246,오렌레더튜닉,master/assets/items/armor/mu0000246_오렌레더튜닉.webp,9e15aeef1ea838f13114fe9954c5f092534f63f4,300
armor,mu0000247,오렌카스뮴아머,master/assets/items/armor/mu0000247_오렌카스뮴아머.webp,5f72caabd61ec72a34f30f86cf57181bf0b9652b,544
armor,mu0000248,UNNAMED,master/assets/items/armor/mu0000248_UNNAMED.webp,411ea2db72d4eb294e4a69e24f7adad73da0172a,204
armor,mu0000249,오렌이프리트메일,master/assets/items/armor/mu0000249_오렌이프리트메일.webp,9213cdaef9b212a39d569f03d93ff4ec129488a6,506
armor,mu0000250,실버플레이트,master/assets/items/armor/mu0000250_실버플레이트.webp,6c40fe7a4f8efb113d7fd44cfc549f5da6b8e3ba,542
armor,mu0000251,오렌후드로브,master/assets/items/armor/mu0000251_오렌후드로브.webp,22f2ee41513e3ba7f005e333244170c4eeac3229,292
armor,mu0000252,오렌달마티카,master/assets/items/armor/mu0000252_오렌달마티카.webp,f9c63c55f74fc116b835d50c4778be755c58c2d7,388
armor,mu0000253,UNNAMED,master/assets/items/armor/mu0000253_UNNAMED.webp,66b29a7fd3785ff72ec3778de98a5073ce887107,442
armor,mu0000254,UNNAMED,master/assets/items/armor/mu0000254_UNNAMED.webp,8ec59e7ce2a34eccb083976c0122e98bbf081a56,444
armor,mu0000255,오렌로럼,master/assets/items/armor/mu0000255_오렌로럼.webp,4eea8e8993ca65637789bd2f8b8fcd8a92a3a8b6,466
armor,mu0000256,터틀,master/assets/items/armor/mu0000256_터틀.webp,abbca7b0fb0ed6feb9c75c3a7883b19ea635214e,820
armor,mu0000257,뤼케시온홀리데이코트,master/assets/items/armor/mu0000257_뤼케시온홀리데이코트.webp,d0175d8d55b1968a879a78c87b3f35ea92687990,476
armor,mu0000258,운디네홀리데이코트,master/assets/items/armor/mu0000258_운디네홀리데이코트.webp,36ed3e7b7ecdc69de2a70369d627f2e97502dee5,484
armor,mu0000259,오렌홀리데이코트,master/assets/items/armor/mu0000259_오렌홀리데이코트.webp,d1b8de4434f727e34303ea03b14569620f01ed10,488
armor,mu0000260,바다해적의옷,master/assets/items/armor/mu0000260_바다해적의옷.webp,8ad4550b55a1017b327b3bfd07939f3eeb788845,504
armor,mu0000261,해적옷,master/assets/items/armor/mu0000261_해적옷.webp,a87f78b585bcd3f35bcca1ae6e39e9ad51462c6b,422
armor,mu0000262,축구심판복,master/assets/items/armor/mu0000262_축구심판복.webp,2485bdc4f7858f07e0af5c5eb2cbea620366b093,210
armor,mu0000263,한국축구복,master/assets/items/armor/mu0000263_한국축구복.webp,84e97ffdc110f44c3bf4c090b4c3342afac50b6e,276
armor,mu0000264,일본축구복,master/assets/items/armor/mu0000264_일본축구복.webp,7a0acbc150be7da9b08eb033676c042e516a44c3,276
armor,mu0000265,나모,master/assets/items/armor/mu0000265_나모.webp,728a879898cf2c45ec1ac862515f9c930bcdef67,328
armor,mu0000266,린드,master/assets/items/armor/mu0000266_린드.webp,4dcd72677df969a74f2855b93b52fddb72a48560,522
armor,mu0000267,루스코,master/assets/items/armor/mu0000267_루스코.webp,864a6b81cbee50a19f794b10bf28fad7bd66a9cf,514
armor,mu0000268,카리온,master/assets/items/armor/mu0000268_카리온.webp,3b2ccd503dfe1211dcbaaabd649981e5de476a53,408
armor,mu0000269,라리타,master/assets/items/armor/mu0000269_라리타.webp,df4c709cefb426dc9eba330848dcacf327307d90,484
armor,mu0000270,나모(A),master/assets/items/armor/mu0000270_나모(A).webp,ae1b42d89759bf3966f7ab512191b221c5577149,350
armor,mu0000271,UNNAMED,master/assets/items/armor/mu0000271_UNNAMED.webp,9f0c7a7b154cf3dcfac34fead413ccddbf83aa8f,310
armor,mu0000272,나모(+2),master/assets/items/armor/mu0000272_나모(+2).webp,869a385de94970618a44021d075222a82ca6afab,340
armor,mu0000273,나모(+1),master/assets/items/armor/mu0000273_나모(+1).webp,4fec4db5bf9785cdd37b431a00868b03057cfbb0,348
armor,mu0000274,UNNAMED,master/assets/items/armor/mu0000274_UNNAMED.webp,0de2542e57a718c92a4464f766e7b0efc0eb25a7,532
armor,mu0000275,린드(+2),master/assets/items/armor/mu0000275_린드(+2).webp,b1f925042160e7ecb969d39f0efbd247988285da,540
armor,mu0000276,UNNAMED,master/assets/items/armor/mu0000276_UNNAMED.webp,5b1ac32a353c1a68719e3d7213083fbd09dd2172,530
armor,mu0000277,UNNAMED,master/assets/items/armor/mu0000277_UNNAMED.webp,e2b36d8dd618728bebdd55c0dd014684b1ef08b5,494
armor,mu0000278,UNNAMED,master/assets/items/armor/mu0000278_UNNAMED.webp,819de219d6502d55cb66cfb3b9c126bb0fef5822,528
armor,mu0000279,루스코(+1),master/assets/items/armor/mu0000279_루스코(+1).webp,5993ebe6b07f56ef70ed9d30def64f1b5e831d98,532
armor,mu0000280,루스코(+2),master/assets/items/armor/mu0000280_루스코(+2).webp,924c0489499a64d80c90f2c0bd094e17432435d8,530
armor,mu0000281,루스코(A),master/assets/items/armor/mu0000281_루스코(A).webp,0f2f27414b96fd95cc8fa493deb27d1debc7358b,526
armor,mu0000282,카리온(+2),master/assets/items/armor/mu0000282_카리온(+2).webp,4220729a725563296efc1a13e317b4161a18f3ff,414
armor,mu0000283,UNNAMED,master/assets/items/armor/mu0000283_UNNAMED.webp,fb92bca1a811d7445057e6d25de2869e282c02a8,334
armor,mu0000284,카리온(A),master/assets/items/armor/mu0000284_카리온(A).webp,ea5ebd95f57ea9b07b05134f5c13ed3efec1f71b,396
armor,mu0000285,카리온(+1),master/assets/items/armor/mu0000285_카리온(+1).webp,df2a77918be27f5ca38920ed21e19dde319437c0,408
armor,mu0000286,라리타(A),master/assets/items/armor/mu0000286_라리타(A).webp,5c2bbd51f8459ed97b6bab7f92ff2a876f25472f,500
armor,mu0000287,라리타(+1),master/assets/items/armor/mu0000287_라리타(+1).webp,94a1d2a290daa4b839b4fa1819adb17e7262d4bb,472
armor,mu0000288,UNNAMED,master/assets/items/armor/mu0000288_UNNAMED.webp,d781a1e11fd6fa0fedf7029f0dbc51fc06292165,474
armor,mu0000289,라리타(+2),master/assets/items/armor/mu0000289_라리타(+2).webp,697b0eed8bbc8fb9eeb335cfacdb21c8e7d001ff,484
armor,mu0000290,맨티스의상,master/assets/items/armor/mu0000290_맨티스의상.webp,d508d7070969ac3717efcbd5dfd51e352d86fdd2,566
armor,mu0000291,소론(+2),master/assets/items/armor/mu0000291_소론(+2).webp,be3581ada678446594e13e12fd908140bcc504e8,368
armor,mu0000292,야이나(+3),master/assets/items/armor/mu0000292_야이나(+3).webp,47e5a0f3612fabf8cedcb37622e94879ba994077,504
armor,mu0000293,카노,master/assets/items/armor/mu0000293_카노.webp,95835fceeb72d9d5b3ab4beb5c67b7b613f06772,544
armor,mu0000294,타르실(+2),master/assets/items/armor/mu0000294_타르실(+2).webp,20dc1bff1c9b745b6dde821d4bcbce0cd19dc2bb,460
armor,mu0000295,알쿠아,master/assets/items/armor/mu0000295_알쿠아.webp,c947993c68dcca8aaf1a1eee0e7902c9a561fa8a,416
armor,mu0000296,야이나(+1),master/assets/items/armor/mu0000296_야이나(+1).webp,a1da50f11accd96f1ee4909106bd8d339a3c7ac9,534
armor,mu0000297,야이나,master/assets/items/armor/mu0000297_야이나.webp,ec2f4a5c5a68be4cea703e5c2263ebe47f3d680c,554
armor,mu0000298,UNNAMED,master/assets/items/armor/mu0000298_UNNAMED.webp,5d4a7ebd2c480c4702d12be3d4df4ee4d490f9e3,474
armor,mu0000299,야이나(+2),master/assets/items/armor/mu0000299_야이나(+2).webp,6d3c64cb5f4b52460e7116c9cb08824882510bdc,518
armor,mu0000300,타르실,master/assets/items/armor/mu0000300_타르실.webp,53599d043176f7886632839beb92822ea1e30d4e,484
armor,mu0000301,UNNAMED,master/assets/items/armor/mu0000301_UNNAMED.webp,75f0d6f0580471d262eb6dab8f578de7c861b724,442
armor,mu0000302,타르실(+1),master/assets/items/armor/mu0000302_타르실(+1).webp,3744669d119db5ca24ff63a1f3b046fad3d73756,462
armor,mu0000303,타르실(+3),master/assets/items/armor/mu0000303_타르실(+3).webp,5656161c5175e0d55609c5c8ed5fd0bb81d565e2,482
armor,mu0000304,소론(+1),master/assets/items/armor/mu0000304_소론(+1).webp,1cf1275ef1ecac50b121904accbb36a747aa5cb9,382
armor,mu0000305,소론,master/assets/items/armor/mu0000305_소론.webp,9833fdda25ed879aac0cc216b15955d270738a0b,384
armor,mu0000306,UNNAMED,master/assets/items/armor/mu0000306_UNNAMED.webp,11e00c9a144c17741b422912e1bb172baec56b07,366
armor,mu0000307,소론(+3),master/assets/items/armor/mu0000307_소론(+3).webp,f6ea1a5f3ff558ebe829bf023701141921c7ab2d,362
armor,mu0000308,카노(+2),master/assets/items/armor/mu0000308_카노(+2).webp,da310f96efbf1ee735c4be06dcc2141521726d5a,528
armor,mu0000309,카노(+1),master/assets/items/armor/mu0000309_카노(+1).webp,7a0eb27cf11afdfd4a22d9f0620be54ec5c1f918,514
armor,mu0000310,카노(+3),master/assets/items/armor/mu0000310_카노(+3).webp,1652fdd5b335e3d98b4293a1dca8e1f92032b3ee,496
armor,mu0000311,UNNAMED,master/assets/items/armor/mu0000311_UNNAMED.webp,60ee9eb6ce522fa16b432a46cb36011853147ae1,530
armor,mu0000312,알쿠아(+3),master/assets/items/armor/mu0000312_알쿠아(+3).webp,573b57e4cd36ec2643be5f52329626c995651a99,468
armor,mu0000313,알쿠아(+1),master/assets/items/armor/mu0000313_알쿠아(+1).webp,10269cfdc715c1ea9224ef0db04f67c25269efec,444
armor,mu0000314,UNNAMED,master/assets/items/armor/mu0000314_UNNAMED.webp,6339edd32d3f0fc0ecb3b442b134d039ec4d2b6f,456
armor,mu0000315,알쿠아(+2),master/assets/items/armor/mu0000315_알쿠아(+2).webp,54c134dc2039ee79d6cb887c81000dc718421d3e,444
armor,mu0000316,녹색트렁크,master/assets/items/armor/mu0000316_녹색트렁크.webp,2b4367f2938242b6cbb0072ef70b1e748882a5a6,182
armor,mu0000317,자주색트렁크,master/assets/items/armor/mu0000317_자주색트렁크.webp,8714ab2ce16df1561d03fe1b6f2c9cdcec717a28,212
armor,mu0000318,노란튜브,master/assets/items/armor/mu0000318_노란튜브.webp,9cf1462665cc9abfdb55012cbfcc16270a4b86f8,260
armor,mu0000319,회색튜브,master/assets/items/armor/mu0000319_회색튜브.webp,6ac3ee3bd302b440360bc5903541ec8875526f27,228
armor,mu0000320,전파펭귄옷,master/assets/items/armor/mu0000320_전파펭귄옷.webp,379a594f764c609b2cb621a5f5472965c0175db5,532
armor,mu0000321,남자산타코스튬,master/assets/items/armor/mu0000321_남자산타코스튬.webp,10cb99e37223202f6386db08252452edaef1300e,408
armor,mu0000322,적비류선의(남),master/assets/items/armor/mu0000322_적비류선의(남).webp,855ccbc61c62f1cb3371856d4d657b7ba0a4bcbc,578
armor,mu0000323,흑비류선의(남),master/assets/items/armor/mu0000323_흑비류선의(남).webp,2270e76ea50fd9eb1d8c123fff44950e716e4805,576
armor,mu0000324,적비화후의(남),master/assets/items/armor/mu0000324_적비화후의(남).webp,34335c5a49083bc2f60e3c098b0fcd9b1211e579,684
armor,mu0000325,흑비화후의(남),master/assets/items/armor/mu0000325_흑비화후의(남).webp,967f6107e5a0944b710394a62a22fb93f3464ed9,616
armor,mu0000326,적태극의(남),master/assets/items/armor/mu0000326_적태극의(남).webp,e0c72a05d284c205d5555d8c1d591f05194686fb,398
armor,mu0000327,흑태극의(남),master/assets/items/armor/mu0000327_흑태극의(남).webp,e1ac266fe293a7b049c51ab6f1024e92087b194c,364
armor,mu0000328,적비화무갑주(남),master/assets/items/armor/mu0000328_적비화무갑주(남).webp,e8e314f0babf214371ca5b8727f4557638e25ea6,504
armor,mu0000329,흑비화무갑주(남),master/assets/items/armor/mu0000329_흑비화무갑주(남).webp,5a377f6959ddf622d177f17438aca150c798c4ce,430
armor,mu0000330,적비현진의(남),master/assets/items/armor/mu0000330_적비현진의(남).webp,ba24129b9809217a0e8ff7b314d3e392f417af1e,648
armor,mu0000331,흑비현진의(남),master/assets/items/armor/mu0000331_흑비현진의(남).webp,7ea9c64bdc07e69003d9d712cc94ea4e73b665a7,556
armor,mu0000332,남자하와이안의상,master/assets/items/armor/mu0000332_남자하와이안의상.webp,718dda6d1dc2192ecf88dc5d4cd6bacc89722d45,442
armor,mu0000333,엘리스토끼의상,master/assets/items/armor/mu0000333_엘리스토끼의상.webp,4893a7564d7d5955a0789d9118e349125cc5d24e,482
armor,mu0000334,로열가드복(직자),master/assets/items/armor/mu0000334_로열가드복(직자).webp,db799884bd9d6c575a4a6c1eb5591c1928fded02,564
armor,mu0000335,로열가드복(전사),master/assets/items/armor/mu0000335_로열가드복(전사).webp,82ddc0071f299f78b5a0102c93173b80b31a1549,544
armor,mu0000336,로열가드복(도가),master/assets/items/armor/mu0000336_로열가드복(도가).webp,0561cc0f833c6b373abbf9e2ff3ab83f84ee70f0,422
armor,mu0000337,로열가드복(도적),master/assets/items/armor/mu0000337_로열가드복(도적).webp,f755499467d0850e0d89cb234d16cf8757352b67,556
armor,mu0000338,로열가드복(법사),master/assets/items/armor/mu0000338_로열가드복(법사).webp,a082c3afde3d1f171e1fae282fc3e3dceeb5b66a,542
armor,mu0000339,러브핑크홀리데이코트,master/assets/items/armor/mu0000339_러브핑크홀리데이코트.webp,5352a9b607d76bd4bcf44b720e3113cda8d4c1e4,502
armor,mu0000340,정글회색옷,master/assets/items/armor/mu0000340_정글회색옷.webp,7c6efeb4cb7dd43a423408d076758f7ddfe002ee,482
armor,mu0000341,정글수풀옷(남),master/assets/items/armor/mu0000341_정글수풀옷(남).webp,ebb64d44ed2a0021b32ab8d5eb740e52a35cf447,330
armor,mu0000342,마인로더,master/assets/items/armor/mu0000342_마인로더.webp,9d668d86b9886582b17ab22b0c304107a8d254a9,434
armor,mu0000343,아벨로더,master/assets/items/armor/mu0000343_아벨로더.webp,a550e042d199dfa87b61724b4df12297ac82ce0a,430
armor,mu0000344,피에트로더,master/assets/items/armor/mu0000344_피에트로더.webp,b5048380d976ffd4768e15c9b6b752497f95e5a4,466
armor,mu0000345,UNNAMED,master/assets/items/armor/mu0000345_UNNAMED.webp,347f43130e8013453e4d567dbf4b8f4e27615ab9,460
armor,mu0000346,UNNAMED,master/assets/items/armor/mu0000346_UNNAMED.webp,bb800d73a2d1498bf98158e55b1f9b4eb820627c,488
armor,mu0000347,UNNAMED,master/assets/items/armor/mu0000347_UNNAMED.webp,188d16d602abb91fe2c3c53d1f7104e38be8a6f1,504
armor,mu0000348,세인트후드,master/assets/items/armor/mu0000348_세인트후드.webp,777426526d95aad4d13d9362ead2b7c3850bee70,522
armor,mu0000349,UNNAMED,master/assets/items/armor/mu0000349_UNNAMED.webp,faf3d288c35b26089759f6d496bcaca675db3d7b,388
armor,mu0000350,무상도복,master/assets/items/armor/mu0000350_무상도복.webp,865a3f7f8d65576c1c0195aad34f0c7dc47b6b52,404
armor,mu0000351,스카우트아머,master/assets/items/armor/mu0000351_스카우트아머.webp,7cb3b1c9a3a223ad5b2d91eb12bffcdf9d7b8fa3,340
armor,mu0000352,다크후드,master/assets/items/armor/mu0000352_다크후드.webp,0bb2e3ad7d550cfe322d07f9aa6f1666cacced7f,614
armor,mu0000353,그린혼남자교복,master/assets/items/armor/mu0000353_그린혼남자교복.webp,5269bbdec8589a66ba683b2c795904f036759705,270
armor,mu0000354,UNNAMED,master/assets/items/armor/mu0000354_UNNAMED.webp,65f13f12f545fc877f0529161e2a704ecbe99555,386
armor,mu0000355,UNNAMED,master/assets/items/armor/mu0000355_UNNAMED.webp,f4e7523a5ecdda2f2bb64f5bb23a9a8685b35d5b,390
armor,mu0000356,UNNAMED,master/assets/items/armor/mu0000356_UNNAMED.webp,768d1e2a8086c1d10abeb8f66975034924e91fe6,382
armor,mu0000357,UNNAMED,master/assets/items/armor/mu0000357_UNNAMED.webp,0942a2f3b580f9f77289427963f89e1ff8cb4136,366
armor,mu0000358,UNNAMED,master/assets/items/armor/mu0000358_UNNAMED.webp,ad9ce9af2434c028da6fc59438d35de79ea9ab8f,384
armor,mu0000359,UNNAMED,master/assets/items/armor/mu0000359_UNNAMED.webp,e438f7d19e6be833624b3be8eb7a10fb65c8ff68,406
armor,mu0000360,@@미구현,master/assets/items/armor/mu0000360_@@미구현.webp,dadf60c7d7498a70f18c9f720a409e35e1ce125a,536
armor,mu0000361,@@미구현,master/assets/items/armor/mu0000361_@@미구현.webp,8c10b7cb77685b26327569e749dea64b04b6bde8,584
armor,mu0000362,@@미구현,master/assets/items/armor/mu0000362_@@미구현.webp,94d6c5698d4684fbfa1ef440f85e097a8958a0df,574
armor,mu0000363,나이트아머(Lev1),master/assets/items/armor/mu0000363_나이트아머(Lev1).webp,2ba756a099c2f8534757ecd65123dd6289c864b7,564
armor,mu0000364,@@미구현,master/assets/items/armor/mu0000364_@@미구현.webp,bfb2ce79c0cad0b68214c4031240a234b435025b,556
armor,mu0000365,운디네멜란,master/assets/items/armor/mu0000365_운디네멜란.webp,0d114de146f0a18763c3b0bdb95b0d966d454c4a,522
armor,mu0000366,오렌멜란,master/assets/items/armor/mu0000366_오렌멜란.webp,cfa4bba975cdc6b6e6e90247f984b631f5574a27,516
armor,mu0000367,아벨멜란,master/assets/items/armor/mu0000367_아벨멜란.webp,b4e723d9a058971a84689c1ad248267afeb77d81,540
armor,mu0000368,홀리루딘멜란,master/assets/items/armor/mu0000368_홀리루딘멜란.webp,3a91225d34b2bb91e95003dec3df4125de39b477,524
armor,mu0000369,브릴윙아머,master/assets/items/armor/mu0000369_브릴윙아머.webp,f5f0e62bbe1e16f506e16868f27b8498ee456bd9,738
armor,mu0000370,레인헌트아머,master/assets/items/armor/mu0000370_레인헌트아머.webp,779348bb280c86ac551f1429891737a5d5bf7d83,740
armor,mu0000371,브레스럭아머,master/assets/items/armor/mu0000371_브레스럭아머.webp,486f2a106f157232dbdfb6b0815bf4370c6ccc34,672
armor,mu0000372,페이로브아머,master/assets/items/armor/mu0000372_페이로브아머.webp,8ac1cbfdba61d05c1518014f0a51e75be423ba85,726
armor,mu0000373,윌화이어아머A,master/assets/items/armor/mu0000373_윌화이어아머A.webp,2d95bf5c6f5e9be1694764939d070e760c82d0bf,684
armor,mu0000374,혼돈의탑갑주,master/assets/items/armor/mu0000374_혼돈의탑갑주.webp,f83460590a3982efe656d5c26330c9b188da6660,632
armor,mu0000375,마도코어레더로브,master/assets/items/armor/mu0000375_마도코어레더로브.webp,0e3c4af0aad708b35b43928d1d8b284cfbe1e24f,636
armor,mu0000376,마도코어플레이트,master/assets/items/armor/mu0000376_마도코어플레이트.webp,749cd045636c9eb72b07b8abc66285d160655b21,516
armor,mu0000377,마도코어선풍도복,master/assets/items/armor/mu0000377_마도코어선풍도복.webp,1e37304c4fa7d70dbadea56557ef1ff9bd96e192,484
armor,mu0000378,마도코어브리간딘,master/assets/items/armor/mu0000378_마도코어브리간딘.webp,878a6f1e5c2ea7bc32eae6d7288456063aed1683,462
armor,mu0000379,UNNAMED,master/assets/items/armor/mu0000379_UNNAMED.webp,c7fa82ef4e192972f179a15ab8aa96c4c4473425,592
armor,mu0000380,그린혼추동복(남),master/assets/items/armor/mu0000380_그린혼추동복(남).webp,025bc9f550e6c0daac1a6919ceda5c270422ba19,472
armor,mu0000381,[마법사]사라센왕국갑옷(1단계),master/assets/items/armor/mu0000381_[마법사]사라센왕국갑옷(1단계).webp,052c8d08731b78f8014fc95045acb5c1f50cb4d7,880
armor,mu0000382,[전사]사라센왕국갑옷(1단계),master/assets/items/armor/mu0000382_[전사]사라센왕국갑옷(1단계).webp,2ff65847a9b053534eaa97ad97d9fbf3b4a7743e,716
armor,mu0000383,월드컵골키퍼의상,master/assets/items/armor/mu0000383_월드컵골키퍼의상.webp,52300a9bd43b774f126ff72b9a241b3fe8693b1b,230
armor,mu0000384,소론(+4),master/assets/items/armor/mu0000384_소론(+4).webp,047a97a5485495d9b94da2049ee9d463e010b8d6,488
armor,mu0000385,야이나(+4),master/assets/items/armor/mu0000385_야이나(+4).webp,c6d5e5b495714686379189cd710b9db04cbe302a,738
armor,mu0000386,카노(+4),master/assets/items/armor/mu0000386_카노(+4).webp,ea6294cbc7f60a94ff64f079be8fd025aa3f6925,658
armor,mu0000387,타르실(+4),master/assets/items/armor/mu0000387_타르실(+4).webp,45985eeab847d090ccd79daf3ed092cc375a25cc,676
armor,mu0000388,알쿠아(+4),master/assets/items/armor/mu0000388_알쿠아(+4).webp,c4431e1114522199b0120d46ba2d4c19f443b2fb,528
armor,mu0000389,백비류선의(남),master/assets/items/armor/mu0000389_백비류선의(남).webp,d3022deba54a0762342dd2e634e4d266e4667a2d,470
armor,mu0000390,백비화무갑주(남),master/assets/items/armor/mu0000390_백비화무갑주(남).webp,ff0337460a2f4863c981c2652c52c6163a8ef11b,446
armor,mu0000391,백태극의(남),master/assets/items/armor/mu0000391_백태극의(남).webp,448cc9e7917b8778a82d3712e0bb87fed24e3755,404
armor,mu0000392,백비현진의(남),master/assets/items/armor/mu0000392_백비현진의(남).webp,97ac3c3242669f782b61b6485fee69518ccb95b5,478
armor,mu0000393,백비화후의(남),master/assets/items/armor/mu0000393_백비화후의(남).webp,1b85dd7a761066b82f62808f49e0e0108707f5fe,564
armor,mu0000394,린드,master/assets/items/armor/mu0000394_린드.webp,a8a4ce9514d21c5012ee9c4bf2b0866f0ddcc285,516
armor,mu0000395,카리온,master/assets/items/armor/mu0000395_카리온.webp,9d0b371658d03930d5dc349edb2857da7f6e93af,398
armor,mu0000396,나모,master/assets/items/armor/mu0000396_나모.webp,715b2c55f6a6308860be00c3c3575297ac260718,344
armor,mu0000397,루스코,master/assets/items/armor/mu0000397_루스코.webp,31b7f15cf728a219156749c5f4899ca6c2e6ca1b,320
armor,mu0000398,라리타,master/assets/items/armor/mu0000398_라리타.webp,f8d12805b3251f451c2668cff41f6dc11ac7031e,478
armor,mu0000399,UNNAMED,master/assets/items/armor/mu0000399_UNNAMED.webp,43afda29b0dc4df848e187971bac86012903c80e,316
armor,mu0000400,UNNAMED,master/assets/items/armor/mu0000400_UNNAMED.webp,a3a815ed581eda72f8c7a111aa5cb94257f45406,462
armor,mu0000401,UNNAMED,master/assets/items/armor/mu0000401_UNNAMED.webp,6fb2011bf1e956bf37b2c77c05c13e940026b1dd,298
armor,mu0000402,UNNAMED,master/assets/items/armor/mu0000402_UNNAMED.webp,5d49fb53a2a1e19ac147e12e32c0dcf433f8cd26,350
armor,mu0000403,UNNAMED,master/assets/items/armor/mu0000403_UNNAMED.webp,66535e9a3af404bad982a80a8dc5c80989a2a654,324
armor,mu0000404,클레릭아머(Lev1),master/assets/items/armor/mu0000404_클레릭아머(Lev1).webp,43cf0a532dcf0b93618df7bc5df155c9c90095f0,746
armor,mu0000405,UNNAMED,master/assets/items/armor/mu0000405_UNNAMED.webp,190884c90f0d2caae2a25e54f4c2c85ed3bfe8e8,740
armor,mu0000406,소울릭아머(Lev1),master/assets/items/armor/mu0000406_소울릭아머(Lev1).webp,78ae4c05f7342b1d13ef355c079dc2ecc2e00a48,606
armor,mu0000407,UNNAMED,master/assets/items/armor/mu0000407_UNNAMED.webp,39e64560456d692f4b23b2fe047879f88a11113e,668
armor,mu0000408,엘리멘탈아머(Lev1),master/assets/items/armor/mu0000408_엘리멘탈아머(Lev1).webp,be5f5f390b5a4da2086e3d2aa8a81cbb1d1069b1,712
armor,mu0000434,크리스마스츄리닝(남),master/assets/items/armor/mu0000434_크리스마스츄리닝(남).webp,54bdd26bf784ba3bad3b624da5654e09ac812f49,332
armor,mu0000435,UNNAMED,master/assets/items/armor/mu0000435_UNNAMED.webp,2aa9ddc54e161f05d609361cf37447e71f4ae52d,1114
armor,mu0000436,UNNAMED,master/assets/items/armor/mu0000436_UNNAMED.webp,84d6ea24078a6177e442d1e15fcd9b06ec702c1b,1104
armor,mu0000437,UNNAMED,master/assets/items/armor/mu0000437_UNNAMED.webp,13f41e706b48b14ea5e401bc2612485b5d57f221,1106
armor,mu0000438,UNNAMED,master/assets/items/armor/mu0000438_UNNAMED.webp,d870d88a60dc4ea2f03d3780dead1be874c11263,1072
armor,mu0000439,펭귄옷(업그레이드),master/assets/items/armor/mu0000439_펭귄옷(업그레이드).webp,cbce4a570a48c859a99dedfd4db5be5eb97b1b16,674
armor,mu0000440,전파펭귄옷(업그레이드),master/assets/items/armor/mu0000440_전파펭귄옷(업그레이드).webp,a9f0ca84f7daf2850e00fb5459cacaa4db6076c6,702
armor,mu1000001,화랑전복,master/assets/items/armor/mu1000001_화랑전복.webp,2c52c7b55205de14ad16c195463684d5bcc32df9,516
armor,mu1000002,화랑전복,master/assets/items/armor/mu1000002_화랑전복.webp,59bf09e66161c3d1a68cbc2c5f7c0d716519132e,482
armor,mu1000003,화랑전복,master/assets/items/armor/mu1000003_화랑전복.webp,9b2d178f4e03b9959d68eecee25f2c904191262e,446
armor,mu1000004,화랑전복,master/assets/items/armor/mu1000004_화랑전복.webp,50befe91c0be3b0a8f119229d15fd71a3062ff83,510
armor,mu1000005,화랑전복,master/assets/items/armor/mu1000005_화랑전복.webp,c49e8ac22404ddcabb5ba8bc50dc466c69462843,518
armor,mu1000006,화랑전복,master/assets/items/armor/mu1000006_화랑전복.webp,58cbec56430f5ee3a8f7e8d21f54f03d0527f91c,500
armor,mu1000007,발렌타인케이프,master/assets/items/armor/mu1000007_발렌타인케이프.webp,0f0e91120c373ec50cd97661f58814e5e1d09229,420
armor,mu1000008,발렌타인케이프,master/assets/items/armor/mu1000008_발렌타인케이프.webp,b6e16b3c09448e281deab67ae098ebf26670df42,426
armor,mu1000009,발렌타인케이프,master/assets/items/armor/mu1000009_발렌타인케이프.webp,ce94afefb1feb619910c9dec80551c6e06018b30,410
armor,mu1000010,발렌타인케이프,master/assets/items/armor/mu1000010_발렌타인케이프.webp,e346e93eb626646f90bc03d27c6e575ff4df2f8d,418
armor,mu1000011,발렌타인케이프,master/assets/items/armor/mu1000011_발렌타인케이프.webp,88e51e9425fc328e1b68eb85de6b9def90290551,424
armor,mu1000012,풍운남아교복,master/assets/items/armor/mu1000012_풍운남아교복.webp,aa7578b51e502672947e811c31cee009d07fb0a0,412
armor,mu1000013,오레오프린스슈트,master/assets/items/armor/mu1000013_오레오프린스슈트.webp,70ad947c4f6735a8c0bd260f6675e996b0f3d0be,328
armor,mu1000014,축구유니폼,master/assets/items/armor/mu1000014_축구유니폼.webp,eebc56b8a8ad7deda7a5773caeee89012f7157bd,404
armor,mu1000015,프린스더블렛,master/assets/items/armor/mu1000015_프린스더블렛.webp,875b5079ef052f2a3b43ff735ab0934985544a69,744
armor,mu1000016,몸짱트렁크fx,master/assets/items/armor/mu1000016_몸짱트렁크fx.webp,ce8fb8b3cbe358f3f17807a67c07ad21b71ec5a6,436
armor,mu1000017,펜리르갑옷,master/assets/items/armor/mu1000017_펜리르갑옷.webp,79253567ef830d54a65dd416364438662e25cebb,512
armor,mu1000018,전통장수갑옷,master/assets/items/armor/mu1000018_전통장수갑옷.webp,61a9977ea7cfe6029b676e232ec3bd7ec58046b3,678
armor,mu1000019,화랑전복,master/assets/items/armor/mu1000019_화랑전복.webp,d19cececf8b9a949d686d12ae4f82bea83f7bae7,470
armor,mu1000020,화랑전복,master/assets/items/armor/mu1000020_화랑전복.webp,80250357c924e39e9abfc4f0baeb934041e96611,488
armor,mu1000021,화랑전복,master/assets/items/armor/mu1000021_화랑전복.webp,b941d9ca64c8a9a89cd10c3fc8750cfaf4c243e6,512
armor,mu1000022,화랑전복,master/assets/items/armor/mu1000022_화랑전복.webp,0ddfc86eb94152703ce655428d478f55fc4c3539,502
armor,mu1000023,스켈톤갑옷,master/assets/items/armor/mu1000023_스켈톤갑옷.webp,f889ac5cf79f8252c78aaa6947e62d80baaaaa92,312
armor,mu1000024,흑마술사의상FX,master/assets/items/armor/mu1000024_흑마술사의상FX.webp,59015142be2d5d26f8960ba343605e0714092069,306
armor,mu1000025,인디언복장,master/assets/items/armor/mu1000025_인디언복장.webp,8468741fbada275473a8b56039c926025fcea409,712
armor,mu1000026,크리스마스의상,master/assets/items/armor/mu1000026_크리스마스의상.webp,309b99b27b6c16d575df239acf813ca0e9c275ac,526
armor,mu1000027,남자한복설빔FX,master/assets/items/armor/mu1000027_남자한복설빔FX.webp,879e229d5e64d45153b2a59a06df3adc72ac5bd3,508
armor,mu1000028,남자돼지의상,master/assets/items/armor/mu1000028_남자돼지의상.webp,1dd2ec30de06f6d5496570df291894266035cf98,588
armor,mu1000029,화룡갑,master/assets/items/armor/mu1000029_화룡갑.webp,dbadf931dd277666d51506b691efccd30c3617aa,486
armor,mu1000030,마법학교교복FX,master/assets/items/armor/mu1000030_마법학교교복FX.webp,955c6e5bd879e7394931473c32576649b3129671,636
armor,mu1000031,남자피크닉의상,master/assets/items/armor/mu1000031_남자피크닉의상.webp,e2dd1e5692f26bf449f9e79913cd086993432cc1,388
armor,mu1000032,금요의상,master/assets/items/armor/mu1000032_금요의상.webp,98bc4e691450c825730772a6f155c693a244ed0f,526
armor,mu1000033,용자의의복,master/assets/items/armor/mu1000033_용자의의복.webp,e67cf3363dbea059686d9201cd3cef87671bb1a1,488
armor,mu1000034,윌화이어이머,master/assets/items/armor/mu1000034_윌화이어이머.webp,1af12be6b1d815c1c455d9def24c836b0b016648,708
armor,mu1000035,페이로브아머,master/assets/items/armor/mu1000035_페이로브아머.webp,8ac1cbfdba61d05c1518014f0a51e75be423ba85,726
armor,mu1000036,사무라이갑옷FX,master/assets/items/armor/mu1000036_사무라이갑옷FX.webp,d77a878acd92896303609b87192af9462f411ff6,684
armor,mu1000037,오리엔탈의상,master/assets/items/armor/mu1000037_오리엔탈의상.webp,646a355af79d89b02a280955d5b891e5e75c3e89,548
armor,mu1000038,귀족슈트FX,master/assets/items/armor/mu1000038_귀족슈트FX.webp,8589005a4f988cb003fb8826506a6f52630d4991,424
armor,mu1000039,얼룩무늬전투복,master/assets/items/armor/mu1000039_얼룩무늬전투복.webp,eab876ce02ba66dc400c886796c113264ea43bd7,468
armor,mu1000040,블루샤크슈트,master/assets/items/armor/mu1000040_블루샤크슈트.webp,33586752d2ebc84eb618655bd909ae1181949f5b,586
armor,mu1000041,수요의상,master/assets/items/armor/mu1000041_수요의상.webp,5a95cb2b1f39b67745986bcb9757eb90fa8a5e65,456
armor,mu1000042,윌화이어아머,master/assets/items/armor/mu1000042_윌화이어아머.webp,2d95bf5c6f5e9be1694764939d070e760c82d0bf,684
armor,mu1000043,위풍당당갑주,master/assets/items/armor/mu1000043_위풍당당갑주.webp,e7987ae0c36dddc1a4c81ee4a0e10756727c4772,678
armor,mu1000044,남자고구려의상,master/assets/items/armor/mu1000044_남자고구려의상.webp,7470877638401d1b65d6d1d984e039ae3a8018bc,614
armor,mu1000045,린드(+1),master/assets/items/armor/mu1000045_린드(+1).webp,3927504b030b24e8e671002dd02be95b8a660d23,304
armor,mu1000046,UNNAMED,master/assets/items/armor/mu1000046_UNNAMED.webp,fa7a2f6aca4fe315ff660b2f7deb9a0ac7645871,432
armor,mu1000047,보드복FX,master/assets/items/armor/mu1000047_보드복FX.webp,59928ec9ba577253d284e0a818e008bc67d397f4,350
armor,mu1000048,붉은츄리닝(남),master/assets/items/armor/mu1000048_붉은츄리닝(남).webp,63eb53e1f757d9e71afb91aa58a00fc9273308aa,334
armor,mu1000049,트레이닝맨,master/assets/items/armor/mu1000049_트레이닝맨.webp,8b58b12a8fd54801a726849806ea701ec4678fb5,386
armor,mu1000050,크라운조커의상(남),master/assets/items/armor/mu1000050_크라운조커의상(남).webp,68c096e360c27823fae216fb379657bf64755118,540
armor,mu1000051,새너클로우,master/assets/items/armor/mu1000051_새너클로우.webp,f302b14976633eb7cfb810f70a941043c42f608a,610
armor,mu1000052,드라나이트,master/assets/items/armor/mu1000052_드라나이트.webp,ec0779253bce21db3256f50ce2c968ebd83bfc77,942
armor,mu1000053,[꼬꼬알]쥐도리의상,master/assets/items/armor/mu1000053_[꼬꼬알]쥐도리의상.webp,5a7254062d25dc450842841c84284aa8e2e53977,534
armor,mu1000054,곤룡포,master/assets/items/armor/mu1000054_곤룡포.webp,2f62f6b00cc4b625b89b259d5f308c09d9694cb6,574
armor,mu1000055,장난감병정의상(남),master/assets/items/armor/mu1000055_장난감병정의상(남).webp,028e2f8d2a2b3bf427a7500d1a0518dcca558251,334
armor,mu1000056,일루전슈트FX,master/assets/items/armor/mu1000056_일루전슈트FX.webp,7b9329e518ccd71c3827d0033d061e1f59a8f36d,778
armor,mu1000057,손오공의상(남),master/assets/items/armor/mu1000057_손오공의상(남).webp,80a557ad817cb484561b728efdc907f8c7966285,368
armor,mu1000058,스프링헤이즈슈트FX,master/assets/items/armor/mu1000058_스프링헤이즈슈트FX.webp,65357a70f291b147afcbc3c47c1aca14e5a61399,324
armor,mu1000059,스페이스슈트FX,master/assets/items/armor/mu1000059_스페이스슈트FX.webp,7d4fad1e4eb9670b2c8f51b185a218aae2ba9577,650
armor,mu1000060,로열나이트아머FX,master/assets/items/armor/mu1000060_로열나이트아머FX.webp,5173989e307ead272e173248ded48b72042295c8,672
armor,mu1000061,트로피칼트렁크,master/assets/items/armor/mu1000061_트로피칼트렁크.webp,2c9c172ed92d96cac907c5394d51977473b8f5d9,314
armor,mu1000062,[돌아온]봄바람신랑,master/assets/items/armor/mu1000062_[돌아온]봄바람신랑.webp,7a3911c759fb255e0bdc3052e6dbc094371a10c1,504
armor,mu1000063,타우포스아머,master/assets/items/armor/mu1000063_타우포스아머.webp,d11d1bee1dea2b83a21308ad0db013617a1ed43f,624
armor,mu1000064,UNNAMED,master/assets/items/armor/mu1000064_UNNAMED.webp,2e04ffa4f8bcd59297be79092b57bf187b00a486,574
armor,mu1000065,튤립파티슈트,master/assets/items/armor/mu1000065_튤립파티슈트.webp,2e81d92a7fe91476cbc76847541b77a1084ef0c6,612
armor,mu1000066,무당의상(남),master/assets/items/armor/mu1000066_무당의상(남).webp,f9c1449e74811fb7163cdf19459ac407f73dfb96,690
armor,mu1000067,UNNAMED,master/assets/items/armor/mu1000067_UNNAMED.webp,c925d706c3007465f775f05a5ccf8866646b35c6,416
armor,mu1000068,레이스정장,master/assets/items/armor/mu1000068_레이스정장.webp,4941491e86bafdfde88aa2b846e2f06f04ede4c7,512
armor,mu1000069,짓폰전통의상(남),master/assets/items/armor/mu1000069_짓폰전통의상(남).webp,fa46674a14725a87d45816908f54f390e87f2ba5,496
armor,mu1000070,붉은짓폰전통의상(남),master/assets/items/armor/mu1000070_붉은짓폰전통의상(남).webp,2f160018e9a45a2f161f598f8ac7c58e1782b0e2,494
armor,mu1000071,회색짓폰전통의상(남),master/assets/items/armor/mu1000071_회색짓폰전통의상(남).webp,31a9c884758d3f13d5bc64b5838193038096d8e0,478
armor,mu1000072,섬머웨어(남)FX,master/assets/items/armor/mu1000072_섬머웨어(남)FX.webp,ac7762e16f47661aae5634aba19f0b50bca878fd,406
armor,mu1000073,UNNAMED,master/assets/items/armor/mu1000073_UNNAMED.webp,dbfdd73cce1f538d6000f3b8adfca485d6b60a56,448
armor,mu1000074,미디블귀족코트,master/assets/items/armor/mu1000074_미디블귀족코트.webp,2c87207ae6611c888d3dce3c1bb864e8037a9b92,462
armor,mu1000075,다크로열아머,master/assets/items/armor/mu1000075_다크로열아머.webp,b12c277ee78ec1cf672f4d67c5e84675c9139e7a,950
armor,mu1000076,카리브해적의상(남),master/assets/items/armor/mu1000076_카리브해적의상(남).webp,70612fd3c62e5efbcf42bc6fc980033e1f826ed0,536
armor,mu1000077,UNNAMED,master/assets/items/armor/mu1000077_UNNAMED.webp,e4067faef53a456a66e6aa7ff34e1e5a7c4d82d1,326
armor,mu1000078,UNNAMED,master/assets/items/armor/mu1000078_UNNAMED.webp,cde53125fbcb7d3d7eddf405510ffb11d4a44726,866
armor,mu1000079,치파오(남),master/assets/items/armor/mu1000079_치파오(남).webp,c40a021dd0e217aefd12348c6a1cbc86a6338ca5,432
armor,mu1000080,UNNAMED,master/assets/items/armor/mu1000080_UNNAMED.webp,463a72d3331bfe676cee3722720bba6072f5a03e,412
armor,mu1000081,타바리민속의상(남),master/assets/items/armor/mu1000081_타바리민속의상(남).webp,c8b8c6640c6009483eb8d8084340979e246e7302,492
armor,mu1000082,팬더의상(남),master/assets/items/armor/mu1000082_팬더의상(남).webp,ef299d56dd99953f8783991c17b6b5f2d0a6e61c,422
armor,mu1000083,루돌프의상,master/assets/items/armor/mu1000083_루돌프의상.webp,cf3dfc61900c86a3ffda22ba80f4c77f84a2986b,530
armor,mu1000084,UNNAMED,master/assets/items/armor/mu1000084_UNNAMED.webp,b7743e7a2fc4fef58524e36a1c0f4147d5ad65f7,768
armor,mu1000085,UNNAMED,master/assets/items/armor/mu1000085_UNNAMED.webp,ba937fbf4c7cb38a4612157d2746b5230d9ffc57,544
armor,mu1000086,로코코풍튜닉,master/assets/items/armor/mu1000086_로코코풍튜닉.webp,1bc8352864ad1c4f65b5d06a9d4734d60f1d8d67,546
armor,mu1000087,UNNAMED,master/assets/items/armor/mu1000087_UNNAMED.webp,38bb1cfd07ab9e5c1786927361e962c14b3d2851,552
armor,mu1000088,목요의상,master/assets/items/armor/mu1000088_목요의상.webp,5db35781cd21965fcfe93c9af26c568ac46bf3b2,572
armor,mu1000089,눈사람의상,master/assets/items/armor/mu1000089_눈사람의상.webp,e74bcfa44064954425a6249a0e22c901f91696fc,582
armor,mu1000090,눈사람의상,master/assets/items/armor/mu1000090_눈사람의상.webp,3eeffc13a8233b8157bb7f14e9b9908f70e99c27,550
armor,mu1000091,돌쇠의상,master/assets/items/armor/mu1000091_돌쇠의상.webp,6c520c0151654582a523129487d6c113261c07b4,360
armor,mu1000092,오피스정장의상(남),master/assets/items/armor/mu1000092_오피스정장의상(남).webp,048515415f8469df8916590f7e62917770b267d6,302
armor,mu1000093,로즈데이턱시도(화이트),master/assets/items/armor/mu1000093_로즈데이턱시도(화이트).webp,12dd6281ebea79ce0d8660c74556a360e3ca8e85,376
armor,mu1000094,UNNAMED,master/assets/items/armor/mu1000094_UNNAMED.webp,3969005dd7cc7bc45174f40252e35e71fa3507ca,378
armor,mu1000095,로즈데이턱시도(핑크),master/assets/items/armor/mu1000095_로즈데이턱시도(핑크).webp,e850c64858dbc635193c5669241413cc8e9545f4,372
armor,mu1000098,썸머의상(남),master/assets/items/armor/mu1000098_썸머의상(남).webp,888a94b720e7d4458a6e363e202414cba280e0ea,432
armor,mu1000099,고고학자의상(남),master/assets/items/armor/mu1000099_고고학자의상(남).webp,66630698a5b4a49c9d3dc3a496a24349c7099c29,418
armor,mu1000100,노란우비의상(남),master/assets/items/armor/mu1000100_노란우비의상(남).webp,e96f2351d808fe8f181109334f0a5337516224c8,396
armor,mu1000101,비치트렁크,master/assets/items/armor/mu1000101_비치트렁크.webp,8969cd099813810e32f67b6934bcef365bf65d40,190
armor,mu1000102,블루마린의상(남),master/assets/items/armor/mu1000102_블루마린의상(남).webp,8eb15074314c4ded7498acb9d0004e3896e96df7,336
armor,mu1000103,[의상]홀리데이코트,master/assets/items/armor/mu1000103_[의상]홀리데이코트.webp,a03c8ec5ee97fdbade58cbfcaefa751a09dfd9ba,430
armor,mu1000104,[의상]밀레스홀리데이코트,master/assets/items/armor/mu1000104_[의상]밀레스홀리데이코트.webp,bb0a339af162b9a32c3704876d3bb9a4212c4f76,434
armor,mu1000105,[의상]아벨홀리데이코트,master/assets/items/armor/mu1000105_[의상]아벨홀리데이코트.webp,f0a867d4830b89ad95c53088e05d4ddbf11e7dca,460
armor,mu1000106,[의상]루어스홀리데이코트,master/assets/items/armor/mu1000106_[의상]루어스홀리데이코트.webp,c1f310ed56176bf01b61b3ac78157bff24b23eea,500
armor,mu1000107,[의상]수오미홀리데이코트,master/assets/items/armor/mu1000107_[의상]수오미홀리데이코트.webp,b03851c694d1da71a9d72519481d8448fcb962b9,410
armor,mu1000108,[의상]뤼케시온홀리데이코트,master/assets/items/armor/mu1000108_[의상]뤼케시온홀리데이코트.webp,d0175d8d55b1968a879a78c87b3f35ea92687990,476
armor,mu1000109,[의상]운디네홀리데이코트,master/assets/items/armor/mu1000109_[의상]운디네홀리데이코트.webp,36ed3e7b7ecdc69de2a70369d627f2e97502dee5,484
armor,mu1000110,[의상]오렌홀리데이코트,master/assets/items/armor/mu1000110_[의상]오렌홀리데이코트.webp,d1b8de4434f727e34303ea03b14569620f01ed10,488
armor,mu1000111,[의상]러브핑크홀리데이코트,master/assets/items/armor/mu1000111_[의상]러브핑크홀리데이코트.webp,5352a9b607d76bd4bcf44b720e3113cda8d4c1e4,502
armor,mu1000112,UNNAMED,master/assets/items/armor/mu1000112_UNNAMED.webp,0380b08490d3f8cd0bb1635299ddd35552a0e523,910
armor,mu1000114,뮤레칸의상FX,master/assets/items/armor/mu1000114_뮤레칸의상FX.webp,2585fb227cb218433c23ef158e8848627582dcab,494
armor,mu1000115,라펠턱시도FX,master/assets/items/armor/mu1000115_라펠턱시도FX.webp,0824a044b745926c4a09c7e2e8e51a97e5fdd8af,388
armor,mu1000118,백곰의상FX,master/assets/items/armor/mu1000118_백곰의상FX.webp,17a4c6c07cf100c84bc1b5a6591dce622bfb866d,600
armor,mu1000119,UNNAMED,master/assets/items/armor/mu1000119_UNNAMED.webp,c498dd6459961ce64c101dd1f463d8aaac8ec031,562
armor,mu1000120,검은토끼의상FX,master/assets/items/armor/mu1000120_검은토끼의상FX.webp,fcf8dada98d4193e603995d7f0c090a6804f267d,556
armor,mu1000121,펌킨슈트(남),master/assets/items/armor/mu1000121_펌킨슈트(남).webp,375062f88c36b8f873de2b2de7bcbb9339d1efcf,440
armor,mu1000122,청룡한복의상(남)FX,master/assets/items/armor/mu1000122_청룡한복의상(남)FX.webp,613fc8ff1d768a82fb2f52e0e710cdb3c93281fe,796
armor,mu1000124,봄나들이의상(남)FX,master/assets/items/armor/mu1000124_봄나들이의상(남)FX.webp,17332b04c81d667d8a6aece82ea3955d53d9bc97,516
armor,mu1000125,마신강림의상(남)FX,master/assets/items/armor/mu1000125_마신강림의상(남)FX.webp,85b0061778b5ff06bb0d9d982516dc81224e51ad,732
armor,mu1000126,화랑전복,master/assets/items/armor/mu1000126_화랑전복.webp,c40928d8ef8e8692676ca09797499e3bd8f38fbe,516
armor,mu1000127,화랑전복,master/assets/items/armor/mu1000127_화랑전복.webp,0d078e659f4616e7303b75e94db230c420f32ed8,524
armor,mu1000128,화랑전복,master/assets/items/armor/mu1000128_화랑전복.webp,379229b51f7c0229c84824521d07c8e85727a8b2,518
armor,mu1000129,화랑전복,master/assets/items/armor/mu1000129_화랑전복.webp,d0676e4613e6140745ff21b225f9bd4fbf3cd573,512
armor,mu1000130,화랑전복,master/assets/items/armor/mu1000130_화랑전복.webp,e899564e0a7d54c49a502d84057c7e1b86195a3d,514
armor,mu1000131,화랑전복,master/assets/items/armor/mu1000131_화랑전복.webp,0f745e57aa39b7e83eb4af7bc28f8784e5214c9a,484
armor,mu1000132,화랑전복,master/assets/items/armor/mu1000132_화랑전복.webp,15527db91cd06debe51233bb0e7bf3bb47035e30,512
armor,mu1000133,스노우털옷(남)FX,master/assets/items/armor/mu1000133_스노우털옷(남)FX.webp,e7c6eb6cbf2a7181aff1b9b22d955ecf02038904,544
armor,mu1000134,청사의상(남)FX,master/assets/items/armor/mu1000134_청사의상(남)FX.webp,f39624da2a7c8ebd1ef01b53312a15b3fd685e04,782
armor,mu1000135,헤븐즈게이트로브(남)FX,master/assets/items/armor/mu1000135_헤븐즈게이트로브(남)FX.webp,74bfffd6cbf7f0680fe0a0bf2227cb641d49ef3f,634
armor,mu1000136,플라즈마슈트(남)FX,master/assets/items/armor/mu1000136_플라즈마슈트(남)FX.webp,5a93ce064211ba0b90d23a3cbe4a5908989c3ca3,694
armor,mu1000137,넥슨유튜브뮤레칸의상(남)FX,master/assets/items/armor/mu1000137_넥슨유튜브뮤레칸의상(남)FX.webp,02a2a06fb41b795b3d0e70b25e3542726c0d29d3,490
armor,mu1000138,UNNAMED,master/assets/items/armor/mu1000138_UNNAMED.webp,f8f6b11f2d1dc3800b8952459c8b788602491982,564
armor,mu1000139,UNNAMED,master/assets/items/armor/mu1000139_UNNAMED.webp,a2fe309087cc0c4be96e0f90d8a6b44afddb020e,676
armor,mu1000140,UNNAMED,master/assets/items/armor/mu1000140_UNNAMED.webp,8083784d9c651ccd2e1e3b3a89e3bfa653d47459,626
armor,mu1000141,UNNAMED,master/assets/items/armor/mu1000141_UNNAMED.webp,46dc0cc0fabe493c06000d2a3b9593905d90511a,494
armor,wu0000001,블라우스,master/assets/items/armor/wu0000001_블라우스.webp,637a891b284d903e49cb3d50ef777b8c3483f3b2,232
armor,wu0000002,튜닉,master/assets/items/armor/wu0000002_튜닉.webp,fd3a1041b89aab93888aa793adc822101bcf258f,272
armor,wu0000003,연무복,master/assets/items/armor/wu0000003_연무복.webp,37cda9e9df2d6cdfcc54bb58bbfd134b131e920b,220
armor,wu0000004,UNNAMED,master/assets/items/armor/wu0000004_UNNAMED.webp,7e184f403211a49f111e71814e6d389d4ba512c1,390
armor,wu0000005,로브,master/assets/items/armor/wu0000005_로브.webp,9c79fd36f16bcc1862ef7b38baf35656ff632398,256
armor,wu0000006,매직스커트,master/assets/items/armor/wu0000006_매직스커트.webp,791a38b89d70341fff8e3ebfd5f17ed54d30df39,244
armor,wu0000007,UNNAMED,master/assets/items/armor/wu0000007_UNNAMED.webp,01418f9cdd1c33c50a35c7b6e5a44b3649fdc291,268
armor,wu0000008,UNNAMED,master/assets/items/armor/wu0000008_UNNAMED.webp,aaa6637bc61661955dfeb0c3b11488870ba4a317,322
armor,wu0000009,브리간딘,master/assets/items/armor/wu0000009_브리간딘.webp,e9355f6fa28abb46ddab0c639b2a1c57b484c009,290
armor,wu0000010,미스틱로브,master/assets/items/armor/wu0000010_미스틱로브.webp,56a227b24e34cf400a729c38cdbcb6f78e4a4f66,292
armor,wu0000011,베누스타,master/assets/items/armor/wu0000011_베누스타.webp,85676547749872e2ad0cb11c26a2405b52cead6b,330
armor,wu0000012,미스티플레이트,master/assets/items/armor/wu0000012_미스티플레이트.webp,38d32d824e61c8f50419c324ee157400d3473955,164
armor,wu0000013,UNNAMED,master/assets/items/armor/wu0000013_UNNAMED.webp,b265f6c41e985d82445062a64137c3ceb3e2a5a0,208
armor,wu0000014,코르스,master/assets/items/armor/wu0000014_코르스.webp,40b243410dd5a1e9520233993a4a4cd58c23043c,192
armor,wu0000015,엘레맨틀,master/assets/items/armor/wu0000015_엘레맨틀.webp,250b1cfb78ccae284e01d53f118a629a159b5cb7,226
armor,wu0000016,UNNAMED,master/assets/items/armor/wu0000016_UNNAMED.webp,69b5b65887c158fca75fcf70cc77d213d3020ce9,230
armor,wu0000017,카스뮴플레이트,master/assets/items/armor/wu0000017_카스뮴플레이트.webp,385394272347578b26175d154c40bb25712544e8,324
armor,wu0000018,풍전도복,master/assets/items/armor/wu0000018_풍전도복.webp,12b6046f1af9c3b6a8f8af4f2a82a060bb364ffe,302
armor,wu0000019,페플로스,master/assets/items/armor/wu0000019_페플로스.webp,06e9a607b1618ff23272c2dd6bcd28307b8bea58,288
armor,wu0000020,홀리로브,master/assets/items/armor/wu0000020_홀리로브.webp,c8163f7db63b6f1854bac772d2e5362fb17034fc,342
armor,wu0000021,클리머스,master/assets/items/armor/wu0000021_클리머스.webp,4378b36ecf20c451955ca2100ff4b53fe01c88e2,314
armor,wu0000022,UNNAMED,master/assets/items/armor/wu0000022_UNNAMED.webp,f073c194df036259580241249516977fc851cd14,310
armor,wu0000023,대양도복,master/assets/items/armor/wu0000023_대양도복.webp,4e8365b8af528bb894d007a002451116943a9845,292
armor,wu0000024,UNNAMED,master/assets/items/armor/wu0000024_UNNAMED.webp,1fb57e8caf29a7c6ec9cbd1aa25ddae48613ab09,294
armor,wu0000025,매직로브,master/assets/items/armor/wu0000025_매직로브.webp,cb15c2ea981423571ef085ec95e69c119d7cf0be,304
armor,wu0000026,클라미스,master/assets/items/armor/wu0000026_클라미스.webp,fe07cebbb55a7e6e5ec0458c5c50491f2064c02c,278
armor,wu0000027,피닉스메일,master/assets/items/armor/wu0000027_피닉스메일.webp,9289c17e2f4ede04c80c81577bc6d5d642aa7a8e,370
armor,wu0000028,라비린스메일,master/assets/items/armor/wu0000028_라비린스메일.webp,8f527063c0f96a2221fd6b6b36ae1ea38ce34de5,368
armor,wu0000029,세인트아머,master/assets/items/armor/wu0000029_세인트아머.webp,2c7d117bf4225e8f2f0d9a0774ef1545965431d4,532
armor,wu0000030,드레스,master/assets/items/armor/wu0000030_드레스.webp,9ff69e1a7a6fe8a90a641d3f81d75d3796f54358,790
armor,wu0000031,웨딩드레스,master/assets/items/armor/wu0000031_웨딩드레스.webp,e4bab67c0d7ed06c222b6aa2dd46dc896ae6ac38,598
armor,wu0000032,비키니,master/assets/items/armor/wu0000032_비키니.webp,bc7ab116b41a8c224ada4d29df159891969b2787,116
armor,wu0000033,바니걸,master/assets/items/armor/wu0000033_바니걸.webp,8ff58852614f50c60cb8a79488792813e8fb6574,272
armor,wu0000034,고양이코스튬,master/assets/items/armor/wu0000034_고양이코스튬.webp,bcf2333b2b04ede2da4dc6f461b6a1724e194775,320
armor,wu0000036,UNNAMED,master/assets/items/armor/wu0000036_UNNAMED.webp,5459e5022c90b49f95f581ca09405cff6efbde3d,472
armor,wu0000037,UNNAMED,master/assets/items/armor/wu0000037_UNNAMED.webp,49e04025e9333837c9bae52d90e3e923c4013a30,446
armor,wu0000038,헬소서리스로브,master/assets/items/armor/wu0000038_헬소서리스로브.webp,0e5b3b8f6cf0b61b5f92bc5f05da3046331b7199,252
armor,wu0000039,UNNAMED,master/assets/items/armor/wu0000039_UNNAMED.webp,0e5b3b8f6cf0b61b5f92bc5f05da3046331b7199,252
armor,wu0000040,UNNAMED,master/assets/items/armor/wu0000040_UNNAMED.webp,9a17b0f9c2ef0ca5071fd16dc554cfc6b26b5abe,322
armor,wu0000041,홀리데이숄더,master/assets/items/armor/wu0000041_홀리데이숄더.webp,9c514ef65a289864358b3d1ae5a018bbb7931443,334
armor,wu0000043,밀레스레데메일,master/assets/items/armor/wu0000043_밀레스레데메일.webp,568b4fce5b42419f5424eb8c10f25db65d441fd3,260
armor,wu0000044,루어스레데메일,master/assets/items/armor/wu0000044_루어스레데메일.webp,2adaedc5ca4256a01d2e3718d0ee5fda2ce05bbe,276
armor,wu0000045,뤼케시온레데메일,master/assets/items/armor/wu0000045_뤼케시온레데메일.webp,721c00660b1738784b31993667bf761dc7d7cbf4,250
armor,wu0000046,수오미레데메일,master/assets/items/armor/wu0000046_수오미레데메일.webp,7ce564fa47e069c8c92b420d10f689021fd03fab,280
armor,wu0000047,밀레스브리간딘,master/assets/items/armor/wu0000047_밀레스브리간딘.webp,ad7e4a0a78457b3f58ad726d6e10ff95599c498f,286
armor,wu0000048,루어스브리간딘,master/assets/items/armor/wu0000048_루어스브리간딘.webp,fd6730e56de19b5f9f10d6b6a15c49113017f86f,330
armor,wu0000049,뤼케시온브리간딘,master/assets/items/armor/wu0000049_뤼케시온브리간딘.webp,5d500909993449d8ec94954375debb7a2d3180f3,332
armor,wu0000050,수오미브리간딘,master/assets/items/armor/wu0000050_수오미브리간딘.webp,d116d4bacafdd9063467eecb6e25eed9444b35d4,254
armor,wu0000051,루어스베누스타,master/assets/items/armor/wu0000051_루어스베누스타.webp,af5e0b61bf7ca1a3a0e772ea13a41b3060379b92,318
armor,wu0000052,밀레스베누스타,master/assets/items/armor/wu0000052_밀레스베누스타.webp,acf30b20d171744e61800ae5d05b1c88713d362a,330
armor,wu0000053,수오미베누스타,master/assets/items/armor/wu0000053_수오미베누스타.webp,7c7694560f548ff9bf580a0bd52ab1240a271c1a,266
armor,wu0000054,뤼케시온베누스타,master/assets/items/armor/wu0000054_뤼케시온베누스타.webp,b3258388c94ef5f2332a8b25e2f25c7b1d8893d5,356
armor,wu0000055,뤼케시온미스틱로브,master/assets/items/armor/wu0000055_뤼케시온미스틱로브.webp,5a287818d272f24f2d31299e0ffd322176bdecdd,300
armor,wu0000056,밀레스미스틱로브,master/assets/items/armor/wu0000056_밀레스미스틱로브.webp,592839f212c15193cbe40af3e01691b697712052,298
armor,wu0000057,수오미미스틱로브,master/assets/items/armor/wu0000057_수오미미스틱로브.webp,b5214445c5a6d4b678851340a57fb5fac562287e,332
armor,wu0000058,루어스미스틱로브,master/assets/items/armor/wu0000058_루어스미스틱로브.webp,b457d61a0fa15205feee335f11c31e03b0473e8e,296
armor,wu0000059,뤼케시온연무도복,master/assets/items/armor/wu0000059_뤼케시온연무도복.webp,ea29d742c132311f22050c944f8fbb5277c6ab86,272
armor,wu0000060,UNNAMED,master/assets/items/armor/wu0000060_UNNAMED.webp,0face513bed7058f4fb9327047c4920405476c68,256
armor,wu0000061,밀레스연무도복,master/assets/items/armor/wu0000061_밀레스연무도복.webp,5fce4cfc2d4b951c51fa17d7ad393a4c7ff02b7b,228
armor,wu0000062,루어스연무도복,master/assets/items/armor/wu0000062_루어스연무도복.webp,08b98b8fe223fa988afee2a75273185cdc0fdc4b,262
armor,wu0000063,수오미튜닉,master/assets/items/armor/wu0000063_수오미튜닉.webp,6f28795f90ad2a60f4411a6d73ab15a048b80498,286
armor,wu0000064,뤼케시온튜닉,master/assets/items/armor/wu0000064_뤼케시온튜닉.webp,f00613d4e5600f79c452b1cdbcce3d47a9890045,308
armor,wu0000065,루어스튜닉,master/assets/items/armor/wu0000065_루어스튜닉.webp,d2c9cf47adbd4b635998fed165e55cdfa18fca1b,288
armor,wu0000066,밀레스튜닉,master/assets/items/armor/wu0000066_밀레스튜닉.webp,0086dfcf4e332ce810f3605a791698532c40b519,254
armor,wu0000067,밀레스꼬뜨,master/assets/items/armor/wu0000067_밀레스꼬뜨.webp,49791999801d321f2d301d9972c7726ffd985e01,348
armor,wu0000068,뤼케시온꼬뜨,master/assets/items/armor/wu0000068_뤼케시온꼬뜨.webp,6350b54de6287f025164cb17e810eda26a1de9c0,318
armor,wu0000069,루어스꼬뜨,master/assets/items/armor/wu0000069_루어스꼬뜨.webp,48873f0fcb332c0829468b2988f3682ca2c8ccac,356
armor,wu0000070,수오미꼬뜨,master/assets/items/armor/wu0000070_수오미꼬뜨.webp,064ef621b1451c78815b8babbd03c37a7390131f,358
armor,wu0000071,수오미매직스커트,master/assets/items/armor/wu0000071_수오미매직스커트.webp,65984ff47aff7641de62203ab787ae1d2581cf27,254
armor,wu0000072,밀레스매직스커트,master/assets/items/armor/wu0000072_밀레스매직스커트.webp,ed76bd700007d9c1ae063efe275fe6afa20a8624,240
armor,wu0000073,루어스매직스커트,master/assets/items/armor/wu0000073_루어스매직스커트.webp,f9d8e15a3ff7d59f1cc7f0c9a79a76b34b9b630c,252
armor,wu0000074,뤼케시온매직스커트,master/assets/items/armor/wu0000074_뤼케시온매직스커트.webp,3036ad0ce686a3489bcb8221929fd80e9e2ac527,226
armor,wu0000075,UNNAMED,master/assets/items/armor/wu0000075_UNNAMED.webp,af8e33b95de943319470f69c68cd1357fc924d1f,312
armor,wu0000076,UNNAMED,master/assets/items/armor/wu0000076_UNNAMED.webp,5a003f1d3d4fb4d8731a8b25a40a74bd0d72bd0b,294
armor,wu0000077,UNNAMED,master/assets/items/armor/wu0000077_UNNAMED.webp,63f93cfd634ee7a4138ad9ac4e6f62b27e6b5de4,304
armor,wu0000078,UNNAMED,master/assets/items/armor/wu0000078_UNNAMED.webp,70b93e98b12ec75f3a53e26cd0060c94c60e3cb9,290
armor,wu0000079,루어스연무복,master/assets/items/armor/wu0000079_루어스연무복.webp,11716021949ba61b6de723647f3c6806ad41c80f,198
armor,wu0000080,밀레스연무복,master/assets/items/armor/wu0000080_밀레스연무복.webp,bef699e4aa20e86c0d6b539e6e795f08df217632,248
armor,wu0000081,수오미연무복,master/assets/items/armor/wu0000081_수오미연무복.webp,75e4e54ebeada42e815da08c57ad405c4a80e9ce,216
armor,wu0000082,뤼케시온연무복,master/assets/items/armor/wu0000082_뤼케시온연무복.webp,3787eeed6d2f8290259c6f003f4dfc59e22ce3b4,202
armor,wu0000083,수오미미스티플레이트,master/assets/items/armor/wu0000083_수오미미스티플레이트.webp,1c9d6e229f5a0fc39d684a41b3a0ca55712d00ad,160
armor,wu0000084,뤼케시온미스티플레이트,master/assets/items/armor/wu0000084_뤼케시온미스티플레이트.webp,7e047abdc507765d81bb1d3140067f07b84e55e4,160
armor,wu0000085,밀레스미스티플레이트,master/assets/items/armor/wu0000085_밀레스미스티플레이트.webp,547d51e8be0ea9fc3daf69f0b3d49232ece485fc,166
armor,wu0000086,루어스미스티플레이트,master/assets/items/armor/wu0000086_루어스미스티플레이트.webp,554d3cf9aeb6b96d2c6565bbcc242872e7993024,168
armor,wu0000087,밀레스코르스,master/assets/items/armor/wu0000087_밀레스코르스.webp,210310e6de9b5de2abfa1a2022c77534fe0b16bc,192
armor,wu0000088,수오미코르스,master/assets/items/armor/wu0000088_수오미코르스.webp,9aff7324e5c7f51fdc4e7c11793057ec0754a385,198
armor,wu0000089,뤼케시온코르스,master/assets/items/armor/wu0000089_뤼케시온코르스.webp,3d1a631e833dece504c8669a2e13af9007cdfe06,178
armor,wu0000090,루어스코르스,master/assets/items/armor/wu0000090_루어스코르스.webp,9ac21d97ae604bcd273811b6eb0fbec5349eaca2,192
armor,wu0000091,뤼케시온스톨라,master/assets/items/armor/wu0000091_뤼케시온스톨라.webp,9e7b400236ce29cf9d2b633a5acf5db4557aee7d,234
armor,wu0000092,수오미스톨라,master/assets/items/armor/wu0000092_수오미스톨라.webp,6190471ae058db59929731e0579691b833214ac8,254
armor,wu0000093,루어스스톨라,master/assets/items/armor/wu0000093_루어스스톨라.webp,1b631d1261eb977eb493ac5be6dfc1e761628e45,248
armor,wu0000094,UNNAMED,master/assets/items/armor/wu0000094_UNNAMED.webp,3d5252c402ddd374b579d6cbd50a998f65b8753e,230
armor,wu0000095,수오미엘레맨틀,master/assets/items/armor/wu0000095_수오미엘레맨틀.webp,94a14c825cb7cc7b66b118947f46639d1112c07c,220
armor,wu0000096,뤼케시온엘레맨틀,master/assets/items/armor/wu0000096_뤼케시온엘레맨틀.webp,31b9e451c731b2d42cfe15c50f96e87ce38f24f5,210
armor,wu0000097,루어스엘레맨틀,master/assets/items/armor/wu0000097_루어스엘레맨틀.webp,96dd5da79c1b4ff116a993f376450fa52c744c70,208
armor,wu0000098,밀레스엘레맨틀,master/assets/items/armor/wu0000098_밀레스엘레맨틀.webp,d3629e6eaafaa724bebb5bfdac2a7d7307077801,206
armor,wu0000099,UNNAMED,master/assets/items/armor/wu0000099_UNNAMED.webp,ee7c57b0d0727968892da9957db07be3961fc9a8,232
armor,wu0000100,UNNAMED,master/assets/items/armor/wu0000100_UNNAMED.webp,41b28548b5c95552603b869b6c453dad56fbb73e,208
armor,wu0000101,UNNAMED,master/assets/items/armor/wu0000101_UNNAMED.webp,a28569f3fdb1ecd9a6e0eebf803a16251551ccff,246
armor,wu0000102,UNNAMED,master/assets/items/armor/wu0000102_UNNAMED.webp,9e636cd95facaf1348923db19b738d2430854401,222
armor,wu0000104,펭귄옷,master/assets/items/armor/wu0000104_펭귄옷.webp,f32fee1cd0b4f03df06d0b47f7a5238c85c1c0e4,368
armor,wu0000105,여자스키복,master/assets/items/armor/wu0000105_여자스키복.webp,cef41966f588cfe438b406ee168f77c9ac0c14e3,476
armor,wu0000106,로즈힐,master/assets/items/armor/wu0000106_로즈힐.webp,fd003e6b7a85b5fc92d62ee7051524fdbafdbf73,508
armor,wu0000107,실루엣,master/assets/items/armor/wu0000107_실루엣.webp,8399e29690fb433333f7ea3ea5ae6f7ad6833839,488
armor,wu0000108,밸벳,master/assets/items/armor/wu0000108_밸벳.webp,0e39b9ace3c1cedf87b6c775213f25ae2ef6566d,408
armor,wu0000109,슬리브,master/assets/items/armor/wu0000109_슬리브.webp,7b49f579633710be8efab733f8b0cee2cec1aa56,414
armor,wu0000110,밀레스페플로스,master/assets/items/armor/wu0000110_밀레스페플로스.webp,fa50ead3ecc23d9e3e9a7c19b31cefea290055f6,292
armor,wu0000111,수오미클리머스,master/assets/items/armor/wu0000111_수오미클리머스.webp,aa9affa9eb260fa2ed2ffbba99bf04fdc5e5d5af,324
armor,wu0000112,뤼케시온클리머스,master/assets/items/armor/wu0000112_뤼케시온클리머스.webp,269a44a0194f7b20f17c7daf58f401fed2386c86,290
armor,wu0000113,루어스클리머스,master/assets/items/armor/wu0000113_루어스클리머스.webp,525eac71cab78050b954ae0fc220a0e813ae036a,306
armor,wu0000114,밀레스클리머스,master/assets/items/armor/wu0000114_밀레스클리머스.webp,5f364efbf49944ad62dafd8bd2251f73eb126145,330
armor,wu0000115,수오미홀리로브,master/assets/items/armor/wu0000115_수오미홀리로브.webp,f9fe7ff71d81b4cf3415722f3fb07b3b587d43fa,270
armor,wu0000116,뤼케시온홀리로브,master/assets/items/armor/wu0000116_뤼케시온홀리로브.webp,96a983f8ca9b1525400683cc246d210a64f8e1f6,300
armor,wu0000117,루어스홀리로브,master/assets/items/armor/wu0000117_루어스홀리로브.webp,6c12306c0a25d3fa46e264161c12777d50b6b957,304
armor,wu0000118,밀레스홀리로브,master/assets/items/armor/wu0000118_밀레스홀리로브.webp,973bf257863d9e1619dfc8bdbe73222007122cb6,294
armor,wu0000119,수오미풍전도복,master/assets/items/armor/wu0000119_수오미풍전도복.webp,a1677d336e9e2ffa83b51fbd1569bb8f65811a36,246
armor,wu0000120,뤼케시온풍전도복,master/assets/items/armor/wu0000120_뤼케시온풍전도복.webp,e8a196a4f85e6d19917c424ef94da0362df1791b,250
armor,wu0000121,UNNAMED,master/assets/items/armor/wu0000121_UNNAMED.webp,dfe34cb5e501311493aecf453880385e463964d2,276
armor,wu0000122,밀레스풍전도복,master/assets/items/armor/wu0000122_밀레스풍전도복.webp,7475b616bb54a2014800b92f0e36a051e5fd955e,282
armor,wu0000123,수오미라비린스메일,master/assets/items/armor/wu0000123_수오미라비린스메일.webp,09eed43575f7819965b73969c362f61adfb14606,358
armor,wu0000124,뤼케시온라비린스메일,master/assets/items/armor/wu0000124_뤼케시온라비린스메일.webp,f7bb14c54666d883e0d36c2c4d91f18ac0437200,352
armor,wu0000125,루어스라비린스메일,master/assets/items/armor/wu0000125_루어스라비린스메일.webp,7847dd5abbc7693014ac4e992dd5ef35c3273eaf,344
armor,wu0000126,밀레스라비린스메일,master/assets/items/armor/wu0000126_밀레스라비린스메일.webp,768c8f0d7a3d7961c1f4de3d79a268d7b90515d4,354
armor,wu0000127,수오미카쿰,master/assets/items/armor/wu0000127_수오미카쿰.webp,c3dd02a2decd98920a2d0c58bfdbe4ff7343b8c9,314
armor,wu0000128,UNNAMED,master/assets/items/armor/wu0000128_UNNAMED.webp,9205f43e7ce16ed4da2c6ed5e1521b568650435c,302
armor,wu0000129,UNNAMED,master/assets/items/armor/wu0000129_UNNAMED.webp,6cb63f3a4999e3cb802c446a23d3191b5719cd63,308
armor,wu0000130,밀레스카쿰,master/assets/items/armor/wu0000130_밀레스카쿰.webp,9cb934f37efe4f66d1bb4919212832f99a4a40d7,296
armor,wu0000131,수오미클라미스,master/assets/items/armor/wu0000131_수오미클라미스.webp,016bbd133730c3831c8a719a9c90b649bd48470e,286
armor,wu0000132,뤼케시온클라미스,master/assets/items/armor/wu0000132_뤼케시온클라미스.webp,f97d69645766e63eb1c47d6144eda891f96918f3,292
armor,wu0000133,루어스클라미스,master/assets/items/armor/wu0000133_루어스클라미스.webp,3a6aaacabbc69b9fe1f0203ac90f68c959cc2449,298
armor,wu0000134,밀레스클라미스,master/assets/items/armor/wu0000134_밀레스클라미스.webp,e8cc6a62ca6d75b08582bb11e169f9a55513cc41,292
armor,wu0000135,수오미매직로브,master/assets/items/armor/wu0000135_수오미매직로브.webp,dc8af7cfcd2264a7adc3b37f485464275632dade,278
armor,wu0000136,뤼케시온매직로브,master/assets/items/armor/wu0000136_뤼케시온매직로브.webp,3d80abae8253ba3e2fe8af2e72867ac5f7e684d6,316
armor,wu0000137,루어스매직로브,master/assets/items/armor/wu0000137_루어스매직로브.webp,042a6f6f5bcf7a33a681130889f4cd8bdb67bd77,298
armor,wu0000138,밀레스매직로브,master/assets/items/armor/wu0000138_밀레스매직로브.webp,50dea20c24564fb4f504ebb447ac1d709724b66c,264
armor,wu0000139,수오미대양도복,master/assets/items/armor/wu0000139_수오미대양도복.webp,d88b95f477339e913c2903419b73280d1513713b,274
armor,wu0000140,뤼케시온대양도복,master/assets/items/armor/wu0000140_뤼케시온대양도복.webp,0113e408af3a93bc0fb2b1be22616739c3ecb129,280
armor,wu0000141,UNNAMED,master/assets/items/armor/wu0000141_UNNAMED.webp,2da2550b193832c76e96a2d668dc90d9418afa7b,266
armor,wu0000142,밀레스대양도복,master/assets/items/armor/wu0000142_밀레스대양도복.webp,327d504a564caa22ca13c56c0906662cdb70f1b5,310
armor,wu0000143,수오미카스뮴플레이트,master/assets/items/armor/wu0000143_수오미카스뮴플레이트.webp,5cdeb09b219dfab61875d5a45e0e022ffa240aea,298
armor,wu0000144,뤼케시온카스뮴플레이트,master/assets/items/armor/wu0000144_뤼케시온카스뮴플레이트.webp,38510cc30424735e0cde606e2469ecc2e282a43c,304
armor,wu0000145,루어스카스뮴플레이트,master/assets/items/armor/wu0000145_루어스카스뮴플레이트.webp,f2ac6fff349d47f66ac7367617bbbdac4fa72369,278
armor,wu0000146,밀레스카스뮴플레이트,master/assets/items/armor/wu0000146_밀레스카스뮴플레이트.webp,012195c838af89954476224808d9b47ead3cc835,274
armor,wu0000147,수오미페플로스,master/assets/items/armor/wu0000147_수오미페플로스.webp,105323fa9e04d00a4deaa281f4a373046f69adca,290
armor,wu0000148,뤼케시온페플로스,master/assets/items/armor/wu0000148_뤼케시온페플로스.webp,15b59b5bb372bf777c25f820a87fdff4e8150012,262
armor,wu0000149,루어스페플로스,master/assets/items/armor/wu0000149_루어스페플로스.webp,e416e99519bd47b900a254d0f6b1a7f4cbfadc6c,312
armor,wu0000150,UNNAMED,master/assets/items/armor/wu0000150_UNNAMED.webp,fa50ead3ecc23d9e3e9a7c19b31cefea290055f6,292
armor,wu0000151,아벨길드로브,master/assets/items/armor/wu0000151_아벨길드로브.webp,cddd4299e6b74cf8e5a7d248b4022e6c20bad8f0,310
armor,wu0000152,뤼케시온길드로브,master/assets/items/armor/wu0000152_뤼케시온길드로브.webp,39b73038993777aa35f136283446331611e2d562,328
armor,wu0000153,루어스길드로브,master/assets/items/armor/wu0000153_루어스길드로브.webp,afbea4765f671e7eda629fccd0c445959b2f5e39,342
armor,wu0000154,밀레스길드로브,master/assets/items/armor/wu0000154_밀레스길드로브.webp,fd900a006acfb546cfe0f24cd303315ef8c25aff,328
armor,wu0000155,수오미길드로브,master/assets/items/armor/wu0000155_수오미길드로브.webp,6e976f199f675295350cd2e2fea14b9a31ab472b,342
armor,wu0000156,세인트로브,master/assets/items/armor/wu0000156_세인트로브.webp,801fff09e07ef1e5c4b98e3d51d4a786c926fe76,482
armor,wu0000157,마스터아머,master/assets/items/armor/wu0000157_마스터아머.webp,ac75d41eb7ab49b8a0c3389db512f19646833eed,266
armor,wu0000158,월영도복,master/assets/items/armor/wu0000158_월영도복.webp,2818a20794921907bff541fec46a4b36ae2ee5eb,230
armor,wu0000159,레인저아머,master/assets/items/armor/wu0000159_레인저아머.webp,87d8f988152448845f7f794b20b5c47ee051cf0d,340
armor,wu0000160,다크로브,master/assets/items/armor/wu0000160_다크로브.webp,96dfa3896902d7ce8c91dcbe4d56e93eb5002ae8,610
armor,wu0000161,가드아머,master/assets/items/armor/wu0000161_가드아머.webp,ac2c552d66b8ac9581a66eca8458a631556d26c9,452
armor,wu0000162,가드아머,master/assets/items/armor/wu0000162_가드아머.webp,c378ba5c2033cdedc4b88ff4504e5cf7160841f5,488
armor,wu0000163,가드아머,master/assets/items/armor/wu0000163_가드아머.webp,85f5532990c0dcfb3534fa04448608f3901d864d,492
armor,wu0000164,가드아머,master/assets/items/armor/wu0000164_가드아머.webp,2e0698ba987dede9a8ac8f785eef9217990e6f21,440
armor,wu0000165,흰웨딩드레스,master/assets/items/armor/wu0000165_흰웨딩드레스.webp,e10c43c4da1e32566c5f4668b8fd901302d3e431,896
armor,wu0000166,비키니,master/assets/items/armor/wu0000166_비키니.webp,ca4e53a564fd54416839bfd8a6ce225879ad3bfe,134
armor,wu0000167,비키니,master/assets/items/armor/wu0000167_비키니.webp,dc9b8bd1010447c0e1e20bbaac8ae4436ad9ab76,142
armor,wu0000168,UNNAMED,master/assets/items/armor/wu0000168_UNNAMED.webp,12053aaaf8d4c1daa5568dab2bf8e200c5eb8aeb,156
armor,wu0000169,UNNAMED,master/assets/items/armor/wu0000169_UNNAMED.webp,534a8d4f72f80b045d8ba564c2f584161b4e1513,116
armor,wu0000170,랩비키니,master/assets/items/armor/wu0000170_랩비키니.webp,0ec377a866e9eb9ea8a69f76e750a29bd55cd0d1,250
armor,wu0000171,여튜브,master/assets/items/armor/wu0000171_여튜브.webp,377faa0a5a49b33b4c658704282a35d33e607de3,306
armor,wu0000172,에코프리,master/assets/items/armor/wu0000172_에코프리.webp,6f24425f08d4e1a2e9f7e2e598365525c5d6d137,526
armor,wu0000173,마옷2,master/assets/items/armor/wu0000173_마옷2.webp,e8175c23580593c1a0fafef78bb2d9aa703a6b81,282
armor,wu0000174,라피스라즐리,master/assets/items/armor/wu0000174_라피스라즐리.webp,bd043ad54065ca15ef4fb03f2ee7e1dac6eef8bb,690
armor,wu0000175,UNNAMED,master/assets/items/armor/wu0000175_UNNAMED.webp,d93c17596cc83ab529163077412395083449e426,516
armor,wu0000176,가릉비가,master/assets/items/armor/wu0000176_가릉비가.webp,b33faa8407427de76063c780756d389c50c40365,408
armor,wu0000177,레일라,master/assets/items/armor/wu0000177_레일라.webp,0cda0d46746d96a9228171efcffb29115e9ab614,438
armor,wu0000178,세르네티,master/assets/items/armor/wu0000178_세르네티.webp,4f82cb3040b0c1400a628558fdc394e0f5701f9f,628
armor,wu0000179,라피스라즐리,master/assets/items/armor/wu0000179_라피스라즐리.webp,e0e8955e9ff3d535f77f11d568bc5e3b1d0bd464,674
armor,wu0000180,UNNAMED,master/assets/items/armor/wu0000180_UNNAMED.webp,77730e621a955eef6e958553792532c5bb855364,534
armor,wu0000181,가릉비가,master/assets/items/armor/wu0000181_가릉비가.webp,cc2f5d0f726984e99cdc7ea8f21a82a107b15c3b,408
armor,wu0000182,레일라,master/assets/items/armor/wu0000182_레일라.webp,e259bab599589ef206bd45d9a164e02cfebe4447,492
armor,wu0000183,세르네티,master/assets/items/armor/wu0000183_세르네티.webp,935a393dbc1190f1932e999783a11d6829090bed,616
armor,wu0000187,UNNAMED,master/assets/items/armor/wu0000187_UNNAMED.webp,d984f73059b15b267cf8d58d9f69278139b1b764,482
armor,wu0000188,로톤프릴,master/assets/items/armor/wu0000188_로톤프릴.webp,acbc65f353912277deb39f378a07234bd9a62d20,354
armor,wu0000189,타고르프릴,master/assets/items/armor/wu0000189_타고르프릴.webp,82ad4b53933aeec5099c0722ed1bbf12fd037cb4,344
armor,wu0000190,이스빌,master/assets/items/armor/wu0000190_이스빌.webp,ec848de97bd8ee564f78dac117396770994798a6,662
armor,wu0000191,트레이닝복,master/assets/items/armor/wu0000191_트레이닝복.webp,10bc6bd0c021825ba71b524d997adb133e3d2d72,334
armor,wu0000192,UNNAMED,master/assets/items/armor/wu0000192_UNNAMED.webp,431a566e8d0fc013e192f7f530c1092829267dd4,426
armor,wu0000193,UNNAMED,master/assets/items/armor/wu0000193_UNNAMED.webp,d305bf19f485a14bfb3904d04bc0bc4b18d864e3,416
armor,wu0000194,UNNAMED,master/assets/items/armor/wu0000194_UNNAMED.webp,5a6a86e437fcd63d741d86997000d37166c5415f,416
armor,wu0000195,나이트아머(Lev1),master/assets/items/armor/wu0000195_나이트아머(Lev1).webp,e53436fe2e460625c5822a5a4f860448643dc8ad,410
armor,wu0000196,UNNAMED,master/assets/items/armor/wu0000196_UNNAMED.webp,eef2e98c7529006c74784587a780a70cd031d7fe,406
armor,wu0000200,밀레스홀리데이숄더,master/assets/items/armor/wu0000200_밀레스홀리데이숄더.webp,2d077711500200a0339cb80bafe444735d8c59db,360
armor,wu0000201,아벨홀리데이숄더,master/assets/items/armor/wu0000201_아벨홀리데이숄더.webp,e417c7b0241e70f8e70421c163624303bba7a811,396
armor,wu0000202,루어스홀리데이숄더,master/assets/items/armor/wu0000202_루어스홀리데이숄더.webp,855cb982cb5a025e19b940c56791bcb4ce3403d4,414
armor,wu0000203,수오미홀리데이숄더,master/assets/items/armor/wu0000203_수오미홀리데이숄더.webp,51a102948ebc33957ef96f73dd632a86e4218c9b,336
armor,wu0000204,리시즈갑옷,master/assets/items/armor/wu0000204_리시즈갑옷.webp,29c6d5366f183b1db8b40ca87198e58c9798c973,242
armor,wu0000206,듈라한의상(여),master/assets/items/armor/wu0000206_듈라한의상(여).webp,ac916684378fa0a37ad7a1c2eb956dc9153f3508,350
armor,wu0000208,마법좀비의상,master/assets/items/armor/wu0000208_마법좀비의상.webp,c7bf21a24d0d275068991edcb301a05bdae12b73,222
armor,wu0000210,다크클레릭의상,master/assets/items/armor/wu0000210_다크클레릭의상.webp,e82f6994933690440b2ed34a50496c0e2b691fac,298
armor,wu0000212,워어렛의상,master/assets/items/armor/wu0000212_워어렛의상.webp,8763cad38f5f625f231160ef643ca3eb015598ff,264
armor,wu0000214,여화가옷,master/assets/items/armor/wu0000214_여화가옷.webp,0668e55be342a98ae4585155e7bbe63527b6bb08,326
armor,wu0000216,여성정장,master/assets/items/armor/wu0000216_여성정장.webp,c2e56abfdbe5cdaaaefd936e0c94307ded59fd85,300
armor,wu0000218,여음유시인의옷,master/assets/items/armor/wu0000218_여음유시인의옷.webp,ff9004300dffe2e5c6b54db0556909b6203333c9,348
armor,wu0000220,여설계자의옷,master/assets/items/armor/wu0000220_여설계자의옷.webp,45b0f064bd0815c634666005564942732c63bdf9,444
armor,wu0000222,현자의옷,master/assets/items/armor/wu0000222_현자의옷.webp,7340a5548e2a1d5ae2dec3b7c477a9e8c5dc11fb,260
armor,wu0000223,밀레스버틀,master/assets/items/armor/wu0000223_밀레스버틀.webp,3b71106ac46e16b85cc9db6673f551c2cbef6876,384
armor,wu0000224,뤼케시온버틀,master/assets/items/armor/wu0000224_뤼케시온버틀.webp,540c53d88645e60a2b2d85295919b13e47837513,394
armor,wu0000225,루어스버틀,master/assets/items/armor/wu0000225_루어스버틀.webp,64e5d2c4265815ebd0457dcc656b6274b596ac6f,400
armor,wu0000226,수오미버틀,master/assets/items/armor/wu0000226_수오미버틀.webp,ff76dd2bceabb73bb5c081838598d210dfd9894a,396
armor,wu0000227,호엔프릴,master/assets/items/armor/wu0000227_호엔프릴.webp,480b1ef4edb45a3db3801826aa258c276e64942a,362
armor,wu0000228,운디네프릴,master/assets/items/armor/wu0000228_운디네프릴.webp,ea818149c0b953f0bf88a5402c3118a5ebe58c8f,354
armor,wu0000229,홀리루딘프릴,master/assets/items/armor/wu0000229_홀리루딘프릴.webp,c1e1dd4f5d7c2e71b2ca3dfd008b2083d762b4cf,352
armor,wu0000231,오렌연무복,master/assets/items/armor/wu0000231_오렌연무복.webp,9451cccb1a36ac1d9fcd9d67fcc42bb5be9cde3f,308
armor,wu0000232,UNNAMED,master/assets/items/armor/wu0000232_UNNAMED.webp,1e901ba3f69f492b41010abf98d4ec79744d968a,294
armor,wu0000233,UNNAMED,master/assets/items/armor/wu0000233_UNNAMED.webp,5e9c41b0ef85beac4c256a58422936e635264f1e,320
armor,wu0000234,오렌풍전도복,master/assets/items/armor/wu0000234_오렌풍전도복.webp,086d17c06dbeb96fcd541a717eb65f82b7604885,342
armor,wu0000235,UNNAMED,master/assets/items/armor/wu0000235_UNNAMED.webp,615127567c762c569a9154c980103b02593be6dd,354
armor,wu0000236,오렌로브,master/assets/items/armor/wu0000236_오렌로브.webp,c83e49946469cf6111ce77c980e090e86947b759,328
armor,wu0000237,오렌미스틱로브,master/assets/items/armor/wu0000237_오렌미스틱로브.webp,b9249bbdf3389feeb6aa5826d2fa298803921d20,374
armor,wu0000238,오렌엘레맨틀,master/assets/items/armor/wu0000238_오렌엘레맨틀.webp,222221908806e89c624fb5af242cdd9fd734f9ef,312
armor,wu0000239,오렌홀리로브,master/assets/items/armor/wu0000239_오렌홀리로브.webp,ea2de9fb8c807f51c35d5f7b0dab300b80088118,368
armor,wu0000240,오렌매직로브,master/assets/items/armor/wu0000240_오렌매직로브.webp,9e8bc9b87ceb85bc252a5fac6be7f64881a28c65,408
armor,wu0000241,오렌꼬뜨,master/assets/items/armor/wu0000241_오렌꼬뜨.webp,f25478b23b2ff52b82f8a96bbb398cce45e2129c,246
armor,wu0000242,오렌브리간딘,master/assets/items/armor/wu0000242_오렌브리간딘.webp,80daeaa8fea223c8d6d05c1a67af8c507f297e66,328
armor,wu0000243,오렌페플로스,master/assets/items/armor/wu0000243_오렌페플로스.webp,741d7ffc7327cb9722803cf4944912fe7dbca68f,350
armor,wu0000244,오렌코르스,master/assets/items/armor/wu0000244_오렌코르스.webp,7513eb0bfb162e9ece0528733e6d6e3aae7cded3,316
armor,wu0000245,UNNAMED,master/assets/items/armor/wu0000245_UNNAMED.webp,2ac452cf0d086c413dc37b417ce55b7051811c6d,306
armor,wu0000246,오렌튜닉,master/assets/items/armor/wu0000246_오렌튜닉.webp,e9a3df799e3763d2951ca19d2480a881b452ab22,214
armor,wu0000247,UNNAMED,master/assets/items/armor/wu0000247_UNNAMED.webp,cb92a36109d2317781e3cab44fb8b278c31a6e4d,424
armor,wu0000248,오렌카스뮴플레이트,master/assets/items/armor/wu0000248_오렌카스뮴플레이트.webp,f46565fc2b0fc7f24e8d48f4050e24afc40b574c,342
armor,wu0000249,오렌피닉스메일,master/assets/items/armor/wu0000249_오렌피닉스메일.webp,8414ba89f81581b85cb0afe61ee11f0ac5e483d6,468
armor,wu0000250,실버세인트아머,master/assets/items/armor/wu0000250_실버세인트아머.webp,44189eb9620c2675cd58e11a567811e57eaf7352,548
armor,wu0000251,오렌매직스커트,master/assets/items/armor/wu0000251_오렌매직스커트.webp,d766c399d4c16a9bfe37c38f5fdfb346451ae225,300
armor,wu0000252,오렌베누스타,master/assets/items/armor/wu0000252_오렌베누스타.webp,96491b046b853e6fa4ae8e485e363e185c43dede,430
armor,wu0000253,UNNAMED,master/assets/items/armor/wu0000253_UNNAMED.webp,c8ce7461d69952eed8a8c79c1cb05bd2fd29a6e3,412
armor,wu0000254,오렌클리머스,master/assets/items/armor/wu0000254_오렌클리머스.webp,1f6840bedb9b467cdca2828a9df5e62d1bef7ba9,516
armor,wu0000255,오렌클라미스,master/assets/items/armor/wu0000255_오렌클라미스.webp,1659c2a0253f9810d77f9308cb4dc9c03eb4467d,372
armor,wu0000256,터틀,master/assets/items/armor/wu0000256_터틀.webp,02cfc41165c6143e076d2f06d39686eacf3e9dae,748
armor,wu0000257,뤼케시온홀리데이숄더,master/assets/items/armor/wu0000257_뤼케시온홀리데이숄더.webp,94366fa02f9cccccf391933c7a4a472850a99c90,406
armor,wu0000258,운디네홀리데이숄더,master/assets/items/armor/wu0000258_운디네홀리데이숄더.webp,e9b012bdf5b9ef2682737346647af6affa156911,412
armor,wu0000259,UNNAMED,master/assets/items/armor/wu0000259_UNNAMED.webp,1551658b80c28ab5ce0f37667ca8505f505dcd9a,414
armor,wu0000260,해적옷,master/assets/items/armor/wu0000260_해적옷.webp,71a488ec25e1c94a93cc4119531acffc36a1755d,464
armor,wu0000261,해적옷,master/assets/items/armor/wu0000261_해적옷.webp,4a4ec6736e8f7d760c2557e58aa989e04eeddd69,420
armor,wu0000262,축구심판복,master/assets/items/armor/wu0000262_축구심판복.webp,dd98db9af6f0192a1f5222cc58ac06a9db908018,180
armor,wu0000263,한국축구복,master/assets/items/armor/wu0000263_한국축구복.webp,4a4cc465e5d2a697c10702dd3817d945339a7b5d,266
armor,wu0000264,일본축구복,master/assets/items/armor/wu0000264_일본축구복.webp,8761cac39da59d1d83500403d525248242970a61,260
armor,wu0000265,올로스,master/assets/items/armor/wu0000265_올로스.webp,540de38a2870e12cb98dc4a9808bdf3e8c439bb5,296
armor,wu0000266,아이웬딜,master/assets/items/armor/wu0000266_아이웬딜.webp,188418b5710ef6d427f93dcb3f640aec9e1afdf9,302
armor,wu0000267,윌야,master/assets/items/armor/wu0000267_윌야.webp,97558278df85e41f127999cd85c046ad53fac1c3,348
armor,wu0000268,카닐,master/assets/items/armor/wu0000268_카닐.webp,fed184a5639abb1b5af8bb896ae4250456179a2e,454
armor,wu0000269,일렌타아리,master/assets/items/armor/wu0000269_일렌타아리.webp,f4a8ca4e361ecda1d9a128ed8414321c19d67fe2,484
armor,wu0000270,올로스(A),master/assets/items/armor/wu0000270_올로스(A).webp,6f0c72c056a576cff0ce59fb370ae521ec6858ad,292
armor,wu0000271,올로스(+1),master/assets/items/armor/wu0000271_올로스(+1).webp,b0f3b9bfa937d7a5816746e90607973ba01c6f84,290
armor,wu0000272,올로스(+2),master/assets/items/armor/wu0000272_올로스(+2).webp,70e0dcf62be355742d8d61be3a4d9f25993e5a9c,294
armor,wu0000273,UNNAMED,master/assets/items/armor/wu0000273_UNNAMED.webp,764dc431b24e842ec760d655d47e9992f58b9ac8,318
armor,wu0000274,아이웬딜(+1),master/assets/items/armor/wu0000274_아이웬딜(+1).webp,49bc4d8829872a5af0b2d31009d0338452d498b6,296
armor,wu0000275,아이웬딜(+2),master/assets/items/armor/wu0000275_아이웬딜(+2).webp,3a61fa4fe21f9f46b437e8503df5142a2278ae91,326
armor,wu0000276,아이웬딜(A),master/assets/items/armor/wu0000276_아이웬딜(A).webp,6f6f24ac3d261052675f95db22589484a910567e,332
armor,wu0000277,UNNAMED,master/assets/items/armor/wu0000277_UNNAMED.webp,1e605828830ef439a3000896465f670df100121c,318
armor,wu0000278,UNNAMED,master/assets/items/armor/wu0000278_UNNAMED.webp,48b86d5f4a1ac214818dfd681af18a1ea3632219,342
armor,wu0000279,윌야(+1),master/assets/items/armor/wu0000279_윌야(+1).webp,a66a824ce93a18473937d806b03d9e8040ff7ef9,330
armor,wu0000280,윌야(+2),master/assets/items/armor/wu0000280_윌야(+2).webp,32daf2a07dc35ba3418290d86d05c1cd18a1cb24,344
armor,wu0000281,윌야(A),master/assets/items/armor/wu0000281_윌야(A).webp,01f31bf1ba42580069f66d6f4333629bc23a3f20,322
armor,wu0000282,카닐(+2),master/assets/items/armor/wu0000282_카닐(+2).webp,6c7bc5c26600647d00fbf3b2e2f7d1f1377203ce,464
armor,wu0000283,UNNAMED,master/assets/items/armor/wu0000283_UNNAMED.webp,39a1a461d2d5a6915adce7c7da06a3d47350656c,430
armor,wu0000284,카닐(A),master/assets/items/armor/wu0000284_카닐(A).webp,6c88cdf2309a0b71c8010d74edf06db9a10f8f7b,438
armor,wu0000285,카닐(+1),master/assets/items/armor/wu0000285_카닐(+1).webp,d7c8da521a20d9a7cddfd1a8dd16ef3f0583631c,454
armor,wu0000286,일렌타아리(+2),master/assets/items/armor/wu0000286_일렌타아리(+2).webp,7ab66f0e07c3b28ba9e674bc16044381d0d86711,546
armor,wu0000287,일렌타아리(+1),master/assets/items/armor/wu0000287_일렌타아리(+1).webp,ff51f394668e2b284004641b8f22457428cedd40,540
armor,wu0000288,UNNAMED,master/assets/items/armor/wu0000288_UNNAMED.webp,30e5edc44471b7bb0d418c4f380db94f151e1e7c,588
armor,wu0000289,일렌타아리(A),master/assets/items/armor/wu0000289_일렌타아리(A).webp,5ab4213f38c18e446cbaf6d2d9fd3120fb6d86c0,522
armor,wu0000290,밀레스스톨라,master/assets/items/armor/wu0000290_밀레스스톨라.webp,3e6b0284190d07c383045d9c96b47dd5657ea68b,548
armor,wu0000291,소로니(+2),master/assets/items/armor/wu0000291_소로니(+2).webp,303ce466d0fb1834a70feb448da0eef9902d7ebc,374
armor,wu0000292,야이나르(+3),master/assets/items/armor/wu0000292_야이나르(+3).webp,a5df4a05e58d1f0d9e866b090753ad43845b6773,406
armor,wu0000293,UNNAMED,master/assets/items/armor/wu0000293_UNNAMED.webp,f5af43267e99bd0b857ad76b354ade290ebad292,470
armor,wu0000294,타르실란(+2),master/assets/items/armor/wu0000294_타르실란(+2).webp,0c2666c0b4f820f595ffc67f0ad744d0b4b0ee6b,454
armor,wu0000295,알쿠아론드,master/assets/items/armor/wu0000295_알쿠아론드.webp,75c48ba3a47bbda89836c7d22383f668fe00d767,424
armor,wu0000296,UNNAMED,master/assets/items/armor/wu0000296_UNNAMED.webp,34ea254410a3dcf535a1de2d77a7f199e013abba,404
armor,wu0000297,야이나르,master/assets/items/armor/wu0000297_야이나르.webp,f8380de860b9d6d639793fdb6504ec6e7825145d,384
armor,wu0000298,야이나르(+1),master/assets/items/armor/wu0000298_야이나르(+1).webp,4e65379ed2475900abe79f57474a249d1ffa3d38,410
armor,wu0000299,야이나르(+2),master/assets/items/armor/wu0000299_야이나르(+2).webp,06f74386dc6782fcc170eb198cf5783474bf83a8,386
armor,wu0000300,타르실란(+3),master/assets/items/armor/wu0000300_타르실란(+3).webp,cfa2c6d4934a3bdc89616004f9ea188b86e3d4ab,488
armor,wu0000301,UNNAMED,master/assets/items/armor/wu0000301_UNNAMED.webp,d5bcf07d0e547f4f810267d50fb078835ca93fa4,462
armor,wu0000302,타르실란(+1),master/assets/items/armor/wu0000302_타르실란(+1).webp,c8f8249d91657e130a9564588724723502bc4989,468
armor,wu0000303,타르실란,master/assets/items/armor/wu0000303_타르실란.webp,58a2ed5cb8506895ea08441841b720cf104825fb,456
armor,wu0000304,소로니(+1),master/assets/items/armor/wu0000304_소로니(+1).webp,2c287bfb172c0326c40c1383d6ac7cc0d7bf738c,390
armor,wu0000305,소로니(+3),master/assets/items/armor/wu0000305_소로니(+3).webp,af7bd28eb2400e64ffa3ddf85800c6d24863a10b,396
armor,wu0000306,소로니,master/assets/items/armor/wu0000306_소로니.webp,5a206bdbf074e8f6ff164e135b2bb43487514ce3,382
armor,wu0000307,UNNAMED,master/assets/items/armor/wu0000307_UNNAMED.webp,9d850ca418495df96a1d7fb5e153bec31fbeff9f,390
armor,wu0000308,카논,master/assets/items/armor/wu0000308_카논.webp,d28849cf899d36da204633e5191278bf87f0004c,480
armor,wu0000309,UNNAMED,master/assets/items/armor/wu0000309_UNNAMED.webp,f7d37b258b716c65b9cb71c6b70ee9566761f945,474
armor,wu0000310,카논(+1),master/assets/items/armor/wu0000310_카논(+1).webp,30d5c7cb24c4174d627a25874ffba9719be88211,510
armor,wu0000311,카논(+3),master/assets/items/armor/wu0000311_카논(+3).webp,067e3ee2f4643d51080f024ca2b4530b7c818aa7,476
armor,wu0000312,알쿠아론드(+2),master/assets/items/armor/wu0000312_알쿠아론드(+2).webp,f1231e6ecf20a6b24415006e000c98942fe3d134,484
armor,wu0000313,UNNAMED,master/assets/items/armor/wu0000313_UNNAMED.webp,9210ad9dde35904d4d118d9899d52bc5ba04de40,490
armor,wu0000314,알쿠아론드(+1),master/assets/items/armor/wu0000314_알쿠아론드(+1).webp,06ee1fe8c2f52f387b35bab35f8b462229f1e227,560
armor,wu0000315,알쿠아론드(+3),master/assets/items/armor/wu0000315_알쿠아론드(+3).webp,30fc37d0f33eda799412e9df9877e330e6bd9cb5,494
armor,wu0000316,연갈색비키니,master/assets/items/armor/wu0000316_연갈색비키니.webp,bd33398b71429b26a1daeea74a6c9ed762e36876,170
armor,wu0000317,흰색비키니,master/assets/items/armor/wu0000317_흰색비키니.webp,12601fecd0e16b43f9d83c9e1ec0978b2bf5218c,142
armor,wu0000318,분홍튜브,master/assets/items/armor/wu0000318_분홍튜브.webp,649be01f235d78e0d6d1cdb4642569bcc96128ec,264
armor,wu0000319,회색튜브,master/assets/items/armor/wu0000319_회색튜브.webp,5cc295b6895b279dc5be962248a40877d37dcac8,228
armor,wu0000320,전파펭귄옷,master/assets/items/armor/wu0000320_전파펭귄옷.webp,379a594f764c609b2cb621a5f5472965c0175db5,532
armor,wu0000321,여자산타코스튬,master/assets/items/armor/wu0000321_여자산타코스튬.webp,0c187a74bcbb93efc851d861ee0d7b5530706501,320
armor,wu0000322,적비류선의(여),master/assets/items/armor/wu0000322_적비류선의(여).webp,620eb1596c021706e02c1e349c913872ce45b8ed,590
armor,wu0000323,흑비류선의(여),master/assets/items/armor/wu0000323_흑비류선의(여).webp,7b4f754171232f4a130a4c9cedc3da0ce0f70299,558
armor,wu0000324,적비화후의(여),master/assets/items/armor/wu0000324_적비화후의(여).webp,34797b4e02d863b85e24669561c761b9d7685f35,606
armor,wu0000325,흑비화후의(여),master/assets/items/armor/wu0000325_흑비화후의(여).webp,8065fcbe994a654ebad4e85fae11d72ca71a5273,564
armor,wu0000326,적태극의(여),master/assets/items/armor/wu0000326_적태극의(여).webp,ba2a4105c23f7aad812596b71ee81087a3e53c35,416
armor,wu0000327,흑태극의(여),master/assets/items/armor/wu0000327_흑태극의(여).webp,1b123871e07b07e14df38bc071cd3e8480cf96b8,390
armor,wu0000328,적비화무갑주(여),master/assets/items/armor/wu0000328_적비화무갑주(여).webp,d72b501cc4414905d1fce8f19bfd90014f880f77,482
armor,wu0000329,흑비화무갑주(여),master/assets/items/armor/wu0000329_흑비화무갑주(여).webp,aae5289dfaac08911d683b42cd11036db9090381,430
armor,wu0000330,적비현진의(여),master/assets/items/armor/wu0000330_적비현진의(여).webp,3952d4986053041de6334c72efccbffef3d6c455,566
armor,wu0000331,흑비현진의(여),master/assets/items/armor/wu0000331_흑비현진의(여).webp,d6f18ea06a8faddbb02708c79aa06ae73cd7f6a5,496
armor,wu0000332,여자하와이안의상,master/assets/items/armor/wu0000332_여자하와이안의상.webp,371e02b55b5075649b97a733e2126546ca7228ae,492
armor,wu0000333,엘리스의상,master/assets/items/armor/wu0000333_엘리스의상.webp,27eec4c5ab653c266c1b5958bc777256c6403210,342
armor,wu0000334,UNNAMED,master/assets/items/armor/wu0000334_UNNAMED.webp,669367fa56fa3fe483c936e979c10a8ed26533d1,582
armor,wu0000335,UNNAMED,master/assets/items/armor/wu0000335_UNNAMED.webp,469d8cd97efa8977a355ae35c0efbf558c2eaf70,496
armor,wu0000336,UNNAMED,master/assets/items/armor/wu0000336_UNNAMED.webp,32f176917c1282b1d5c21ce94b3cb8d5294009bb,368
armor,wu0000337,UNNAMED,master/assets/items/armor/wu0000337_UNNAMED.webp,a3e8fe1234bce8d544c17b3a2dd130a3766ff469,454
armor,wu0000338,UNNAMED,master/assets/items/armor/wu0000338_UNNAMED.webp,671e0c1694fc337f0bf8daf6af05ee04da9ee58a,460
armor,wu0000339,러브핑크홀리데이숄더,master/assets/items/armor/wu0000339_러브핑크홀리데이숄더.webp,bda0ca0ead4c665d1ba9d37e20928cfe9db17f87,370
armor,wu0000340,정글회색괴물옷,master/assets/items/armor/wu0000340_정글회색괴물옷.webp,ddbcdca695f04fe9e147053a7138799bac6bfe55,482
armor,wu0000341,정글수풀옷(여),master/assets/items/armor/wu0000341_정글수풀옷(여).webp,6417deb3bdc9223a29f8f83c759e59ab13520d3a,322
armor,wu0000342,마인프릴,master/assets/items/armor/wu0000342_마인프릴.webp,052092396240bb14debd99dd86b04b515735eaad,346
armor,wu0000343,아벨프릴,master/assets/items/armor/wu0000343_아벨프릴.webp,8a7b7bb3401c415f0e81bb9443e0220e77dc000b,308
armor,wu0000344,피에트프릴,master/assets/items/armor/wu0000344_피에트프릴.webp,ff601912cf08391f0d097484c0d047837e553ba2,372
armor,wu0000345,UNNAMED,master/assets/items/armor/wu0000345_UNNAMED.webp,fac23b5ef438a0ea049227bef697d6bd7a41d76d,328
armor,wu0000346,UNNAMED,master/assets/items/armor/wu0000346_UNNAMED.webp,c0c3065f1dd228ccfcf658053cfaccddf0d46b0a,322
armor,wu0000347,신의길드로브,master/assets/items/armor/wu0000347_신의길드로브.webp,7df6a60f58ed52f2c9a557420154e2ff5cf10a21,330
armor,wu0000348,세인트로브,master/assets/items/armor/wu0000348_세인트로브.webp,3e5d6bc5752b49508c9ba103ca68cb5b093deb73,444
armor,wu0000349,마스터아머,master/assets/items/armor/wu0000349_마스터아머.webp,c707fb31da60568720525a79b56d8a8d6781d599,300
armor,wu0000350,UNNAMED,master/assets/items/armor/wu0000350_UNNAMED.webp,9e4811d09266d966a32b44653c8743e5e05fce8b,366
armor,wu0000351,레인저아머,master/assets/items/armor/wu0000351_레인저아머.webp,da4556d58f7a607453656bbd340dd390d9294fa6,402
armor,wu0000352,다크로브,master/assets/items/armor/wu0000352_다크로브.webp,1c2401ae75166081afe792a153a21ad8fc4502c2,698
armor,wu0000353,그린혼여자교복,master/assets/items/armor/wu0000353_그린혼여자교복.webp,40ef5bd8a60c147961f7541b3493ab9f763cb41c,358
armor,wu0000354,UNNAMED,master/assets/items/armor/wu0000354_UNNAMED.webp,21dda995ac3c90ca3ea622ddf91d0a216ea302b0,370
armor,wu0000355,UNNAMED,master/assets/items/armor/wu0000355_UNNAMED.webp,9b04166e7d71bbfa82cc9427d04720f77e63888f,372
armor,wu0000356,UNNAMED,master/assets/items/armor/wu0000356_UNNAMED.webp,ea99089e4e2e065c6a7df721d1f05ea5c1c94e4b,362
armor,wu0000357,UNNAMED,master/assets/items/armor/wu0000357_UNNAMED.webp,7767ca85ad9cb5379ee701b868fd6a6228d1cc1c,336
armor,wu0000358,UNNAMED,master/assets/items/armor/wu0000358_UNNAMED.webp,ee1e0456ebd379bf397a09753617c0e867cbb882,364
armor,wu0000359,UNNAMED,master/assets/items/armor/wu0000359_UNNAMED.webp,0d4d0dd6b6c14c90250ad110019a54f361a4bf06,352
armor,wu0000360,@@미구현,master/assets/items/armor/wu0000360_@@미구현.webp,1b2102c2a9ce8d7b60afc07b22051b10e6ff4973,678
armor,wu0000361,@@미구현,master/assets/items/armor/wu0000361_@@미구현.webp,4ce1956f8f50f470733916f9d52566ef36bcc1b7,478
armor,wu0000362,@@미구현,master/assets/items/armor/wu0000362_@@미구현.webp,b59a05b2c0c4a322ef368eefab937917474c4bd2,376
armor,wu0000363,@@미구현,master/assets/items/armor/wu0000363_@@미구현.webp,2143f236c52c5fb5e3796061977c064ef71c8efe,440
armor,wu0000364,@@미구현,master/assets/items/armor/wu0000364_@@미구현.webp,f080d70c09233487c73db55b0c9181f3deef060f,620
armor,wu0000365,운디네버틀,master/assets/items/armor/wu0000365_운디네버틀.webp,9ccf820bb686e5d2d8cd8f2fcc8d1516c2503741,398
armor,wu0000366,오렌버틀,master/assets/items/armor/wu0000366_오렌버틀.webp,a75b45083ce74fff27d6782a97f004088739f7b4,410
armor,wu0000367,아벨버틀,master/assets/items/armor/wu0000367_아벨버틀.webp,6031591a0f1df9f07bfcc22eed027541c1fe4d01,400
armor,wu0000368,홀리루딘버틀,master/assets/items/armor/wu0000368_홀리루딘버틀.webp,c06d60e94de19d421c101039b4836ce804d1beb5,392
armor,wu0000369,브릴윙아머,master/assets/items/armor/wu0000369_브릴윙아머.webp,3727ac927a26956c9f36f6afba86468794856df7,684
armor,wu0000370,레인헌트아머,master/assets/items/armor/wu0000370_레인헌트아머.webp,db9b96c266be09a0cd7fcdb2e017b1bc1001ed42,674
armor,wu0000371,브레스럭아머,master/assets/items/armor/wu0000371_브레스럭아머.webp,7e97d70ac9587b805de92e111d6cf8295e6f0710,708
armor,wu0000372,페이로브아머,master/assets/items/armor/wu0000372_페이로브아머.webp,8ac1cbfdba61d05c1518014f0a51e75be423ba85,726
armor,wu0000373,윌화이어아머,master/assets/items/armor/wu0000373_윌화이어아머.webp,513fae10085c3b449803f5491472019e85088821,624
armor,wu0000374,혼돈의갑주(지존-전사),master/assets/items/armor/wu0000374_혼돈의갑주(지존-전사).webp,938d40788941e00869808c1e269b1396ee65a231,564
armor,wu0000375,마도코어아머(성직자),master/assets/items/armor/wu0000375_마도코어아머(성직자).webp,dc0fbb826d8e1445c2425c33badbe2f6533d11d9,574
armor,wu0000376,UNNAMED,master/assets/items/armor/wu0000376_UNNAMED.webp,1af366d0a5b0451c71d48f5beef1952db5d06596,474
armor,wu0000377,UNNAMED,master/assets/items/armor/wu0000377_UNNAMED.webp,21b77e7ad21b02d6cf4f36881a9b4aac9a69d209,436
armor,wu0000378,UNNAMED,master/assets/items/armor/wu0000378_UNNAMED.webp,5473ecf55fca56ba94847c0ad43dfb80887aed9d,404
armor,wu0000379,마도코어달마티카,master/assets/items/armor/wu0000379_마도코어달마티카.webp,a522d6da990a5eb8f90a729822dba6d94915cc7f,552
armor,wu0000380,그린혼추동복,master/assets/items/armor/wu0000380_그린혼추동복.webp,23058f18863c29b51fc6ae7b1808a1ff12876b7a,470
armor,wu0000381,UNNAMED,master/assets/items/armor/wu0000381_UNNAMED.webp,6903bf8db28daf928289c1290fdba778b6c21d82,802
armor,wu0000382,UNNAMED,master/assets/items/armor/wu0000382_UNNAMED.webp,70e6003853bc2cf9609126d33df317104b6d1efd,648
armor,wu0000383,골키퍼의상,master/assets/items/armor/wu0000383_골키퍼의상.webp,cffe6d16af4ad495089c0e306298a79ddbd0e856,218
armor,wu0000384,소로니(+4),master/assets/items/armor/wu0000384_소로니(+4).webp,8c11c23d2848f2bc4de4cad0b5255b860b7ad022,534
armor,wu0000385,야이나르(+4),master/assets/items/armor/wu0000385_야이나르(+4).webp,8a389076dec367aac44ae959976c577215780f99,532
armor,wu0000386,카논(+4),master/assets/items/armor/wu0000386_카논(+4).webp,77613b8ee8644567b7e66161fc993a7b0fa2e906,566
armor,wu0000387,타르실란(+4),master/assets/items/armor/wu0000387_타르실란(+4).webp,bb29a0b19712a44fddeecd9a12449e2153f340b6,556
armor,wu0000388,알쿠아론드(+4),master/assets/items/armor/wu0000388_알쿠아론드(+4).webp,8852caa73c71a010a8d2643175a39b53e889b00e,532
armor,wu0000389,백비류선의(여),master/assets/items/armor/wu0000389_백비류선의(여).webp,c59ee145a311fbf067b571d37327c7cb403b5160,522
armor,wu0000390,백비화무갑주(여),master/assets/items/armor/wu0000390_백비화무갑주(여).webp,7970452e232343270f055507e80b4037d3d79cb8,496
armor,wu0000391,백태극의(여),master/assets/items/armor/wu0000391_백태극의(여).webp,e1dbf4705053e45f9d7331d6bb1b01e043279715,394
armor,wu0000392,백비현진의(여),master/assets/items/armor/wu0000392_백비현진의(여).webp,5d51880fa9a8bdbc2e6c20f58e46c9a9329004c2,412
armor,wu0000393,백비화후의(여),master/assets/items/armor/wu0000393_백비화후의(여).webp,6649be6de6241ec490f6911a2547080d62be4dc3,528
armor,wu0000394,아이웬딜,master/assets/items/armor/wu0000394_아이웬딜.webp,e3bdfb1ea2850e4329d740a1228e5674cf5bd9f1,482
armor,wu0000395,카닐,master/assets/items/armor/wu0000395_카닐.webp,ea4016734f2d40322b1249c54bcd0f0acbc2a3e0,338
armor,wu0000396,올로스,master/assets/items/armor/wu0000396_올로스.webp,1a2a2074e25bb573bd099fdfd4909bc71bcd2eff,312
armor,wu0000397,UNNAMED,master/assets/items/armor/wu0000397_UNNAMED.webp,b65fad54f6cefe7b1b38d1cd684867db8a8243d8,224
armor,wu0000398,일렌타아리,master/assets/items/armor/wu0000398_일렌타아리.webp,03b308f97413afab5b70251039d041283b67cfac,448
armor,wu0000399,UNNAMED,master/assets/items/armor/wu0000399_UNNAMED.webp,b62e5ec6d6b2ea2216486f8f24cd943f40772beb,364
armor,wu0000400,스톨라,master/assets/items/armor/wu0000400_스톨라.webp,6f88cb05ff809f7979ba8cf9aa15fb5fadec5b59,430
armor,wu0000401,UNNAMED,master/assets/items/armor/wu0000401_UNNAMED.webp,83e1243af5c0f849130545bef48d68af327bff8f,268
armor,wu0000402,UNNAMED,master/assets/items/armor/wu0000402_UNNAMED.webp,2417a850ac538c15333900922e120155b5b1a51c,338
armor,wu0000403,UNNAMED,master/assets/items/armor/wu0000403_UNNAMED.webp,524c3fe0b76fbb50f3008e2378ce2c0eb9166bb0,294
armor,wu0000404,클레릭아머(Lev1),master/assets/items/armor/wu0000404_클레릭아머(Lev1).webp,9805093399591012888b5f0efa04e3e8362c066f,640
armor,wu0000405,UNNAMED,master/assets/items/armor/wu0000405_UNNAMED.webp,005d72fca71225b2a5348755ef9e4d9a1d857f3f,690
armor,wu0000406,소울릭아머(Lev1),master/assets/items/armor/wu0000406_소울릭아머(Lev1).webp,873817419f244347b90592a3f500e5e528032347,528
armor,wu0000407,어쌔신아머(Lev1),master/assets/items/armor/wu0000407_어쌔신아머(Lev1).webp,762eb493000fae47f2eebb205611ef72c31678f0,562
armor,wu0000408,엘리멘탈아머(Lev1),master/assets/items/armor/wu0000408_엘리멘탈아머(Lev1).webp,d4e7abc4d5294c2bebbc946066697dc405fd168b,646
armor,wu0000434,크리스마스츄리닝(여),master/assets/items/armor/wu0000434_크리스마스츄리닝(여).webp,4d20745e379e2326b9c103ea735a3a8189b0d962,274
armor,wu0000435,리비드바크,master/assets/items/armor/wu0000435_리비드바크.webp,26a9659f6b57402cb3b0a722b877be1e930e3a5e,1064
armor,wu0000436,레드리본바크,master/assets/items/armor/wu0000436_레드리본바크.webp,d35ddf1f41e2dc0ff961dff1829a56f1c9f173df,1054
armor,wu0000437,프러시안바크,master/assets/items/armor/wu0000437_프러시안바크.webp,3ba716e4abf84e23ddf6d15024767d4773d84b4d,1064
armor,wu0000438,UNNAMED,master/assets/items/armor/wu0000438_UNNAMED.webp,58f9e0f666acba35b7a3b8396bb6809331eeaf56,1022
armor,wu0000439,펭귄옷(업그레이드),master/assets/items/armor/wu0000439_펭귄옷(업그레이드).webp,cbce4a570a48c859a99dedfd4db5be5eb97b1b16,674
armor,wu0000440,전파펭귄옷(업그레이드),master/assets/items/armor/wu0000440_전파펭귄옷(업그레이드).webp,a9f0ca84f7daf2850e00fb5459cacaa4db6076c6,702
armor,wu1000001,명화당의,master/assets/items/armor/wu1000001_명화당의.webp,14632f617b672e4f6a0e498ac48082facd4f0c7f,530
armor,wu1000002,명화당의,master/assets/items/armor/wu1000002_명화당의.webp,90d059bd21a839978e616b924be7727287bb1615,548
armor,wu1000003,명화당의,master/assets/items/armor/wu1000003_명화당의.webp,f4e2c958944e1acaae82e9d7117dce60c29388d0,546
armor,wu1000004,명화당의,master/assets/items/armor/wu1000004_명화당의.webp,3026d570a85dfec24deeb4052fc6413d46716d24,518
armor,wu1000005,명화당의,master/assets/items/armor/wu1000005_명화당의.webp,6b159bd6e49e722f44bddea17b02c3cc4aeed327,536
armor,wu1000006,명화당의,master/assets/items/armor/wu1000006_명화당의.webp,5b22ba16f8ebf219521a99128bd8339c7a19351f,574
armor,wu1000007,발렌타인원피스,master/assets/items/armor/wu1000007_발렌타인원피스.webp,47bb411ab930acace04d79a5eb77b16d6b64d66d,362
armor,wu1000008,발렌타인원피스,master/assets/items/armor/wu1000008_발렌타인원피스.webp,4ac35960681325683c4e861c8ac74ed8e760ca40,368
armor,wu1000009,발렌타인원피스,master/assets/items/armor/wu1000009_발렌타인원피스.webp,19222bcec67485a003f1485f97de798045dfc8da,360
armor,wu1000010,발렌타인원피스,master/assets/items/armor/wu1000010_발렌타인원피스.webp,64d938a78646700084f9dcc7f439aed98441afc7,358
armor,wu1000011,발렌타인원피스,master/assets/items/armor/wu1000011_발렌타인원피스.webp,a24a653a575ca250c24bcd45ef2cb65ffc0b2bb0,356
armor,wu1000012,큐티세일러교복,master/assets/items/armor/wu1000012_큐티세일러교복.webp,3b09d175cf9fc21768c50705bfe78b79d4b7a5cc,304
armor,wu1000013,오레오리본원피스,master/assets/items/armor/wu1000013_오레오리본원피스.webp,dfd20331254a06d5cf19faf6703f7d3339fae9ff,260
armor,wu1000014,UNNAMED,master/assets/items/armor/wu1000014_UNNAMED.webp,de639ebb0421570232d4917bd45e656bf7dc2694,308
armor,wu1000015,프린세스드레스,master/assets/items/armor/wu1000015_프린세스드레스.webp,82989f8e64a65dadfc040d56c931840d67d4d6bc,844
armor,wu1000016,몸짱비키니fx,master/assets/items/armor/wu1000016_몸짱비키니fx.webp,f2fea6da665611ce36cf83dc1dbebccb649d0679,398
armor,wu1000017,펜리르의갑옷(+1),master/assets/items/armor/wu1000017_펜리르의갑옷(+1).webp,f12cfd1a1958c4b8188ab1f5f2893f048f863f12,458
armor,wu1000018,전통장수갑옷,master/assets/items/armor/wu1000018_전통장수갑옷.webp,d66300059f791e24486058c96bef9b65246e0e2b,582
armor,wu1000019,명화당의,master/assets/items/armor/wu1000019_명화당의.webp,b9930404505cb5ae29be0a6d9838c5cac05a9d58,530
armor,wu1000020,명화당의,master/assets/items/armor/wu1000020_명화당의.webp,68d2ca9997805acd7b343fe7e37dfca97237f6fb,524
armor,wu1000021,명화당의,master/assets/items/armor/wu1000021_명화당의.webp,1dbfad8a08049d7a2d45d7bfdaa97407ea867ef7,524
armor,wu1000022,명화당의,master/assets/items/armor/wu1000022_명화당의.webp,e1d49dd3a758c1cace2cf3a1ac42b92cb107521e,500
armor,wu1000023,스켈톤갑옷,master/assets/items/armor/wu1000023_스켈톤갑옷.webp,86095d058d937a88c107f71bf2b43d199b3a9fb6,252
armor,wu1000024,여흑마술사의상FX,master/assets/items/armor/wu1000024_여흑마술사의상FX.webp,7a7ce25ae1e40872ec312dc9cfb97c85a289a33c,374
armor,wu1000025,인디언복장,master/assets/items/armor/wu1000025_인디언복장.webp,9ad5f0bd38a9c453677c857d0d2e16c6741b28f5,516
armor,wu1000026,크리스마스의상,master/assets/items/armor/wu1000026_크리스마스의상.webp,ae8a8de9fc9f8897c2fe449407cadae074b69f6a,754
armor,wu1000027,여자한복설빔FX,master/assets/items/armor/wu1000027_여자한복설빔FX.webp,cd000aadfa9601c6eba7e4b973c8d59af151e780,588
armor,wu1000028,여자돼지의상,master/assets/items/armor/wu1000028_여자돼지의상.webp,dfe06c9fe18f08352ad37196cf2737085b0aa088,474
armor,wu1000029,카쿰,master/assets/items/armor/wu1000029_카쿰.webp,eaeb77d0cdd10f42e526aee6624de58b97b3dd86,422
armor,wu1000030,UNNAMED,master/assets/items/armor/wu1000030_UNNAMED.webp,e8c9aa1314905a405ac438e8bb9cb9d474d2dc3c,616
armor,wu1000031,여자피크닉의상,master/assets/items/armor/wu1000031_여자피크닉의상.webp,eff1044d052cb8b90600e7e3e6fde35a54ce48d1,458
armor,wu1000032,오렌카쿰,master/assets/items/armor/wu1000032_오렌카쿰.webp,98bc4e691450c825730772a6f155c693a244ed0f,526
armor,wu1000033,용자의의복,master/assets/items/armor/wu1000033_용자의의복.webp,27ee2672946b7db240e668ff3cf8267002cdac27,520
armor,wu1000034,윌화이어아머,master/assets/items/armor/wu1000034_윌화이어아머.webp,1bc9a0e2f1d22d04f78ebe0fb9680077b2de7f1b,658
armor,wu1000035,페이로브아머,master/assets/items/armor/wu1000035_페이로브아머.webp,8ac1cbfdba61d05c1518014f0a51e75be423ba85,726
armor,wu1000036,에인션트몽크아머FX,master/assets/items/armor/wu1000036_에인션트몽크아머FX.webp,3e58a430ba81f8256c7984c333a6afc1b08059cd,664
armor,wu1000037,오리엔탈의상,master/assets/items/armor/wu1000037_오리엔탈의상.webp,1e18fb95596ce4a0e989181aaa909599bb60a788,568
armor,wu1000038,캉캉드레스FX,master/assets/items/armor/wu1000038_캉캉드레스FX.webp,f773c62cf0b08587420665c043222a81cc34bdf9,564
armor,wu1000039,전투복,master/assets/items/armor/wu1000039_전투복.webp,542a83e8bdd3a8f71d9462dd849455929ed11d7d,416
armor,wu1000040,블루샤크의상,master/assets/items/armor/wu1000040_블루샤크의상.webp,ac7f3ea5f5d7e468ac3d400af978c401024ace21,586
armor,wu1000041,UNNAMED,master/assets/items/armor/wu1000041_UNNAMED.webp,f82ff432fed462b9750c2ccb8f993df5a46f4f4f,336
armor,wu1000042,윌화이어아머,master/assets/items/armor/wu1000042_윌화이어아머.webp,513fae10085c3b449803f5491472019e85088821,624
armor,wu1000043,UNNAMED,master/assets/items/armor/wu1000043_UNNAMED.webp,eaf62d27e7661b3cd36ea202bd1a3ee2c97f1954,572
armor,wu1000044,여자고구려의상,master/assets/items/armor/wu1000044_여자고구려의상.webp,110ddce1a15f5ac7d696d52edd45ac69ef28fd25,544
armor,wu1000045,펌프킨의상,master/assets/items/armor/wu1000045_펌프킨의상.webp,9075101cf252b3a50bc213a300807280dedccae6,302
armor,wu1000046,가을햇살코트,master/assets/items/armor/wu1000046_가을햇살코트.webp,ed5f332cdb155c002af95fd17b4ef95e0099a6a7,388
armor,wu1000047,UNNAMED,master/assets/items/armor/wu1000047_UNNAMED.webp,daf950c55c4b891e7baf5c8844b531bfae47fe04,330
armor,wu1000048,붉은츄리닝(여),master/assets/items/armor/wu1000048_붉은츄리닝(여).webp,1af84fd2c67a4358e5251f26b94ec7d0c0920125,270
armor,wu1000049,트레이닝걸,master/assets/items/armor/wu1000049_트레이닝걸.webp,d6f34d2e143a7b6c0106c24507768f7af493358b,266
armor,wu1000050,얼룩무늬송아지의상,master/assets/items/armor/wu1000050_얼룩무늬송아지의상.webp,8ea2adf3da1ace1b215cf300df82392925019bba,508
armor,wu1000051,새너클로리,master/assets/items/armor/wu1000051_새너클로리.webp,dbebde24cde341928a1f9bee8fd904dc69fedaca,648
armor,wu1000052,UNNAMED,master/assets/items/armor/wu1000052_UNNAMED.webp,089c58925b212dbd0715b841cec576f2d09c0e02,888
armor,wu1000053,[꼬꼬알]쥐순이의상,master/assets/items/armor/wu1000053_[꼬꼬알]쥐순이의상.webp,2a8455fda1093c904d7f3a0ee3782d00f1f7bc67,494
armor,wu1000054,비단활의,master/assets/items/armor/wu1000054_비단활의.webp,e3d62193fa68c5d1524dc31548d2e5a60191b112,600
armor,wu1000055,장난감병정의상(여),master/assets/items/armor/wu1000055_장난감병정의상(여).webp,433cc3bbaea1a382910bebdcc553772e7702f64d,370
armor,wu1000056,일루전드레스FX,master/assets/items/armor/wu1000056_일루전드레스FX.webp,55edbcf4c021887b1d675a2992367d033a4c19cc,734
armor,wu1000057,손오공의상(여),master/assets/items/armor/wu1000057_손오공의상(여).webp,81d9fd38889b2d03fcba5ef7e1ef7bcf757dfba4,416
armor,wu1000058,스프링헤이즈스커트FX,master/assets/items/armor/wu1000058_스프링헤이즈스커트FX.webp,eab6e37ffaa1dc8eb1682c20ad8ea037b93c79b9,288
armor,wu1000059,엘븐플레이트(여),master/assets/items/armor/wu1000059_엘븐플레이트(여).webp,cce20b0907fb0b3f27b6e03a7989db6663777c96,520
armor,wu1000060,UNNAMED,master/assets/items/armor/wu1000060_UNNAMED.webp,a393f056ccd1a1ed136f81a91094d3cc4c1b5cc7,568
armor,wu1000061,트로피칼투피스,master/assets/items/armor/wu1000061_트로피칼투피스.webp,84cddaeebd04d6504a2f91cadd3bfceaa840c20f,312
armor,wu1000062,[돌아온]봄바람신부,master/assets/items/armor/wu1000062_[돌아온]봄바람신부.webp,202cf82566c6ff75e366971b168b2ad08d16d8e8,468
armor,wu1000063,UNNAMED,master/assets/items/armor/wu1000063_UNNAMED.webp,7967047756faf206f1eacdc3378cd2b5a874ae60,532
armor,wu1000064,[돌아온]오딘의갑옷,master/assets/items/armor/wu1000064_[돌아온]오딘의갑옷.webp,97c58539ccebb390ca880fdda6d6c50e44523be8,570
armor,wu1000065,튤립파티드레스,master/assets/items/armor/wu1000065_튤립파티드레스.webp,7e382574430a001e1b781314090e1d3c9e26137e,488
armor,wu1000066,무당의상(여),master/assets/items/armor/wu1000066_무당의상(여).webp,faabf5e5a77473ca079d7be5017cf93635431107,692
armor,wu1000067,삐에로광대의상FX,master/assets/items/armor/wu1000067_삐에로광대의상FX.webp,51de674f2056af34cd5922a861bfb99122c9b532,374
armor,wu1000068,레이스원피스,master/assets/items/armor/wu1000068_레이스원피스.webp,3ae3686bb413b5f96d261169b246380149fe6bc7,400
armor,wu1000069,짓폰전통의상(여),master/assets/items/armor/wu1000069_짓폰전통의상(여).webp,9ba0969081650f3d9d1eae7e0d1ff3c14b6948c1,470
armor,wu1000070,붉은짓폰전통의상(여),master/assets/items/armor/wu1000070_붉은짓폰전통의상(여).webp,cb7d3caf61fd07e31090b7871755d470ba677da6,466
armor,wu1000071,푸른짓폰전통의상(여),master/assets/items/armor/wu1000071_푸른짓폰전통의상(여).webp,c40b7482f6b4438c20e549125146539fafba7d26,478
armor,wu1000072,섬머웨어(여)FX,master/assets/items/armor/wu1000072_섬머웨어(여)FX.webp,d54b7cf40fe917bb55afe116e7aa0be113fc4682,360
armor,wu1000073,핑크마녀의상(+1),master/assets/items/armor/wu1000073_핑크마녀의상(+1).webp,c517181911c469349b6dee0491617c39b8214b59,406
armor,wu1000074,미디블레이디드레스,master/assets/items/armor/wu1000074_미디블레이디드레스.webp,e74e459e62208c2f6619740fb89915886154e053,436
armor,wu1000075,UNNAMED,master/assets/items/armor/wu1000075_UNNAMED.webp,955fb9943d7da18e02f0ff45a5f4e3a535ab0a74,878
armor,wu1000076,카리브해적의상(여),master/assets/items/armor/wu1000076_카리브해적의상(여).webp,31dbf47ec3a40b0e4d6f69c90e86ea276ea83361,492
armor,wu1000077,UNNAMED,master/assets/items/armor/wu1000077_UNNAMED.webp,5dff5d8e4975083aa6708a6ac25d9f016f33d9d3,272
armor,wu1000078,라이온아머,master/assets/items/armor/wu1000078_라이온아머.webp,a1cb0cf106ad45beb90710e7049dad60bee32362,770
armor,wu1000079,치파오(여),master/assets/items/armor/wu1000079_치파오(여).webp,addd47c7d1c604d461cb59816867fee2ea7fd93d,318
armor,wu1000080,튜브수영복(여),master/assets/items/armor/wu1000080_튜브수영복(여).webp,37a79a0cb414df2627c53a674a99d41ce394bc8b,380
armor,wu1000081,타바리민속의상(여),master/assets/items/armor/wu1000081_타바리민속의상(여).webp,24fe21ee2f48c9f853f7e3d0763e78d696f4eea0,450
armor,wu1000082,팬더의상(여),master/assets/items/armor/wu1000082_팬더의상(여).webp,a9c1fe8665abb5e309a5325c2285868d56f089f9,502
armor,wu1000083,UNNAMED,master/assets/items/armor/wu1000083_UNNAMED.webp,48e86adcc9ab534071f2749ff9000a795dce97c7,510
armor,wu1000084,UNNAMED,master/assets/items/armor/wu1000084_UNNAMED.webp,5175e0f7b29b0aa1ad65514c3796b48e6b922ee7,734
armor,wu1000085,UNNAMED,master/assets/items/armor/wu1000085_UNNAMED.webp,060063aef47403422319137900361c2ef1cd7173,704
armor,wu1000086,로코코풍드레스,master/assets/items/armor/wu1000086_로코코풍드레스.webp,82bf1e8614d3f14503818e2ba992a3ef147ad601,700
armor,wu1000087,로코코풍드레스,master/assets/items/armor/wu1000087_로코코풍드레스.webp,1c7d94b1cbb9ca928d44db788d86d2b280702097,698
armor,wu1000088,UNNAMED,master/assets/items/armor/wu1000088_UNNAMED.webp,5db35781cd21965fcfe93c9af26c568ac46bf3b2,572
armor,wu1000089,UNNAMED,master/assets/items/armor/wu1000089_UNNAMED.webp,e74bcfa44064954425a6249a0e22c901f91696fc,582
armor,wu1000090,UNNAMED,master/assets/items/armor/wu1000090_UNNAMED.webp,3eeffc13a8233b8157bb7f14e9b9908f70e99c27,550
armor,wu1000091,향단이의상,master/assets/items/armor/wu1000091_향단이의상.webp,eaddf8543acaf2619ed8683f2e37a6bb4bbe9138,474
armor,wu1000092,오피스정장의상(여),master/assets/items/armor/wu1000092_오피스정장의상(여).webp,cdb502d51f65362d4f95191d9895d44b1eee8fe3,284
armor,wu1000093,로즈데이드레스(화이트),master/assets/items/armor/wu1000093_로즈데이드레스(화이트).webp,3db576a355a6607bbfb6598448316e80b5a6c193,246
armor,wu1000096,UNNAMED,master/assets/items/armor/wu1000096_UNNAMED.webp,23794664bcbe6dcea71b9acbbfaec406e6d5eeef,254
armor,wu1000097,UNNAMED,master/assets/items/armor/wu1000097_UNNAMED.webp,3a64e87721a1530b484c8037416023a12556e0b6,242
armor,wu1000098,썸머드레스(여),master/assets/items/armor/wu1000098_썸머드레스(여).webp,7ad8019d1e14d246225fbc6747c0e51c514914c8,334
armor,wu1000099,고고학자의상(여),master/assets/items/armor/wu1000099_고고학자의상(여).webp,b989c80893ea6eac572cbb1f64ef17a967bce7eb,316
armor,wu1000100,노란우비의상(여),master/assets/items/armor/wu1000100_노란우비의상(여).webp,f8bf97b36f8f0bf1a77ba3b9149574287b03b295,364
armor,wu1000101,비치비키니,master/assets/items/armor/wu1000101_비치비키니.webp,9d55aec7d8968655b47a90a6db826e819059ed27,204
armor,wu1000102,블루마린의상(여),master/assets/items/armor/wu1000102_블루마린의상(여).webp,b084fb1c72dc9260e263aadf7406e9a66afb573a,310
armor,wu1000103,[의상]홀리데이숄더,master/assets/items/armor/wu1000103_[의상]홀리데이숄더.webp,9c514ef65a289864358b3d1ae5a018bbb7931443,334
armor,wu1000104,[의상]밀레스홀리데이숄더,master/assets/items/armor/wu1000104_[의상]밀레스홀리데이숄더.webp,2d077711500200a0339cb80bafe444735d8c59db,360
armor,wu1000105,[의상]아벨홀리데이숄더,master/assets/items/armor/wu1000105_[의상]아벨홀리데이숄더.webp,e417c7b0241e70f8e70421c163624303bba7a811,396
armor,wu1000106,[의상]루어스홀리데이숄더,master/assets/items/armor/wu1000106_[의상]루어스홀리데이숄더.webp,855cb982cb5a025e19b940c56791bcb4ce3403d4,414
armor,wu1000107,[의상]수오미홀리데이숄더,master/assets/items/armor/wu1000107_[의상]수오미홀리데이숄더.webp,51a102948ebc33957ef96f73dd632a86e4218c9b,336
armor,wu1000108,[의상]뤼케시온홀리데이숄더,master/assets/items/armor/wu1000108_[의상]뤼케시온홀리데이숄더.webp,94366fa02f9cccccf391933c7a4a472850a99c90,406
armor,wu1000109,[의상]운디네홀리데이숄더,master/assets/items/armor/wu1000109_[의상]운디네홀리데이숄더.webp,e9b012bdf5b9ef2682737346647af6affa156911,412
armor,wu1000110,[의상]오렌홀리데이숄더,master/assets/items/armor/wu1000110_[의상]오렌홀리데이숄더.webp,1551658b80c28ab5ce0f37667ca8505f505dcd9a,414
armor,wu1000111,[의상]러브핑크홀리데이숄더,master/assets/items/armor/wu1000111_[의상]러브핑크홀리데이숄더.webp,bda0ca0ead4c665d1ba9d37e20928cfe9db17f87,370
armor,wu1000112,드라코의상,master/assets/items/armor/wu1000112_드라코의상.webp,cd932c93be15f02e3d288c20bae9ea4dd75c47eb,878
armor,wu1000114,UNNAMED,master/assets/items/armor/wu1000114_UNNAMED.webp,0c42d539bb6c76516b17e3249c30570f81ecc632,436
armor,wu1000115,머메이드드레스FX,master/assets/items/armor/wu1000115_머메이드드레스FX.webp,448ed0d17d8b9907e6ab4db94d94ab7b10a4ee53,354
armor,wu1000118,UNNAMED,master/assets/items/armor/wu1000118_UNNAMED.webp,17a4c6c07cf100c84bc1b5a6591dce622bfb866d,600
armor,wu1000119,UNNAMED,master/assets/items/armor/wu1000119_UNNAMED.webp,54ee7d690305d85408945801613f66eb0a533685,502
armor,wu1000120,UNNAMED,master/assets/items/armor/wu1000120_UNNAMED.webp,fcf8dada98d4193e603995d7f0c090a6804f267d,556
armor,wu1000121,펌킨슈트(여),master/assets/items/armor/wu1000121_펌킨슈트(여).webp,6e42813eb5a8aa260b10697171fc532bed8193dd,458
armor,wu1000122,청룡한복의상(여)FX,master/assets/items/armor/wu1000122_청룡한복의상(여)FX.webp,79fe5487e61c868e643182d808e9d8eb9ece5edd,814
armor,wu1000124,봄나들이의상(여)FX,master/assets/items/armor/wu1000124_봄나들이의상(여)FX.webp,9172ee2f91a91891de6ac2a7d4a8ea32f4e48aca,432
armor,wu1000125,마신강림의상(여)FX,master/assets/items/armor/wu1000125_마신강림의상(여)FX.webp,a52b587a4f2bfc024ebbfc1a67607ce18be37164,616
armor,wu1000126,명화당의,master/assets/items/armor/wu1000126_명화당의.webp,cc6d94157bf2a659715ec60c13b191a1647e1fff,520
armor,wu1000127,명화당의,master/assets/items/armor/wu1000127_명화당의.webp,983a5d9d2a135f013cd48006f9c8e80647f92eca,526
armor,wu1000128,명화당의,master/assets/items/armor/wu1000128_명화당의.webp,fe203251b1f089b45f0ce2a7680b4648bab7a20e,532
armor,wu1000129,명화당의,master/assets/items/armor/wu1000129_명화당의.webp,c81e4b33aa5809d5548de5d88dc12eb7ffd19904,528
armor,wu1000130,명화당의,master/assets/items/armor/wu1000130_명화당의.webp,c8a5f990d45385be68e00fc59b395d9aab8c9a87,516
armor,wu1000131,명화당의,master/assets/items/armor/wu1000131_명화당의.webp,940b5976a47c5352ddb242208c4db34b614abc4f,496
armor,wu1000132,명화당의,master/assets/items/armor/wu1000132_명화당의.webp,c36cf891f92bcdfe3273abfe5583d16c1274ca54,524
armor,wu1000133,스노우털옷(여)FX,master/assets/items/armor/wu1000133_스노우털옷(여)FX.webp,aa55ef1851dd3048e5c76792dc60dd3578f54f44,568
armor,wu1000134,청사의상(여)FX,master/assets/items/armor/wu1000134_청사의상(여)FX.webp,f0c81126393167f19a04074f50a9aac43d763474,766
armor,wu1000135,헤븐즈게이트로브(여)FX,master/assets/items/armor/wu1000135_헤븐즈게이트로브(여)FX.webp,f3c35650f28f1b1b3a57331903cc69c627b6fa58,638
armor,wu1000136,플라즈마슈트(여)FX,master/assets/items/armor/wu1000136_플라즈마슈트(여)FX.webp,f3026acc448a7787a978c6f9c6ea6db199c16a34,572
armor,wu1000137,넥슨유튜브뮤레칸의상(여)FX,master/assets/items/armor/wu1000137_넥슨유튜브뮤레칸의상(여)FX.webp,884a8c262134109140e7231704791a68eebfddbe,424
armor,wu1000138,UNNAMED,master/assets/items/armor/wu1000138_UNNAMED.webp,f8f6b11f2d1dc3800b8952459c8b788602491982,564
armor,wu1000139,UNNAMED,master/assets/items/armor/wu1000139_UNNAMED.webp,ab50c79a71dda4b74c7e25f62a43aa620d4f1dc7,624
armor,wu1000140,UNNAMED,master/assets/items/armor/wu1000140_UNNAMED.webp,23622e74864cc4e38c1c5923daf72ad3699a793d,578
armor,wu1000141,UNNAMED,master/assets/items/armor/wu1000141_UNNAMED.webp,0f3420690fa3877c359990ca4d0c616b1f18c36d,464
back,MG045,스노우엔젤윙,master/assets/items/back/MG045_스노우엔젤윙.webp,77ecc43488c14b7e28ce87809c06b94d673eaec2,418
back,Mg046,서큐버스윙,master/assets/items/back/Mg046_서큐버스윙.webp,54f02ad6d40dad2133650878370d8c77c481567d,414
back,Mg047,엔도르앤트윙,master/assets/items/back/Mg047_엔도르앤트윙.webp,8185c5697e200e7464c349e4fca4534478f7acd1,330
back,Wg045,UNNAMED,master/assets/items/back/Wg045_UNNAMED.webp,77ecc43488c14b7e28ce87809c06b94d673eaec2,418
back,Wg046,UNNAMED,master/assets/items/back/Wg046_UNNAMED.webp,54f02ad6d40dad2133650878370d8c77c481567d,414
back,Wg047,UNNAMED,master/assets/items/back/Wg047_UNNAMED.webp,8185c5697e200e7464c349e4fca4534478f7acd1,330
back,mg055,UNNAMED,master/assets/items/back/mg055_UNNAMED.webp,5e8f14adfe414c0f99716df8ec62d9fcf8228ef1,218
back,mg056,UNNAMED,master/assets/items/back/mg056_UNNAMED.webp,b0ae44ec4ed815d6c1438e1fe968ce6e87a7b72f,226
back,mg057,UNNAMED,master/assets/items/back/mg057_UNNAMED.webp,0d65bd5408857ab1ed7ff0773543da71e691f583,148
back,mg058,UNNAMED,master/assets/items/back/mg058_UNNAMED.webp,bbe5b92cbaa6b127c852693e29c68f9c8a535d7a,226
back,mg065,UNNAMED,master/assets/items/back/mg065_UNNAMED.webp,2d4fd8b8c05112aff9f510a53eb10c0ce049f48c,218
back,mg083,UNNAMED,master/assets/items/back/mg083_UNNAMED.webp,db03f299d563f5984c4047d2d78dd2f76260d5bd,520
back,mg085,UNNAMED,master/assets/items/back/mg085_UNNAMED.webp,835eafbc76314e7ee4f9052ac4f6e3fb4254457b,122
back,mg086,UNNAMED,master/assets/items/back/mg086_UNNAMED.webp,79004225ec07993fb849191241dc9863e17db3bb,734
back,mg087,루시퍼윙,master/assets/items/back/mg087_루시퍼윙.webp,2f7e4d5fe4d9f86deed174d8afd3f192ecfcf60e,458
back,mg090,쁘띠윙,master/assets/items/back/mg090_쁘띠윙.webp,40fe0a91f3a7baf71e9e3a9fb818144813c35233,130
back,mg105,UNNAMED,master/assets/items/back/mg105_UNNAMED.webp,76292264b1f4965b00fd47bb5e85d27d5c9676f2,298
back,mg109,UNNAMED,master/assets/items/back/mg109_UNNAMED.webp,6f8706503974ca2a9e8d0c74b906accd15aa8742,920
back,mg110,UNNAMED,master/assets/items/back/mg110_UNNAMED.webp,1d4eedaccdaf606bd17a2a0575f3b9f6fe257214,486
back,mg112,UNNAMED,master/assets/items/back/mg112_UNNAMED.webp,9d12061f6231189de71fb2111a460bee530436db,204
back,mg113,UNNAMED,master/assets/items/back/mg113_UNNAMED.webp,a8c0d9946a22d63888dcc0ee7b7fb64eeb5906c8,112
back,mg114,UNNAMED,master/assets/items/back/mg114_UNNAMED.webp,6dba78b5e6400253bc78dcc4e3c31acbc8a72777,42
back,mg120,UNNAMED,master/assets/items/back/mg120_UNNAMED.webp,1219b6318bc63144fe3557f167089c59a1363372,494
back,mg121,UNNAMED,master/assets/items/back/mg121_UNNAMED.webp,2fc42d304a7034e35affa2e349804cb6a4f21a0a,518
back,mg122,UNNAMED,master/assets/items/back/mg122_UNNAMED.webp,fff522aad467d0d2a3cf8d3e5ee66d020bc9bb92,454
back,mg127,UNNAMED,master/assets/items/back/mg127_UNNAMED.webp,6d146f385a08e65fa6853d04948152d16d40f1fa,254
back,mg132,UNNAMED,master/assets/items/back/mg132_UNNAMED.webp,3986fb6f615f10bf8146cf6563395df8a7190709,226
back,mg133,UNNAMED,master/assets/items/back/mg133_UNNAMED.webp,2bcdaff6f789052a92687d9e4c0d84670fdbfc3a,486
back,mg134,UNNAMED,master/assets/items/back/mg134_UNNAMED.webp,7b234448b6d7d956ec4ad4163de5e109d3cf34ab,702
back,mg135,UNNAMED,master/assets/items/back/mg135_UNNAMED.webp,9da6681d1d1f0fe1877dc512d88762d630221d8d,220
back,mg136,UNNAMED,master/assets/items/back/mg136_UNNAMED.webp,b922de3c5597b87de52f99bc49979a4e2319abe8,500
back,mg141,UNNAMED,master/assets/items/back/mg141_UNNAMED.webp,89b4ce0b5374baf3ab5f97e98dc1a29feaed1a2d,284
back,mg142,불꽃날개,master/assets/items/back/mg142_불꽃날개.webp,2e172af41cbb1e828725375d1b8a0e01f05d0db7,476
back,mg146,UNNAMED,master/assets/items/back/mg146_UNNAMED.webp,dc36dc6c475a96bac06cdef90094348d0666b05d,168
back,mg147,UNNAMED,master/assets/items/back/mg147_UNNAMED.webp,771a05705e0c4a537844672f131a405e17be3b1b,198
back,mg148,UNNAMED,master/assets/items/back/mg148_UNNAMED.webp,27cad4048fec6f9b261165acfeda17687268612e,214
back,mg149,UNNAMED,master/assets/items/back/mg149_UNNAMED.webp,f49fbe8edd29c1fede75746783949ed26abac6d9,226
back,mg164,화룡날개,master/assets/items/back/mg164_화룡날개.webp,084772936c6dda6cf0dd099a5adcc82ee2fe9158,366
back,mg165,퀸버터플라이윙FX,master/assets/items/back/mg165_퀸버터플라이윙FX.webp,93bedb915f84a025ae72c7c046aa76d37c09b3ae,468
back,mg166,UNNAMED,master/assets/items/back/mg166_UNNAMED.webp,3c3ed7e16b76442c44b330edede5ef5319cac646,194
back,mg167,UNNAMED,master/assets/items/back/mg167_UNNAMED.webp,46e12d651b66db84ec476461ebf7d9c7f93c74d5,176
back,mg168,UNNAMED,master/assets/items/back/mg168_UNNAMED.webp,60aba325efb9248bce357cf039e361762fd5f9c7,232
back,mg172,UNNAMED,master/assets/items/back/mg172_UNNAMED.webp,1f49b63ce1e292275fa83ae399dcd7a2835fb4b1,404
back,mg179,UNNAMED,master/assets/items/back/mg179_UNNAMED.webp,43c59483ef34bb5ae709fb0d6cf7135eeeec9cdb,302
back,mg186,UNNAMED,master/assets/items/back/mg186_UNNAMED.webp,79a9fdfaca20faf0761e7e36ebedb05c0a9cb6f7,374
back,mg191,UNNAMED,master/assets/items/back/mg191_UNNAMED.webp,3341b28e85b7aa6c44414a2bf27ff8955fe09ce4,138
back,mg196,UNNAMED,master/assets/items/back/mg196_UNNAMED.webp,5ab2edcf913dda429ab1ea698f40efd17a773d6c,182
back,mg198,다누의윙,master/assets/items/back/mg198_다누의윙.webp,5dc0a5b9889f38ded6e596a86933743f9c38564e,756
back,mg199,UNNAMED,master/assets/items/back/mg199_UNNAMED.webp,08e17dd779ec3cc96dbd58aae8f9a9ecaf36a620,222
back,mg200,UNNAMED,master/assets/items/back/mg200_UNNAMED.webp,74095a0a252c4295e2aaac8993b77fcac4431ea1,442
back,mg207,UNNAMED,master/assets/items/back/mg207_UNNAMED.webp,579c9c961a06b1369d54864632f274f9f5367514,316
back,mg212,UNNAMED,master/assets/items/back/mg212_UNNAMED.webp,ef1145ed248482abc4513aabbf34f97f20c5a4fd,542
back,mg213,UNNAMED,master/assets/items/back/mg213_UNNAMED.webp,80ec4ddf6e1e43ab556b14542053be4fbc318baa,532
back,mg214,UNNAMED,master/assets/items/back/mg214_UNNAMED.webp,4abc8c49e5f787564bd56f682fc4f3b940125a43,574
back,mg216,페어리윙,master/assets/items/back/mg216_페어리윙.webp,22397d41dda901204b776e778f32aec1b188d5e3,592
back,mg218,UNNAMED,master/assets/items/back/mg218_UNNAMED.webp,8ae4a0869eef03998debc0a59d1cf906a11d0b8c,532
back,mg219,UNNAMED,master/assets/items/back/mg219_UNNAMED.webp,b5a44395b1a3401c4b56624dca19ea2afb178cc4,604
back,mg237,UNNAMED,master/assets/items/back/mg237_UNNAMED.webp,a2e5106c80001480b107d017d3d6126ab3c1dc0f,388
back,mg239,스켈톤윙,master/assets/items/back/mg239_스켈톤윙.webp,a5dff6a68e33363cf7728d06a2cf0d04efa08743,682
back,mg246,UNNAMED,master/assets/items/back/mg246_UNNAMED.webp,c633650d2fe331a086922925d3f82d6a86d7d0ac,668
back,mg248,UNNAMED,master/assets/items/back/mg248_UNNAMED.webp,02ded90fdf0d7ebe32d2fb74f5f7adba2f3a2d58,294
back,mg251,UNNAMED,master/assets/items/back/mg251_UNNAMED.webp,04e542a5ba5e1d4144aae15fe2f1cca6c45d8426,190
back,mg252,루캐트의윙FX,master/assets/items/back/mg252_루캐트의윙FX.webp,5e203f6c870a99020722761bb4ca521f2f9e4ffd,202
back,mg253,루캐티의윙FX,master/assets/items/back/mg253_루캐티의윙FX.webp,f968e22adad398a7f6f19b83f0e61f8092c5c499,206
back,mg254,UNNAMED,master/assets/items/back/mg254_UNNAMED.webp,cf61a65c856a1a1680570b9e533e10f997e06a8d,908
back,mg255,UNNAMED,master/assets/items/back/mg255_UNNAMED.webp,19f3b1d7eb10e02344e1c25b08fdd26d04325dba,1384
back,mg256,UNNAMED,master/assets/items/back/mg256_UNNAMED.webp,ae8b727455c25b5a74bfa5b8eff32fd32f1476a9,80
back,mg257,UNNAMED,master/assets/items/back/mg257_UNNAMED.webp,b5c80ad65b20473ecbb8eee55c0660c65d9df0a2,1352
back,mg258,UNNAMED,master/assets/items/back/mg258_UNNAMED.webp,c3fc1dd9fa1cc940672064b8fc7d7079b2c3ab6b,158
back,mg261,나겔링부스터,master/assets/items/back/mg261_나겔링부스터.webp,ffae8a7af96345da5cf50a3f486744082e2e5df9,1258
back,mg262,UNNAMED,master/assets/items/back/mg262_UNNAMED.webp,f0e105bed522c3ae451c2f4825c637819f8a5142,472
back,mg263,UNNAMED,master/assets/items/back/mg263_UNNAMED.webp,e5c739332e7948a41387d1e48f8dc22a195c7066,892
back,mg264,UNNAMED,master/assets/items/back/mg264_UNNAMED.webp,d002144ace71519ee01e1e6fc52134e5c4fb5784,270
back,mg266,마족날개,master/assets/items/back/mg266_마족날개.webp,f2daa60710a4bd3bbcc51c9e27bbdafd93c9ebae,264
back,mg267,UNNAMED,master/assets/items/back/mg267_UNNAMED.webp,4402b0e4ee3e2331079f470b3f5d7466aa738801,828
back,mg269,UNNAMED,master/assets/items/back/mg269_UNNAMED.webp,9b21485080ab1866781d0de73c8be065da7acb3c,234
back,mg270,UNNAMED,master/assets/items/back/mg270_UNNAMED.webp,4ecaa0cf09ed0767a87af9da25479fc8fd60c14f,224
back,mg271,UNNAMED,master/assets/items/back/mg271_UNNAMED.webp,bcc548b0d58e4a7c99e75f98ca2d2f4e28e329a6,418
back,mg273,UNNAMED,master/assets/items/back/mg273_UNNAMED.webp,dd02347087dde313d108afd078b8f1b66a31806b,194
back,mg274,UNNAMED,master/assets/items/back/mg274_UNNAMED.webp,a4ec3407212443f7d07e9a84315b2ddabf32f858,462
back,mg275,UNNAMED,master/assets/items/back/mg275_UNNAMED.webp,7b128b380ea738cac0af9b0593523bdf0bc74a1a,290
back,mg276,UNNAMED,master/assets/items/back/mg276_UNNAMED.webp,035ef86c50534259bb678ae3ee710de3ed86212b,716
back,mg280,UNNAMED,master/assets/items/back/mg280_UNNAMED.webp,a627f8d366e150315223ba2be913bbdb3433eae6,238
back,mg281,UNNAMED,master/assets/items/back/mg281_UNNAMED.webp,c061dc726b1a3ff32a70de1f279ae97c991fef71,744
back,mg282,UNNAMED,master/assets/items/back/mg282_UNNAMED.webp,e97d96da8ee3367ab4360d15dc29f59386fea30d,348
back,mg283,UNNAMED,master/assets/items/back/mg283_UNNAMED.webp,a7ab5f319be4aeee887326b9180acaee9686fc7e,418
back,mg284,UNNAMED,master/assets/items/back/mg284_UNNAMED.webp,236152d522e43478e3051caf03312eec50d350a0,156
back,mg285,루캐트의윙,master/assets/items/back/mg285_루캐트의윙.webp,599ecb9cc083899b482ae55a9c778a9f035292e1,954
back,mg295,UNNAMED,master/assets/items/back/mg295_UNNAMED.webp,28e8190a05be823326a91f0c53075b3b3b9825b6,504
back,mg296,UNNAMED,master/assets/items/back/mg296_UNNAMED.webp,e80d7c5dbef1ed306dd85a0a446b27a73a8bc75e,116
back,mg297,UNNAMED,master/assets/items/back/mg297_UNNAMED.webp,d9bd0ca3615582c84687ac44e6762399d46b76ca,212
back,mg298,UNNAMED,master/assets/items/back/mg298_UNNAMED.webp,e55459a0a5f4292889f389efae25825b4847223f,130
back,mg299,UNNAMED,master/assets/items/back/mg299_UNNAMED.webp,1c2276eaff2b7eb9b328dc14d272dd61853e2d92,282
back,mg300,UNNAMED,master/assets/items/back/mg300_UNNAMED.webp,73b8a71ed3560315b23ab1057b35e6e558682fad,348
back,mg305,UNNAMED,master/assets/items/back/mg305_UNNAMED.webp,9bc68b825afde3d8635b755a2a7468d6be454602,206
back,mg307,UNNAMED,master/assets/items/back/mg307_UNNAMED.webp,ccba62bc92790038c5fd61a4b6b988b4bae3743a,196
back,mg308,UNNAMED,master/assets/items/back/mg308_UNNAMED.webp,45b26d91fdafeb53217f9e5ec3c9e9b8ab34e12c,376
back,mg310,UNNAMED,master/assets/items/back/mg310_UNNAMED.webp,a3c96840586c1aaec20e624d0c3ac69f1da9f436,280
back,mg311,UNNAMED,master/assets/items/back/mg311_UNNAMED.webp,d64623fb2ec1065aa1fab6eceeb13c69a6bae92e,218
back,mg312,UNNAMED,master/assets/items/back/mg312_UNNAMED.webp,e07f198c49ef2c24d6fac44bef708f3ee52a9472,290
back,mg313,여우귀,master/assets/items/back/mg313_여우귀.webp,5e1d530aa196fa7ba22351d54350d6cf6bea2baf,164
back,mg314,여우꼬리,master/assets/items/back/mg314_여우꼬리.webp,8300d6181aa1f40f8e53b423082b6acbf6385fe1,220
back,mg315,UNNAMED,master/assets/items/back/mg315_UNNAMED.webp,8bec329b1a2c3d156cf7d049b744172c3ff47ea1,238
back,mg316,UNNAMED,master/assets/items/back/mg316_UNNAMED.webp,07b3fd8de48ad8a4eb40f51ac5c020d352d304da,282
back,mg317,UNNAMED,master/assets/items/back/mg317_UNNAMED.webp,10230eddb4b077429cafa8d1e6035259975cacbe,318
back,mg318,UNNAMED,master/assets/items/back/mg318_UNNAMED.webp,c153bbfdaa69c3df6ddc252c44681bb62772033e,9066
back,mg319,UNNAMED,master/assets/items/back/mg319_UNNAMED.webp,56d1c435eb4b16d59009e5a79bc35af96ed64793,1414
back,mg320,UNNAMED,master/assets/items/back/mg320_UNNAMED.webp,c9fa04a36478a898077516869bc909beefc06943,2008
back,mg322,UNNAMED,master/assets/items/back/mg322_UNNAMED.webp,a8824079bc9e2071674b8970d309df93c8b23c97,202
back,mg323,UNNAMED,master/assets/items/back/mg323_UNNAMED.webp,09cce05ce4b47f59ad2bd7ea901b611672422b10,1850
back,mg327,UNNAMED,master/assets/items/back/mg327_UNNAMED.webp,d7becc3caab18d51e83d87fdf0294395624b3798,1750
back,mg331,UNNAMED,master/assets/items/back/mg331_UNNAMED.webp,df4fe90175e1329fe4716cffaada351d011d6d14,9720
back,mg332,플로팅블레이드,master/assets/items/back/mg332_플로팅블레이드.webp,9d037cf712e7352cd8bf8767a209d334909b5168,1594
back,mg333,플로팅블레이드,master/assets/items/back/mg333_플로팅블레이드.webp,4e6ab6c14c5a88fa7e74c39836a8dfb88b734d25,1848
back,mg334,플로팅블레이드,master/assets/items/back/mg334_플로팅블레이드.webp,5b6c9026c4350d8d82d0f8b2f92375a3c7fb6c44,1212
back,mg335,운명신의깃펜,master/assets/items/back/mg335_운명신의깃펜.webp,37cccadb426ad1d8f9300b51e163664425623deb,336
back,mg336,UNNAMED,master/assets/items/back/mg336_UNNAMED.webp,533e88f3885c8d2cd28cdfe016ca9fed436222f3,636
back,mg337,UNNAMED,master/assets/items/back/mg337_UNNAMED.webp,1b30753f9c1736d5d21b0d122c47a7e4819c4bfa,644
back,mg338,UNNAMED,master/assets/items/back/mg338_UNNAMED.webp,32e1b30172513b20505a71fba9916763b8d809cf,1310
back,mg339,UNNAMED,master/assets/items/back/mg339_UNNAMED.webp,7131d312ce15ac2b5aa99e66b455467c9d198df7,314
back,wg055,UNNAMED,master/assets/items/back/wg055_UNNAMED.webp,5e8f14adfe414c0f99716df8ec62d9fcf8228ef1,218
back,wg056,UNNAMED,master/assets/items/back/wg056_UNNAMED.webp,b0ae44ec4ed815d6c1438e1fe968ce6e87a7b72f,226
back,wg057,UNNAMED,master/assets/items/back/wg057_UNNAMED.webp,0d65bd5408857ab1ed7ff0773543da71e691f583,148
back,wg058,UNNAMED,master/assets/items/back/wg058_UNNAMED.webp,bbe5b92cbaa6b127c852693e29c68f9c8a535d7a,226
back,wg065,UNNAMED,master/assets/items/back/wg065_UNNAMED.webp,f27d291730ded580e6751005be718247aebd23f0,294
back,wg083,UNNAMED,master/assets/items/back/wg083_UNNAMED.webp,1d6bcc4a9316dee617fa312c98525bfed876d425,668
back,wg085,UNNAMED,master/assets/items/back/wg085_UNNAMED.webp,69df64edd81a378aaad73c2b9e0e6226351bfdb4,122
back,wg086,UNNAMED,master/assets/items/back/wg086_UNNAMED.webp,11e0d4b69abb86b6c8d69245af253ca41b63ed18,796
back,wg087,UNNAMED,master/assets/items/back/wg087_UNNAMED.webp,2f7e4d5fe4d9f86deed174d8afd3f192ecfcf60e,458
back,wg090,쁘띠윙,master/assets/items/back/wg090_쁘띠윙.webp,40fe0a91f3a7baf71e9e3a9fb818144813c35233,130
back,wg105,UNNAMED,master/assets/items/back/wg105_UNNAMED.webp,e8862f2928a0c58ad0054603eeec87b6e42bbe4c,298
back,wg109,UNNAMED,master/assets/items/back/wg109_UNNAMED.webp,6f8706503974ca2a9e8d0c74b906accd15aa8742,920
back,wg110,UNNAMED,master/assets/items/back/wg110_UNNAMED.webp,1d4eedaccdaf606bd17a2a0575f3b9f6fe257214,486
back,wg112,UNNAMED,master/assets/items/back/wg112_UNNAMED.webp,3eb19b49e1be2ecff10d259c07f977d215398ee1,204
back,wg113,UNNAMED,master/assets/items/back/wg113_UNNAMED.webp,1c001ca9a8e55a8381c24b30ffc24c17561a7fcb,106
back,wg114,UNNAMED,master/assets/items/back/wg114_UNNAMED.webp,6dba78b5e6400253bc78dcc4e3c31acbc8a72777,42
back,wg120,UNNAMED,master/assets/items/back/wg120_UNNAMED.webp,1219b6318bc63144fe3557f167089c59a1363372,494
back,wg121,UNNAMED,master/assets/items/back/wg121_UNNAMED.webp,2fc42d304a7034e35affa2e349804cb6a4f21a0a,518
back,wg122,UNNAMED,master/assets/items/back/wg122_UNNAMED.webp,fff522aad467d0d2a3cf8d3e5ee66d020bc9bb92,454
back,wg127,UNNAMED,master/assets/items/back/wg127_UNNAMED.webp,8456f874b08f98a5a7dbb920d176abeab488deb3,246
back,wg132,UNNAMED,master/assets/items/back/wg132_UNNAMED.webp,3986fb6f615f10bf8146cf6563395df8a7190709,226
back,wg133,UNNAMED,master/assets/items/back/wg133_UNNAMED.webp,2bcdaff6f789052a92687d9e4c0d84670fdbfc3a,486
back,wg134,UNNAMED,master/assets/items/back/wg134_UNNAMED.webp,7b234448b6d7d956ec4ad4163de5e109d3cf34ab,702
back,wg135,UNNAMED,master/assets/items/back/wg135_UNNAMED.webp,9da6681d1d1f0fe1877dc512d88762d630221d8d,220
back,wg136,UNNAMED,master/assets/items/back/wg136_UNNAMED.webp,b922de3c5597b87de52f99bc49979a4e2319abe8,500
back,wg141,UNNAMED,master/assets/items/back/wg141_UNNAMED.webp,69e7e5e94a8343f822d4a98692fef2dc3f1b3141,294
back,wg142,화이어윙,master/assets/items/back/wg142_화이어윙.webp,2e172af41cbb1e828725375d1b8a0e01f05d0db7,476
back,wg146,UNNAMED,master/assets/items/back/wg146_UNNAMED.webp,dc36dc6c475a96bac06cdef90094348d0666b05d,168
back,wg147,UNNAMED,master/assets/items/back/wg147_UNNAMED.webp,771a05705e0c4a537844672f131a405e17be3b1b,198
back,wg148,UNNAMED,master/assets/items/back/wg148_UNNAMED.webp,27cad4048fec6f9b261165acfeda17687268612e,214
back,wg149,UNNAMED,master/assets/items/back/wg149_UNNAMED.webp,f49fbe8edd29c1fede75746783949ed26abac6d9,226
back,wg164,UNNAMED,master/assets/items/back/wg164_UNNAMED.webp,12096256533ded58ce39f2f1b998087fd8402297,176
back,wg165,UNNAMED,master/assets/items/back/wg165_UNNAMED.webp,93bedb915f84a025ae72c7c046aa76d37c09b3ae,468
back,wg166,UNNAMED,master/assets/items/back/wg166_UNNAMED.webp,3c3ed7e16b76442c44b330edede5ef5319cac646,194
back,wg167,UNNAMED,master/assets/items/back/wg167_UNNAMED.webp,46e12d651b66db84ec476461ebf7d9c7f93c74d5,176
back,wg168,UNNAMED,master/assets/items/back/wg168_UNNAMED.webp,60aba325efb9248bce357cf039e361762fd5f9c7,232
back,wg172,UNNAMED,master/assets/items/back/wg172_UNNAMED.webp,1f49b63ce1e292275fa83ae399dcd7a2835fb4b1,404
back,wg179,UNNAMED,master/assets/items/back/wg179_UNNAMED.webp,43c59483ef34bb5ae709fb0d6cf7135eeeec9cdb,302
back,wg186,UNNAMED,master/assets/items/back/wg186_UNNAMED.webp,79a9fdfaca20faf0761e7e36ebedb05c0a9cb6f7,374
back,wg191,UNNAMED,master/assets/items/back/wg191_UNNAMED.webp,2dafe24e82be703d2b64b258276585f9a9526aa8,144
back,wg196,UNNAMED,master/assets/items/back/wg196_UNNAMED.webp,5ab2edcf913dda429ab1ea698f40efd17a773d6c,182
back,wg198,UNNAMED,master/assets/items/back/wg198_UNNAMED.webp,5dc0a5b9889f38ded6e596a86933743f9c38564e,756
back,wg199,UNNAMED,master/assets/items/back/wg199_UNNAMED.webp,62608a40f392fe82fab0c14db8c0790b89591788,226
back,wg200,UNNAMED,master/assets/items/back/wg200_UNNAMED.webp,74095a0a252c4295e2aaac8993b77fcac4431ea1,442
back,wg207,UNNAMED,master/assets/items/back/wg207_UNNAMED.webp,579c9c961a06b1369d54864632f274f9f5367514,316
back,wg212,UNNAMED,master/assets/items/back/wg212_UNNAMED.webp,ef1145ed248482abc4513aabbf34f97f20c5a4fd,542
back,wg213,UNNAMED,master/assets/items/back/wg213_UNNAMED.webp,80ec4ddf6e1e43ab556b14542053be4fbc318baa,532
back,wg214,UNNAMED,master/assets/items/back/wg214_UNNAMED.webp,4abc8c49e5f787564bd56f682fc4f3b940125a43,574
back,wg216,UNNAMED,master/assets/items/back/wg216_UNNAMED.webp,c2c7896e313d4294f09686259736af92c52d81cc,598
back,wg218,UNNAMED,master/assets/items/back/wg218_UNNAMED.webp,8ae4a0869eef03998debc0a59d1cf906a11d0b8c,532
back,wg219,UNNAMED,master/assets/items/back/wg219_UNNAMED.webp,b5a44395b1a3401c4b56624dca19ea2afb178cc4,604
back,wg237,UNNAMED,master/assets/items/back/wg237_UNNAMED.webp,a2e5106c80001480b107d017d3d6126ab3c1dc0f,388
back,wg239,UNNAMED,master/assets/items/back/wg239_UNNAMED.webp,a5dff6a68e33363cf7728d06a2cf0d04efa08743,682
back,wg246,UNNAMED,master/assets/items/back/wg246_UNNAMED.webp,c633650d2fe331a086922925d3f82d6a86d7d0ac,668
back,wg248,UNNAMED,master/assets/items/back/wg248_UNNAMED.webp,02ded90fdf0d7ebe32d2fb74f5f7adba2f3a2d58,294
back,wg251,UNNAMED,master/assets/items/back/wg251_UNNAMED.webp,04e542a5ba5e1d4144aae15fe2f1cca6c45d8426,190
back,wg252,UNNAMED,master/assets/items/back/wg252_UNNAMED.webp,5e203f6c870a99020722761bb4ca521f2f9e4ffd,202
back,wg253,UNNAMED,master/assets/items/back/wg253_UNNAMED.webp,f968e22adad398a7f6f19b83f0e61f8092c5c499,206
back,wg254,UNNAMED,master/assets/items/back/wg254_UNNAMED.webp,cf61a65c856a1a1680570b9e533e10f997e06a8d,908
back,wg255,UNNAMED,master/assets/items/back/wg255_UNNAMED.webp,19f3b1d7eb10e02344e1c25b08fdd26d04325dba,1384
back,wg256,UNNAMED,master/assets/items/back/wg256_UNNAMED.webp,ae8b727455c25b5a74bfa5b8eff32fd32f1476a9,80
back,wg257,UNNAMED,master/assets/items/back/wg257_UNNAMED.webp,b5c80ad65b20473ecbb8eee55c0660c65d9df0a2,1352
back,wg258,UNNAMED,master/assets/items/back/wg258_UNNAMED.webp,0b4d59c666f00608fa7907e70ee999ebfc303e18,158
back,wg261,UNNAMED,master/assets/items/back/wg261_UNNAMED.webp,ffae8a7af96345da5cf50a3f486744082e2e5df9,1258
back,wg262,UNNAMED,master/assets/items/back/wg262_UNNAMED.webp,f0e105bed522c3ae451c2f4825c637819f8a5142,472
back,wg263,UNNAMED,master/assets/items/back/wg263_UNNAMED.webp,e5c739332e7948a41387d1e48f8dc22a195c7066,892
back,wg264,UNNAMED,master/assets/items/back/wg264_UNNAMED.webp,d002144ace71519ee01e1e6fc52134e5c4fb5784,270
back,wg266,UNNAMED,master/assets/items/back/wg266_UNNAMED.webp,f2daa60710a4bd3bbcc51c9e27bbdafd93c9ebae,264
back,wg267,UNNAMED,master/assets/items/back/wg267_UNNAMED.webp,4402b0e4ee3e2331079f470b3f5d7466aa738801,828
back,wg269,UNNAMED,master/assets/items/back/wg269_UNNAMED.webp,9b21485080ab1866781d0de73c8be065da7acb3c,234
back,wg270,UNNAMED,master/assets/items/back/wg270_UNNAMED.webp,4ecaa0cf09ed0767a87af9da25479fc8fd60c14f,224
back,wg271,UNNAMED,master/assets/items/back/wg271_UNNAMED.webp,bcc548b0d58e4a7c99e75f98ca2d2f4e28e329a6,418
back,wg273,UNNAMED,master/assets/items/back/wg273_UNNAMED.webp,5331d9ce824f43d5483580522f752f852d7ac2d1,178
back,wg274,UNNAMED,master/assets/items/back/wg274_UNNAMED.webp,a4ec3407212443f7d07e9a84315b2ddabf32f858,462
back,wg275,UNNAMED,master/assets/items/back/wg275_UNNAMED.webp,7b128b380ea738cac0af9b0593523bdf0bc74a1a,290
back,wg276,UNNAMED,master/assets/items/back/wg276_UNNAMED.webp,035ef86c50534259bb678ae3ee710de3ed86212b,716
back,wg280,UNNAMED,master/assets/items/back/wg280_UNNAMED.webp,a627f8d366e150315223ba2be913bbdb3433eae6,238
back,wg281,UNNAMED,master/assets/items/back/wg281_UNNAMED.webp,c061dc726b1a3ff32a70de1f279ae97c991fef71,744
back,wg282,UNNAMED,master/assets/items/back/wg282_UNNAMED.webp,e97d96da8ee3367ab4360d15dc29f59386fea30d,348
back,wg283,UNNAMED,master/assets/items/back/wg283_UNNAMED.webp,a7ab5f319be4aeee887326b9180acaee9686fc7e,418
back,wg284,UNNAMED,master/assets/items/back/wg284_UNNAMED.webp,f5cc035d5cfa16992ce009cddf650865fd530fb0,148
back,wg285,UNNAMED,master/assets/items/back/wg285_UNNAMED.webp,65f3b490332255d4307bb42bead7d49f4a03a49d,936
back,wg295,UNNAMED,master/assets/items/back/wg295_UNNAMED.webp,28e8190a05be823326a91f0c53075b3b3b9825b6,504
back,wg296,UNNAMED,master/assets/items/back/wg296_UNNAMED.webp,e80d7c5dbef1ed306dd85a0a446b27a73a8bc75e,116
back,wg297,UNNAMED,master/assets/items/back/wg297_UNNAMED.webp,d9bd0ca3615582c84687ac44e6762399d46b76ca,212
back,wg298,UNNAMED,master/assets/items/back/wg298_UNNAMED.webp,e55459a0a5f4292889f389efae25825b4847223f,130
back,wg299,UNNAMED,master/assets/items/back/wg299_UNNAMED.webp,1c2276eaff2b7eb9b328dc14d272dd61853e2d92,282
back,wg300,UNNAMED,master/assets/items/back/wg300_UNNAMED.webp,50d00b5edffd950750ed2edd1934a34ae77756f6,330
back,wg305,UNNAMED,master/assets/items/back/wg305_UNNAMED.webp,7448987c0758537d86ac0dce1a36a133ac613c86,208
back,wg307,UNNAMED,master/assets/items/back/wg307_UNNAMED.webp,9fbab2f57e5c3e6b75c0180629200c3fb039d743,202
back,wg308,UNNAMED,master/assets/items/back/wg308_UNNAMED.webp,79f3ff2c7421b8c17ee1c5ffde206c4c744da978,378
back,wg310,UNNAMED,master/assets/items/back/wg310_UNNAMED.webp,ecd921edd6fb6dc600129e2947fd14d896dff145,266
back,wg311,UNNAMED,master/assets/items/back/wg311_UNNAMED.webp,d64623fb2ec1065aa1fab6eceeb13c69a6bae92e,218
back,wg312,UNNAMED,master/assets/items/back/wg312_UNNAMED.webp,b939540c7d52026d0ff8d98e21c32722d40f5fbd,292
back,wg313,UNNAMED,master/assets/items/back/wg313_UNNAMED.webp,5e1d530aa196fa7ba22351d54350d6cf6bea2baf,164
back,wg314,UNNAMED,master/assets/items/back/wg314_UNNAMED.webp,8300d6181aa1f40f8e53b423082b6acbf6385fe1,220
back,wg315,UNNAMED,master/assets/items/back/wg315_UNNAMED.webp,d620ccf6f2851bb6669e94627ee1ba14f02af0c4,250
back,wg316,UNNAMED,master/assets/items/back/wg316_UNNAMED.webp,07b3fd8de48ad8a4eb40f51ac5c020d352d304da,282
back,wg317,UNNAMED,master/assets/items/back/wg317_UNNAMED.webp,10230eddb4b077429cafa8d1e6035259975cacbe,318
back,wg318,UNNAMED,master/assets/items/back/wg318_UNNAMED.webp,c153bbfdaa69c3df6ddc252c44681bb62772033e,9066
back,wg319,UNNAMED,master/assets/items/back/wg319_UNNAMED.webp,56d1c435eb4b16d59009e5a79bc35af96ed64793,1414
back,wg320,UNNAMED,master/assets/items/back/wg320_UNNAMED.webp,c9fa04a36478a898077516869bc909beefc06943,2008
back,wg322,UNNAMED,master/assets/items/back/wg322_UNNAMED.webp,a8824079bc9e2071674b8970d309df93c8b23c97,202
back,wg323,UNNAMED,master/assets/items/back/wg323_UNNAMED.webp,09cce05ce4b47f59ad2bd7ea901b611672422b10,1850
back,wg327,UNNAMED,master/assets/items/back/wg327_UNNAMED.webp,d7becc3caab18d51e83d87fdf0294395624b3798,1750
back,wg331,UNNAMED,master/assets/items/back/wg331_UNNAMED.webp,df4fe90175e1329fe4716cffaada351d011d6d14,9720
back,wg332,UNNAMED,master/assets/items/back/wg332_UNNAMED.webp,9d037cf712e7352cd8bf8767a209d334909b5168,1594
back,wg333,UNNAMED,master/assets/items/back/wg333_UNNAMED.webp,4e6ab6c14c5a88fa7e74c39836a8dfb88b734d25,1848
back,wg334,UNNAMED,master/assets/items/back/wg334_UNNAMED.webp,5b6c9026c4350d8d82d0f8b2f92375a3c7fb6c44,1212
back,wg335,UNNAMED,master/assets/items/back/wg335_UNNAMED.webp,37cccadb426ad1d8f9300b51e163664425623deb,336
back,wg336,UNNAMED,master/assets/items/back/wg336_UNNAMED.webp,533e88f3885c8d2cd28cdfe016ca9fed436222f3,636
back,wg337,UNNAMED,master/assets/items/back/wg337_UNNAMED.webp,1b30753f9c1736d5d21b0d122c47a7e4819c4bfa,644
back,wg338,UNNAMED,master/assets/items/back/wg338_UNNAMED.webp,32e1b30172513b20505a71fba9916763b8d809cf,1310
back,wg339,UNNAMED,master/assets/items/back/wg339_UNNAMED.webp,7131d312ce15ac2b5aa99e66b455467c9d198df7,314
body,mm001,남자,master/assets/items/body/mm001_남자.webp,47ce98f34cc34f4c7c821db898404fae72b9e096,412
body,wm001,여자,master/assets/items/body/wm001_여자.webp,43b1a1db5096f118d360751d93f91ae0a28a4a8d,406
cape,MC033,UNNAMED,master/assets/items/cape/MC033_UNNAMED.webp,5815db4c9062da76c599a8f17138ab02caf46a14,160
cape,MC045,UNNAMED,master/assets/items/cape/MC045_UNNAMED.webp,0fc0ce92fbb8ce9d6450e50d0bc0077cde6dac14,414
cape,MC046,UNNAMED,master/assets/items/cape/MC046_UNNAMED.webp,33c5a686e12511c17d4f1a8a6588bfff9719e8f7,416
cape,MC047,UNNAMED,master/assets/items/cape/MC047_UNNAMED.webp,376118f0c7b673c2e846958edd57fae5523fab06,324
cape,WC033,UNNAMED,master/assets/items/cape/WC033_UNNAMED.webp,184d1eec06c28bf6f4f967a54465d6a436fe8921,154
cape,WC045,UNNAMED,master/assets/items/cape/WC045_UNNAMED.webp,0fc0ce92fbb8ce9d6450e50d0bc0077cde6dac14,414
cape,WC046,UNNAMED,master/assets/items/cape/WC046_UNNAMED.webp,33c5a686e12511c17d4f1a8a6588bfff9719e8f7,416
cape,WC047,UNNAMED,master/assets/items/cape/WC047_UNNAMED.webp,3c930155e66dc6cd3b3e111cb86f8458578929e8,322
cape,mc001,UNNAMED,master/assets/items/cape/mc001_UNNAMED.webp,8a9099926b7951a891ed3c459d2d8f25b4ff5fff,126
cape,mc002,UNNAMED,master/assets/items/cape/mc002_UNNAMED.webp,88cd503e7eb6e6eaa8856a1046986c4dd916708f,230
cape,mc003,UNNAMED,master/assets/items/cape/mc003_UNNAMED.webp,50c4a0e731037c7254cfc3bc183f3dd44179052d,140
cape,mc004,UNNAMED,master/assets/items/cape/mc004_UNNAMED.webp,c2be9decc3a77d43cd0eb9c0b9bbe694f3359574,130
cape,mc005,UNNAMED,master/assets/items/cape/mc005_UNNAMED.webp,3ec2696f68d28200eddbc079f340faf097637034,136
cape,mc006,UNNAMED,master/assets/items/cape/mc006_UNNAMED.webp,8a5bb1f4236688ace5098f71688d1d59331944eb,156
cape,mc007,UNNAMED,master/assets/items/cape/mc007_UNNAMED.webp,130b3deace04ead250166daa67dcfb64abf8a7bc,316
cape,mc008,UNNAMED,master/assets/items/cape/mc008_UNNAMED.webp,ca3c398f729cb90d34de160ac0b31d7106dde847,158
cape,mc009,UNNAMED,master/assets/items/cape/mc009_UNNAMED.webp,a090f93dfcbfb227c61cc399b23cf4884d9874c0,60
cape,mc010,UNNAMED,master/assets/items/cape/mc010_UNNAMED.webp,e7a046ca6281ac21dec4ba2ed753e7a79b1b55f1,520
cape,mc011,UNNAMED,master/assets/items/cape/mc011_UNNAMED.webp,6cba4248980da867b69ffcb85374200ce74f7f97,122
cape,mc012,UNNAMED,master/assets/items/cape/mc012_UNNAMED.webp,8f6e1fb7b2992ed4368cc1450c4d08b07497ab5e,164
cape,mc013,UNNAMED,master/assets/items/cape/mc013_UNNAMED.webp,5bc930b5400cd05107ad76f476cb5aae22b6548d,274
cape,mc014,UNNAMED,master/assets/items/cape/mc014_UNNAMED.webp,67b49e5cf4c7045d6bc5d83a08b9941b34631ec9,124
cape,mc015,UNNAMED,master/assets/items/cape/mc015_UNNAMED.webp,eb60879c3983c2ed03dac07ea5527995c0ddd02a,182
cape,mc016,UNNAMED,master/assets/items/cape/mc016_UNNAMED.webp,22b56e563da20e4fd642e0210ddd2fa0fe358e63,228
cape,mc017,UNNAMED,master/assets/items/cape/mc017_UNNAMED.webp,76b4adc8916bba0d27f61df7cdc9ff22b8922c82,70
cape,mc018,UNNAMED,master/assets/items/cape/mc018_UNNAMED.webp,c4d0f0c45f61391a0c5cf9f5ae165da925020c6d,198
cape,mc024,UNNAMED,master/assets/items/cape/mc024_UNNAMED.webp,e079e8c35af1428cdb5f3b83a0c5f35af1da0816,162
cape,mc025,UNNAMED,master/assets/items/cape/mc025_UNNAMED.webp,6bfde3898b9b995237bc3c820243693d26f15bc1,70
cape,mc026,UNNAMED,master/assets/items/cape/mc026_UNNAMED.webp,521b990f84e06c4fe2fe106a071ef9a5b74645dd,152
cape,mc027,UNNAMED,master/assets/items/cape/mc027_UNNAMED.webp,f78473a3bf7ad7f3a8c6caf0051acc30de065f9b,182
cape,mc028,UNNAMED,master/assets/items/cape/mc028_UNNAMED.webp,49537cbc14ea4ec655c5d2215276cd94de05063d,132
cape,mc029,UNNAMED,master/assets/items/cape/mc029_UNNAMED.webp,f6fde00c8cd7604524e35637b361d223c45558f9,160
cape,mc030,UNNAMED,master/assets/items/cape/mc030_UNNAMED.webp,be1889e22e7795419805244170c8f11cf024ce18,250
cape,mc031,UNNAMED,master/assets/items/cape/mc031_UNNAMED.webp,12be7c297462a0d437701f967afc5bdd0e1c0b93,122
cape,mc032,UNNAMED,master/assets/items/cape/mc032_UNNAMED.webp,cbdfac68598bba2f887183b128c15ba206dd505b,120
cape,mc034,UNNAMED,master/assets/items/cape/mc034_UNNAMED.webp,ff9059a0b37d9348242efad69ca842b3a04bb255,446
cape,mc035,UNNAMED,master/assets/items/cape/mc035_UNNAMED.webp,940111bfc4b15cb3fecb9e4283a44c1c92618974,136
cape,mc036,UNNAMED,master/assets/items/cape/mc036_UNNAMED.webp,e73a6a2ce038fb337356d2b5afaa4010d8e8676c,160
cape,mc037,UNNAMED,master/assets/items/cape/mc037_UNNAMED.webp,31958ffd1e2b6b65ecb62905b6fa2fd6d1428679,188
cape,mc038,UNNAMED,master/assets/items/cape/mc038_UNNAMED.webp,9b017e9fb8938e6a8ddef4d8923f16d22e60f5ac,196
cape,mc039,UNNAMED,master/assets/items/cape/mc039_UNNAMED.webp,2b78e1c172812f40ae9111135f93af7ddd91eeb2,152
cape,mc040,UNNAMED,master/assets/items/cape/mc040_UNNAMED.webp,bc78ca859e7ed859a8f1be9db9a9ece8b347f9f8,82
cape,mc041,UNNAMED,master/assets/items/cape/mc041_UNNAMED.webp,283d510462d5523e22ba8aa406b1967f54fa07be,186
cape,mc042,UNNAMED,master/assets/items/cape/mc042_UNNAMED.webp,81b4758206469a03b348636fe01aca3d389ada95,148
cape,mc043,UNNAMED,master/assets/items/cape/mc043_UNNAMED.webp,fe8aeaa6559dad16ad1aa371d33bbae94d199ff9,154
cape,mc044,UNNAMED,master/assets/items/cape/mc044_UNNAMED.webp,f4c506d8599beb4434b0d84afc3c45fbcc43b978,128
cape,mc048,UNNAMED,master/assets/items/cape/mc048_UNNAMED.webp,5eceba24768bac3d379e7140c691dc9e6a8d3a1f,70
cape,mc049,UNNAMED,master/assets/items/cape/mc049_UNNAMED.webp,3f3acf2474b496bf86d4186be435058bdb8f00a9,108
cape,mc050,UNNAMED,master/assets/items/cape/mc050_UNNAMED.webp,c11ea6895319d543827524731356f60bda993e1b,120
cape,mc051,UNNAMED,master/assets/items/cape/mc051_UNNAMED.webp,8650ecb3802beb5e9de1751aea4051f54898d48d,184
cape,mc052,UNNAMED,master/assets/items/cape/mc052_UNNAMED.webp,f0faeccb9c894710e26d553c66cb16e0c1b336e4,196
cape,mc053,UNNAMED,master/assets/items/cape/mc053_UNNAMED.webp,e11b7bd950d2500ba913e7607573abc8191463fa,152
cape,mc054,UNNAMED,master/assets/items/cape/mc054_UNNAMED.webp,e9112bc91c4266b1dcd37373e2175043bfd0e628,116
cape,mc055,UNNAMED,master/assets/items/cape/mc055_UNNAMED.webp,5e8f14adfe414c0f99716df8ec62d9fcf8228ef1,218
cape,mc056,UNNAMED,master/assets/items/cape/mc056_UNNAMED.webp,b0ae44ec4ed815d6c1438e1fe968ce6e87a7b72f,226
cape,mc057,UNNAMED,master/assets/items/cape/mc057_UNNAMED.webp,0d65bd5408857ab1ed7ff0773543da71e691f583,148
cape,mc058,UNNAMED,master/assets/items/cape/mc058_UNNAMED.webp,5b6b5dc4fd84e970052b7346640d8797def171ed,226
cape,mc059,UNNAMED,master/assets/items/cape/mc059_UNNAMED.webp,c4611618282f9a71406f4516cd2ad45de7e0cc73,84
cape,mc060,UNNAMED,master/assets/items/cape/mc060_UNNAMED.webp,17d2508c660e2a428feedbafb639ad9a1601f79f,252
cape,mc061,UNNAMED,master/assets/items/cape/mc061_UNNAMED.webp,e72e8cadcfd333f4df8cd14d8ef86b6ebe91ead6,144
cape,mc063,UNNAMED,master/assets/items/cape/mc063_UNNAMED.webp,23f72d3029e2abe715c7a2708fd5b8a2be214ffc,538
cape,mc064,UNNAMED,master/assets/items/cape/mc064_UNNAMED.webp,ba184155226b926cd916d118b2c4c4fa2a74cfb8,530
cape,mc065,UNNAMED,master/assets/items/cape/mc065_UNNAMED.webp,b671213eb481d8050c981e2226787864a6de0dc9,334
cape,mc066,UNNAMED,master/assets/items/cape/mc066_UNNAMED.webp,357bf8365272147f301dbb37a3638f47eac563d5,546
cape,mc067,UNNAMED,master/assets/items/cape/mc067_UNNAMED.webp,2d7c64b39b581027799030f14b30026ae18b5853,304
cape,mc068,UNNAMED,master/assets/items/cape/mc068_UNNAMED.webp,c183783a9b1fe16a5c30ae5217ddc10c97b65c97,244
cape,mc069,UNNAMED,master/assets/items/cape/mc069_UNNAMED.webp,a90cf702432d35bbc9350806639cb8354241f8c6,142
cape,mc070,UNNAMED,master/assets/items/cape/mc070_UNNAMED.webp,3fb7ad383fa26e9256a1b777ccffb30c6606b889,82
cape,mc071,UNNAMED,master/assets/items/cape/mc071_UNNAMED.webp,8b07e6da261e56a852cdd84b1b29b58833327da8,288
cape,mc072,UNNAMED,master/assets/items/cape/mc072_UNNAMED.webp,daf0c33b96616a515a5746e0168da06dd01580bd,108
cape,mc073,UNNAMED,master/assets/items/cape/mc073_UNNAMED.webp,79c63362f88331cc8cdeaa68fd2ae30d4d2c7e2f,124
cape,mc074,UNNAMED,master/assets/items/cape/mc074_UNNAMED.webp,13c65b5dcb5f6a7fd5176d5c7cfe40ba9bd06ef6,130
cape,mc075,UNNAMED,master/assets/items/cape/mc075_UNNAMED.webp,152c8352af0d9d69c0186a58ff94babed9f39f7d,230
cape,mc076,UNNAMED,master/assets/items/cape/mc076_UNNAMED.webp,7bc5aeafc495ef0513a06953934720dc67c227d2,122
cape,mc077,UNNAMED,master/assets/items/cape/mc077_UNNAMED.webp,c7cf10420a1126456c060d0849d10e922e2884b2,184
cape,mc078,UNNAMED,master/assets/items/cape/mc078_UNNAMED.webp,13c65b5dcb5f6a7fd5176d5c7cfe40ba9bd06ef6,130
cape,mc079,UNNAMED,master/assets/items/cape/mc079_UNNAMED.webp,a7e46465e0185760c0eb88bfe1509ac7d93b7c8c,112
cape,mc080,UNNAMED,master/assets/items/cape/mc080_UNNAMED.webp,f6c2c50243afe303fbd32b25ceb4641c27e75b87,128
cape,mc081,UNNAMED,master/assets/items/cape/mc081_UNNAMED.webp,8bee02a7cc73ea5931983a6a26c5fa6476ae5cf0,178
cape,mc082,UNNAMED,master/assets/items/cape/mc082_UNNAMED.webp,94dca570bde06478da23de3bd81224abe2eb9d6d,80
cape,mc083,UNNAMED,master/assets/items/cape/mc083_UNNAMED.webp,4f772396f5c53bf8f2e59974e2ffa326d33b8960,682
cape,mc084,UNNAMED,master/assets/items/cape/mc084_UNNAMED.webp,09ca6ba81081a8a9de7fc7603e8a18bd9e514c0e,154
cape,mc085,UNNAMED,master/assets/items/cape/mc085_UNNAMED.webp,cd571c23129572b8a1cb3f7f487736cd5c4fbf8a,82
cape,mc086,UNNAMED,master/assets/items/cape/mc086_UNNAMED.webp,bfb9855a931cc856cced8b03cf8e3eaf0ad8a1db,636
cape,mc087,UNNAMED,master/assets/items/cape/mc087_UNNAMED.webp,60a8a95d96701c9999b58b164c514baa0c93f630,556
cape,mc088,UNNAMED,master/assets/items/cape/mc088_UNNAMED.webp,bb24068fdb9d2f6eec6305ed93c56a0aab5f41c4,90
cape,mc089,UNNAMED,master/assets/items/cape/mc089_UNNAMED.webp,f47a85150450a4653751306258d9607af6399b31,132
cape,mc090,UNNAMED,master/assets/items/cape/mc090_UNNAMED.webp,0eebea01604ead3ed8274763953d23c366011ac4,160
cape,mc091,UNNAMED,master/assets/items/cape/mc091_UNNAMED.webp,c1a21c56d2530e96b2bfc02aec827f3a8e59c359,148
cape,mc092,UNNAMED,master/assets/items/cape/mc092_UNNAMED.webp,64c379faa1759dc36bbca05b2424e8835fe3e74a,182
cape,mc093,UNNAMED,master/assets/items/cape/mc093_UNNAMED.webp,0b2b7791321926b75f83d2f8b4e2f9315ff56717,212
cape,mc094,UNNAMED,master/assets/items/cape/mc094_UNNAMED.webp,ac0cc573b4cb11c51fb55e7a54d9766e5b6e0037,256
cape,mc095,UNNAMED,master/assets/items/cape/mc095_UNNAMED.webp,3d8773f057020652dd862091e0ee251a010a8896,398
cape,mc096,UNNAMED,master/assets/items/cape/mc096_UNNAMED.webp,a4724563fd69319578e5fce76c25904e37046ea4,100
cape,mc097,UNNAMED,master/assets/items/cape/mc097_UNNAMED.webp,8781f2611aa6c394da298014c531e8dc45fbc35a,120
cape,mc098,UNNAMED,master/assets/items/cape/mc098_UNNAMED.webp,9483fa353945520c30f9af039818b2efcfd510d7,116
cape,mc099,UNNAMED,master/assets/items/cape/mc099_UNNAMED.webp,bb1dc765105d34ca141530dc8586c35f1784186f,126
cape,mc100,UNNAMED,master/assets/items/cape/mc100_UNNAMED.webp,d80abfc763da7b5bcf27ed1a74b2a3c675aa7665,116
cape,mc101,UNNAMED,master/assets/items/cape/mc101_UNNAMED.webp,f1409bef81b269c3236193090b0a96bff9c22409,118
cape,mc102,UNNAMED,master/assets/items/cape/mc102_UNNAMED.webp,271094929a4410002361b536edd2a09b0c6d23f8,116
cape,mc103,UNNAMED,master/assets/items/cape/mc103_UNNAMED.webp,3fcf35659c85f555bee648ecb129b3274274da27,376
cape,mc104,UNNAMED,master/assets/items/cape/mc104_UNNAMED.webp,c72e5d3ae4374285459565446d03de3eb5c1a686,648
cape,mc105,UNNAMED,master/assets/items/cape/mc105_UNNAMED.webp,d1f88c9d035b55aef6f99b166049c016cf2e4712,280
cape,mc106,UNNAMED,master/assets/items/cape/mc106_UNNAMED.webp,384fd28b1c0bca9d30be73c048003851a610ec49,852
cape,mc107,UNNAMED,master/assets/items/cape/mc107_UNNAMED.webp,adfd7dcdfd49f5a998beb82c5c767b7e401f3d58,506
cape,mc108,UNNAMED,master/assets/items/cape/mc108_UNNAMED.webp,ec6e8a8f003058cb4841ed5c820a19914b07ffab,132
cape,mc109,UNNAMED,master/assets/items/cape/mc109_UNNAMED.webp,ec4850fb878e086a7945c6550afd1fecffa89c19,508
cape,mc110,UNNAMED,master/assets/items/cape/mc110_UNNAMED.webp,70ea8b79d610423a83f7f2466e30a1ee8f971039,414
cape,mc111,UNNAMED,master/assets/items/cape/mc111_UNNAMED.webp,77eb72aa5a8f5699a8505ca8487c10113f6fa4c5,392
cape,mc112,UNNAMED,master/assets/items/cape/mc112_UNNAMED.webp,b881c388f10be776f65b0a414eb7463555361fec,170
cape,mc113,UNNAMED,master/assets/items/cape/mc113_UNNAMED.webp,a8c0d9946a22d63888dcc0ee7b7fb64eeb5906c8,112
cape,mc114,UNNAMED,master/assets/items/cape/mc114_UNNAMED.webp,6dba78b5e6400253bc78dcc4e3c31acbc8a72777,42
cape,mc115,UNNAMED,master/assets/items/cape/mc115_UNNAMED.webp,a28474d5405e02c3c4e0fd68e7a9d1cd0812f8cd,94
cape,mc116,UNNAMED,master/assets/items/cape/mc116_UNNAMED.webp,5d969ca7df7781d258bd38bbbc4e5bb86c990f86,118
cape,mc117,UNNAMED,master/assets/items/cape/mc117_UNNAMED.webp,dfcfdd830707fbab95cd7bd9849d74eef8d8c734,136
cape,mc118,UNNAMED,master/assets/items/cape/mc118_UNNAMED.webp,51c71588b7e0eab36d2acacbd71dac48b8c27643,172
cape,mc119,UNNAMED,master/assets/items/cape/mc119_UNNAMED.webp,2dc82deef4fef1b66ee71c9494dbb72d1d3e9811,166
cape,mc120,UNNAMED,master/assets/items/cape/mc120_UNNAMED.webp,238fd8ebb22f354458efe3be847d385f4922967d,290
cape,mc121,UNNAMED,master/assets/items/cape/mc121_UNNAMED.webp,d48e8c908ff06681d446a1a6807ada1f64ba3bf4,458
cape,mc122,UNNAMED,master/assets/items/cape/mc122_UNNAMED.webp,cf519a399b56719d8260cdea985ce4ab7e6cf15a,540
cape,mc123,UNNAMED,master/assets/items/cape/mc123_UNNAMED.webp,06e7b732b52e542e30e2d9a2d9e4d26e89a8d567,204
cape,mc124,UNNAMED,master/assets/items/cape/mc124_UNNAMED.webp,758d8c061578bd49ef9cb3d57494d3d7202473c0,128
cape,mc125,UNNAMED,master/assets/items/cape/mc125_UNNAMED.webp,96c6b4977015c84979379f4e2e8784ad95cc456b,744
cape,mc126,UNNAMED,master/assets/items/cape/mc126_UNNAMED.webp,ec37bd4b8c93093460fa6522d4e0fbf042c23aff,442
cape,mc127,UNNAMED,master/assets/items/cape/mc127_UNNAMED.webp,03fb268510b6b5c6887c21f78781fe000b0a274d,114
cape,mc128,UNNAMED,master/assets/items/cape/mc128_UNNAMED.webp,37861e66f8c5046ff2eac594ebd654dc6e20a85d,182
cape,mc129,UNNAMED,master/assets/items/cape/mc129_UNNAMED.webp,31ee97c8827d97ff956a8550ba782d84dc54ea37,236
cape,mc130,UNNAMED,master/assets/items/cape/mc130_UNNAMED.webp,95ed37da5fed3418b54e32d99d0234fa337929ac,292
cape,mc131,UNNAMED,master/assets/items/cape/mc131_UNNAMED.webp,373bf9dbbd63a25943ba44615e7e61787b9e9b24,204
cape,mc132,UNNAMED,master/assets/items/cape/mc132_UNNAMED.webp,dc0a29edfe74763c9042370ce607184a40968b10,368
cape,mc133,UNNAMED,master/assets/items/cape/mc133_UNNAMED.webp,16042060504aba3cbba8eae35e5635bbf918a1f3,480
cape,mc134,UNNAMED,master/assets/items/cape/mc134_UNNAMED.webp,0fdd03c46bfdaf7e062651d1d6877ad6dfad4b74,416
cape,mc135,UNNAMED,master/assets/items/cape/mc135_UNNAMED.webp,9da6681d1d1f0fe1877dc512d88762d630221d8d,220
cape,mc137,UNNAMED,master/assets/items/cape/mc137_UNNAMED.webp,3046c67d0b84fae3cc9a3daa04046d710184b193,174
cape,mc138,UNNAMED,master/assets/items/cape/mc138_UNNAMED.webp,a05ef07d6001962524d13e341bff79bd4fbb857e,238
cape,mc139,UNNAMED,master/assets/items/cape/mc139_UNNAMED.webp,23aa5bed1a5af1f93ca80014c26d098b8734abf1,116
cape,mc140,UNNAMED,master/assets/items/cape/mc140_UNNAMED.webp,239013928f9a5cf182a0a2fbabc81148f6fb0c42,162
cape,mc141,UNNAMED,master/assets/items/cape/mc141_UNNAMED.webp,ccfac9a9aed210d6bfb5fff8a6057f9d0bf5ac88,278
cape,mc142,UNNAMED,master/assets/items/cape/mc142_UNNAMED.webp,79a102ab45ea5e4919929e88ab68a5a1080e8bf8,472
cape,mc144,UNNAMED,master/assets/items/cape/mc144_UNNAMED.webp,4d043115f3d595d0a0313e1199210d69ddf0c100,182
cape,mc145,UNNAMED,master/assets/items/cape/mc145_UNNAMED.webp,a97c170a91ab621a5a3b9b609deed09644e6a4b2,210
cape,mc146,UNNAMED,master/assets/items/cape/mc146_UNNAMED.webp,6df74f02fef0ee9a71bfa59976011d07ba39065e,144
cape,mc147,UNNAMED,master/assets/items/cape/mc147_UNNAMED.webp,b390abe355c4f2a4fd4b2215e961d40794ef06bd,170
cape,mc148,UNNAMED,master/assets/items/cape/mc148_UNNAMED.webp,33198a80b6019cd9603514fd60e82cac13ac74f2,182
cape,mc149,UNNAMED,master/assets/items/cape/mc149_UNNAMED.webp,b3c7722069ffd775563ab2641ded14abd257a22f,202
cape,mc150,UNNAMED,master/assets/items/cape/mc150_UNNAMED.webp,da8d0b01ab1ed0953ce729464995e3efb3b8e2fd,474
cape,mc151,UNNAMED,master/assets/items/cape/mc151_UNNAMED.webp,5deb1dc73944ca00db436ffb0be72a08636a2732,382
cape,mc152,UNNAMED,master/assets/items/cape/mc152_UNNAMED.webp,a541ff569b24bf20e5cd501d2ee437c1f74554a7,228
cape,mc153,UNNAMED,master/assets/items/cape/mc153_UNNAMED.webp,36963e5bb91d16ccfa86518e20eb64774453e824,146
cape,mc154,UNNAMED,master/assets/items/cape/mc154_UNNAMED.webp,5e900359710b2f218bf05f0894886b151bf8f5f9,68
cape,mc155,UNNAMED,master/assets/items/cape/mc155_UNNAMED.webp,42063555f3b1504dbb47b1190a474f37f059bdb6,108
cape,mc156,UNNAMED,master/assets/items/cape/mc156_UNNAMED.webp,04ba8e50c8a792055f27d07cd213a3c5b128da74,98
cape,mc157,UNNAMED,master/assets/items/cape/mc157_UNNAMED.webp,31e9b0f3fedbd5936e7eb94cf09b8b2e77dfada6,130
cape,mc158,UNNAMED,master/assets/items/cape/mc158_UNNAMED.webp,31e9b0f3fedbd5936e7eb94cf09b8b2e77dfada6,130
cape,mc159,UNNAMED,master/assets/items/cape/mc159_UNNAMED.webp,31e9b0f3fedbd5936e7eb94cf09b8b2e77dfada6,130
cape,mc160,UNNAMED,master/assets/items/cape/mc160_UNNAMED.webp,31e9b0f3fedbd5936e7eb94cf09b8b2e77dfada6,130
cape,mc161,UNNAMED,master/assets/items/cape/mc161_UNNAMED.webp,aa29093de4d4052491a557d5410a9d2a9e032709,144
cape,mc162,UNNAMED,master/assets/items/cape/mc162_UNNAMED.webp,db9bb5182ab1d53a556341bb3b3a298c8bb2d99f,260
cape,mc163,UNNAMED,master/assets/items/cape/mc163_UNNAMED.webp,48b7473c7cfa7221c8163efbd5c91f46a7ba3649,622
cape,mc164,UNNAMED,master/assets/items/cape/mc164_UNNAMED.webp,eb18c91db6be4360ce5347d3a5a708e351a9cedf,496
cape,mc165,UNNAMED,master/assets/items/cape/mc165_UNNAMED.webp,821e7e0e01efe8fb9fdf57f5678d6495edc1684b,464
cape,mc166,UNNAMED,master/assets/items/cape/mc166_UNNAMED.webp,3c3ed7e16b76442c44b330edede5ef5319cac646,194
cape,mc167,UNNAMED,master/assets/items/cape/mc167_UNNAMED.webp,46e12d651b66db84ec476461ebf7d9c7f93c74d5,176
cape,mc168,UNNAMED,master/assets/items/cape/mc168_UNNAMED.webp,60aba325efb9248bce357cf039e361762fd5f9c7,232
cape,mc169,UNNAMED,master/assets/items/cape/mc169_UNNAMED.webp,ff4cfedfb9055bc779ff4e8714cd392c9157badd,602
cape,mc170,UNNAMED,master/assets/items/cape/mc170_UNNAMED.webp,3a7fdde2905f7d844c823b015bfca53b80584750,148
cape,mc171,UNNAMED,master/assets/items/cape/mc171_UNNAMED.webp,680d9c9f13eb2aecf6c60d4ba0b2fb78fc9533de,156
cape,mc172,UNNAMED,master/assets/items/cape/mc172_UNNAMED.webp,8322f636f28507d7626f3b1383717a9eeb234091,236
cape,mc173,UNNAMED,master/assets/items/cape/mc173_UNNAMED.webp,df56a8f37dc1bf98602db46c2ab558a7fbdd1ee6,328
cape,mc174,UNNAMED,master/assets/items/cape/mc174_UNNAMED.webp,8609b8982ea6890e78bde8c5d9d129ba9cdd89eb,212
cape,mc175,UNNAMED,master/assets/items/cape/mc175_UNNAMED.webp,740f3d809021f9a08d98d95232e8d1241c1b7a56,350
cape,mc176,UNNAMED,master/assets/items/cape/mc176_UNNAMED.webp,0419cf207baa2bfa94b22068c0cb86597c08084b,240
cape,mc177,UNNAMED,master/assets/items/cape/mc177_UNNAMED.webp,f293cfc2548176e5dff164c66a80ab8aaf20a1f9,230
cape,mc178,UNNAMED,master/assets/items/cape/mc178_UNNAMED.webp,696c9476838aaaef65d6008ece08c26c03a251ec,140
cape,mc179,UNNAMED,master/assets/items/cape/mc179_UNNAMED.webp,7931008065cc46fc49503593b23e5d73b0fa201e,304
cape,mc180,UNNAMED,master/assets/items/cape/mc180_UNNAMED.webp,acb7b628751e14418c61e9cefc942e9e910893e3,182
cape,mc181,UNNAMED,master/assets/items/cape/mc181_UNNAMED.webp,49b6ba1ffb16de2c30657ebbb5d8a004500a875d,126
cape,mc182,UNNAMED,master/assets/items/cape/mc182_UNNAMED.webp,39818b098c40e20b162869f445b8515ecbdfdf5c,254
cape,mc183,UNNAMED,master/assets/items/cape/mc183_UNNAMED.webp,dea8bcf378f5a38511a9a77d0fafa72a7418bff8,194
cape,mc184,UNNAMED,master/assets/items/cape/mc184_UNNAMED.webp,93a914c46a664edeb70c1a2fee6968d2190ed195,312
cape,mc185,UNNAMED,master/assets/items/cape/mc185_UNNAMED.webp,04ebb0fe5a3c8ac2b2e20606751a9f17a9dd497c,680
cape,mc186,UNNAMED,master/assets/items/cape/mc186_UNNAMED.webp,1f53cbc4d36cd1615c61bfe2a05ce811ce7f08c9,252
cape,mc187,UNNAMED,master/assets/items/cape/mc187_UNNAMED.webp,0adc533172d7d8a09579baeff0b264d372d865e9,130
cape,mc188,UNNAMED,master/assets/items/cape/mc188_UNNAMED.webp,c1ad222d72443ed63d4a15c9bc1081f26529a1a0,108
cape,mc189,UNNAMED,master/assets/items/cape/mc189_UNNAMED.webp,67eec232dcf33b6cbe699946c3ebaf007490fc31,202
cape,mc190,UNNAMED,master/assets/items/cape/mc190_UNNAMED.webp,3b2232ec56697a830dfa62ab0e057ae0d8b4ac5d,118
cape,mc191,UNNAMED,master/assets/items/cape/mc191_UNNAMED.webp,56fd00e361ad2f92155251187e4b954990ece851,144
cape,mc192,UNNAMED,master/assets/items/cape/mc192_UNNAMED.webp,c3c9952137babf96cab524ac74826995a1becb4d,114
cape,mc193,UNNAMED,master/assets/items/cape/mc193_UNNAMED.webp,fe4f1fbcc81f0815d8a9ee0942ea442419ac1350,158
cape,mc194,UNNAMED,master/assets/items/cape/mc194_UNNAMED.webp,06c9fc01f716dace1b4b445e39d6c2066d5ba758,182
cape,mc195,UNNAMED,master/assets/items/cape/mc195_UNNAMED.webp,1f9e7db33b66fe147795ad074fa32f08e4f57c6e,208
cape,mc196,UNNAMED,master/assets/items/cape/mc196_UNNAMED.webp,a84d5bc738b09970adc3d3d1fa8eed9dcf2a7a3c,130
cape,mc197,UNNAMED,master/assets/items/cape/mc197_UNNAMED.webp,452bcb958ba12378be21418822b43cf1f4967411,224
cape,mc198,UNNAMED,master/assets/items/cape/mc198_UNNAMED.webp,ec26c94727c02faa538c52a6c7070a45adbd84e7,762
cape,mc199,UNNAMED,master/assets/items/cape/mc199_UNNAMED.webp,1cdff781748bc1c2329da2a38abbf0465bbb85ae,224
cape,mc200,UNNAMED,master/assets/items/cape/mc200_UNNAMED.webp,0b02ffa17e6557d13a35e2ca70dac9cde4388354,440
cape,mc201,UNNAMED,master/assets/items/cape/mc201_UNNAMED.webp,9738cc4926f35c635c193228157053a12e49c80a,176
cape,mc202,UNNAMED,master/assets/items/cape/mc202_UNNAMED.webp,194c5205163fe1c6a12c740782ffce7f525571b0,112
cape,mc203,UNNAMED,master/assets/items/cape/mc203_UNNAMED.webp,9ff3c86a87f2b4e494761ff6109a63f5e238da04,126
cape,mc204,UNNAMED,master/assets/items/cape/mc204_UNNAMED.webp,3515c2da9230e05cf867f381ce9a1c323e199474,314
cape,mc205,UNNAMED,master/assets/items/cape/mc205_UNNAMED.webp,8c0f7e3e8fa6eed69a9cf27278ca41f51ec93e1e,180
cape,mc206,UNNAMED,master/assets/items/cape/mc206_UNNAMED.webp,c5c353c35445e580e814df46a51e44cf27686c99,254
cape,mc207,UNNAMED,master/assets/items/cape/mc207_UNNAMED.webp,ddca8052aed763418d5741c0bfe8bb6438b1ef84,250
cape,mc208,UNNAMED,master/assets/items/cape/mc208_UNNAMED.webp,14a8173af62e2a69826dd7dbce6ea69525d59375,142
cape,mc209,UNNAMED,master/assets/items/cape/mc209_UNNAMED.webp,a02e854a8079afb9d7d96c381170303efa9f9ee6,128
cape,mc210,UNNAMED,master/assets/items/cape/mc210_UNNAMED.webp,aa044c8716c3e7f1eedb35056bea2cc78f00ba28,742
cape,mc211,UNNAMED,master/assets/items/cape/mc211_UNNAMED.webp,8fc707b61f1bf9411abed1ebc64ac3698f9a5160,170
cape,mc212,UNNAMED,master/assets/items/cape/mc212_UNNAMED.webp,6f18852c491700da6628498cbbba7819840304b4,544
cape,mc213,UNNAMED,master/assets/items/cape/mc213_UNNAMED.webp,20da06861286c8ca62032ea2e32877f1f38e0d49,266
cape,mc214,UNNAMED,master/assets/items/cape/mc214_UNNAMED.webp,fe0701edee17a86f119ab74a68869b5dda6853ce,324
cape,mc215,UNNAMED,master/assets/items/cape/mc215_UNNAMED.webp,2c6533556fa4e398ec51b2a7631165e5539f4f3f,172
cape,mc216,UNNAMED,master/assets/items/cape/mc216_UNNAMED.webp,16b9ea11450cdf26c9efa83687616e0c8574ffdc,598
cape,mc217,UNNAMED,master/assets/items/cape/mc217_UNNAMED.webp,41596b4d7756f10b4d0a2158ab852a96376c25bc,712
cape,mc218,UNNAMED,master/assets/items/cape/mc218_UNNAMED.webp,064df4224947683e11c7891bcb30a9d0afe3bd5e,552
cape,mc219,UNNAMED,master/assets/items/cape/mc219_UNNAMED.webp,d171a45eb00b3d46bdedbe3bd1443a04fccd4706,602
cape,mc220,UNNAMED,master/assets/items/cape/mc220_UNNAMED.webp,3f303447c5ac2d8b53de27d1a2d7047660618aca,150
cape,mc221,UNNAMED,master/assets/items/cape/mc221_UNNAMED.webp,8d85173518bc77aa0583d7d78bbe3f9adc0c2fd9,182
cape,mc222,UNNAMED,master/assets/items/cape/mc222_UNNAMED.webp,1f6fa5395a325bf9a570b515beab66bc50ac0e0e,184
cape,mc223,UNNAMED,master/assets/items/cape/mc223_UNNAMED.webp,c5999a7d707bf626027c8605fc9a12b0711f65cc,194
cape,mc224,UNNAMED,master/assets/items/cape/mc224_UNNAMED.webp,801952b9cbcbb3b88f2cbb42c923a4895acd151f,490
cape,mc225,UNNAMED,master/assets/items/cape/mc225_UNNAMED.webp,c082ceb9800befad8b1f932aebb7ad5d9ccdd003,240
cape,mc226,UNNAMED,master/assets/items/cape/mc226_UNNAMED.webp,28aadb8963efec5bf08ac772f3c1ed23136e3891,312
cape,mc227,UNNAMED,master/assets/items/cape/mc227_UNNAMED.webp,e561a478bd828f10f5355fd5f4f81704540110c4,568
cape,mc228,UNNAMED,master/assets/items/cape/mc228_UNNAMED.webp,223ef511b6f8633a9b2745ce00aa8dc7786dd282,280
cape,mc229,UNNAMED,master/assets/items/cape/mc229_UNNAMED.webp,b7fbf7116001101e6b75bf84002e1f0a99dfd43e,496
cape,mc230,UNNAMED,master/assets/items/cape/mc230_UNNAMED.webp,270f5b33d1a33d4104eb550cc6400e9857d2a92e,704
cape,mc231,UNNAMED,master/assets/items/cape/mc231_UNNAMED.webp,786a4e6dcc841bfe544e6ba9d881499a2390e3b1,654
cape,mc232,UNNAMED,master/assets/items/cape/mc232_UNNAMED.webp,ec0a13417e5dab1afbc0cd23b69532fe1de6b226,496
cape,mc233,UNNAMED,master/assets/items/cape/mc233_UNNAMED.webp,609a2bb26d953e8fe7e2fed754d3ff6e5ef42784,604
cape,mc234,UNNAMED,master/assets/items/cape/mc234_UNNAMED.webp,dee396eb1fcdd8edbd30fe013ba03accb69121c8,576
cape,mc235,UNNAMED,master/assets/items/cape/mc235_UNNAMED.webp,97e726328e1e9913b0e9d720927a9e238ec6e0f7,550
cape,mc236,UNNAMED,master/assets/items/cape/mc236_UNNAMED.webp,b7f5addde0df91239a258ab7a70310e227032311,738
cape,mc237,UNNAMED,master/assets/items/cape/mc237_UNNAMED.webp,b747848c350e598fe822dc5d8564d5a2da02938d,174
cape,mc238,UNNAMED,master/assets/items/cape/mc238_UNNAMED.webp,eb3d8ff925458095c11c91f2edf7beb18b4daf34,80
cape,mc239,UNNAMED,master/assets/items/cape/mc239_UNNAMED.webp,303ef9aff7d41ba4c37030bcf4fdcf596ba0d7f8,684
cape,mc240,UNNAMED,master/assets/items/cape/mc240_UNNAMED.webp,ead7c32d59b93bd097b88cfbae520e122e0f3fbe,342
cape,mc241,UNNAMED,master/assets/items/cape/mc241_UNNAMED.webp,0fbbc88ed50a89729b8db1f79e23cf1be0642106,340
cape,mc242,UNNAMED,master/assets/items/cape/mc242_UNNAMED.webp,9b0d54482fb1ff457ee90ef1f61b33da485d323e,316
cape,mc243,UNNAMED,master/assets/items/cape/mc243_UNNAMED.webp,598f59e6e0e8d6255f8384c693b7afa710eca3fa,314
cape,mc244,UNNAMED,master/assets/items/cape/mc244_UNNAMED.webp,70be7198787a3dc2c639500812d28266de60fd45,432
cape,mc245,UNNAMED,master/assets/items/cape/mc245_UNNAMED.webp,d1064030c08c2dcc198a0084e71407e1d596ab23,338
cape,mc246,UNNAMED,master/assets/items/cape/mc246_UNNAMED.webp,cd67e612ee48b2677c6c16db9782785addeebc2c,190
cape,mc247,UNNAMED,master/assets/items/cape/mc247_UNNAMED.webp,d832168fb5cd950328c1e4cdd33370beb8bfd3f5,154
cape,mc248,UNNAMED,master/assets/items/cape/mc248_UNNAMED.webp,02ded90fdf0d7ebe32d2fb74f5f7adba2f3a2d58,294
cape,mc249,UNNAMED,master/assets/items/cape/mc249_UNNAMED.webp,97c0fcf66e38170f8ad5a55d520bd0291b0bb1ca,152
cape,mc250,UNNAMED,master/assets/items/cape/mc250_UNNAMED.webp,a04bf66d4c1f55b0b7b8ceb60765722d73fd019a,354
cape,mc251,UNNAMED,master/assets/items/cape/mc251_UNNAMED.webp,8f12f387557fc6756a21a8d08db95d94d1a1cac6,258
cape,mc252,UNNAMED,master/assets/items/cape/mc252_UNNAMED.webp,3e3aeadf2560b15c8c042cdabb6eb4eb61103bc9,204
cape,mc253,UNNAMED,master/assets/items/cape/mc253_UNNAMED.webp,3fdfa92e872c14aa569ced82e290fd3cf2c711a1,208
cape,mc254,UNNAMED,master/assets/items/cape/mc254_UNNAMED.webp,5f70f24f8e1770692333007cc3917dbfab1f5d9d,906
cape,mc255,UNNAMED,master/assets/items/cape/mc255_UNNAMED.webp,d9ab841b42e11d69bbc484ab9d4a7a06415a3aa1,468
cape,mc256,UNNAMED,master/assets/items/cape/mc256_UNNAMED.webp,7d9d22d14caaa689946f1da54fa05500bb041494,90
cape,mc257,UNNAMED,master/assets/items/cape/mc257_UNNAMED.webp,946cdb5f98f79e7a22855bd30d37cb63bddefa28,1360
cape,mc258,UNNAMED,master/assets/items/cape/mc258_UNNAMED.webp,99187c0daae037e32c4fcc8f8fea82ea67e2344a,260
cape,mc259,UNNAMED,master/assets/items/cape/mc259_UNNAMED.webp,98ddea97cf29344fc0815b71c732f5b86917ca35,104
cape,mc260,UNNAMED,master/assets/items/cape/mc260_UNNAMED.webp,a8a4d737a1ce1cc102352484ffa7b53ac6e30c35,344
cape,mc261,UNNAMED,master/assets/items/cape/mc261_UNNAMED.webp,0ad63e37b4104d42302cf59c4611e164c3d04529,1278
cape,mc262,UNNAMED,master/assets/items/cape/mc262_UNNAMED.webp,678c9ad34fb9743757f9c4be5275a11d4ae4536f,360
cape,mc263,UNNAMED,master/assets/items/cape/mc263_UNNAMED.webp,716d6996f2c41f58bae4ecb876dd7956e289b8fa,898
cape,mc264,UNNAMED,master/assets/items/cape/mc264_UNNAMED.webp,b8ca6637c1c800c2f65527635fd7c05fa2a6024d,222
cape,mc265,UNNAMED,master/assets/items/cape/mc265_UNNAMED.webp,18020faddf5e61b776229b846ab76d2e62983ca1,652
cape,mc266,UNNAMED,master/assets/items/cape/mc266_UNNAMED.webp,8c9d8555ff46b9ce4289c56c2a8f840c70047194,266
cape,mc267,UNNAMED,master/assets/items/cape/mc267_UNNAMED.webp,dd1e3eb2c185e3891a5612f5ee808124d2f71f5e,792
cape,mc268,UNNAMED,master/assets/items/cape/mc268_UNNAMED.webp,d9d928d2565aeeb4a55903948bf8f0be6053f469,142
cape,mc269,UNNAMED,master/assets/items/cape/mc269_UNNAMED.webp,5d0ab9c83a77bd026ece4b5553ac2dda527a8eaa,172
cape,mc270,UNNAMED,master/assets/items/cape/mc270_UNNAMED.webp,4ecaa0cf09ed0767a87af9da25479fc8fd60c14f,224
cape,mc271,UNNAMED,master/assets/items/cape/mc271_UNNAMED.webp,bcc548b0d58e4a7c99e75f98ca2d2f4e28e329a6,418
cape,mc272,UNNAMED,master/assets/items/cape/mc272_UNNAMED.webp,77805401ea19609f5a1eb3ca0aae9448140cdec2,888
cape,mc273,UNNAMED,master/assets/items/cape/mc273_UNNAMED.webp,63e008519e0783689e7e857cd98bafceb5af9818,128
cape,mc275,UNNAMED,master/assets/items/cape/mc275_UNNAMED.webp,c2b43e15f837f17b04d95e885d4b7be9a2d862a4,232
cape,mc276,UNNAMED,master/assets/items/cape/mc276_UNNAMED.webp,366977170a141969af78ce20c1ed9d7c00a9068c,660
cape,mc277,UNNAMED,master/assets/items/cape/mc277_UNNAMED.webp,2da31ce640b245c2492c55718074c1d9493c8c4f,368
cape,mc278,UNNAMED,master/assets/items/cape/mc278_UNNAMED.webp,336283ba35e1770dff481f1bb32e12261328481e,320
cape,mc279,UNNAMED,master/assets/items/cape/mc279_UNNAMED.webp,884293320e9fefb5b656ded45880f946a1169b17,58
cape,mc280,UNNAMED,master/assets/items/cape/mc280_UNNAMED.webp,1caa454f91b2f580e72f16c5347e50b52819e0bf,196
cape,mc282,UNNAMED,master/assets/items/cape/mc282_UNNAMED.webp,4155c2612719fcd4befd72181c09382c608e6025,290
cape,mc283,UNNAMED,master/assets/items/cape/mc283_UNNAMED.webp,a7ab5f319be4aeee887326b9180acaee9686fc7e,418
cape,mc284,UNNAMED,master/assets/items/cape/mc284_UNNAMED.webp,3f2e557ed4ac03d13667e60291a643d8b3641589,134
cape,mc285,UNNAMED,master/assets/items/cape/mc285_UNNAMED.webp,a396ebbc3f6e8e12c3efb1e6157dd95bdc1ef1f9,968
cape,mc286,UNNAMED,master/assets/items/cape/mc286_UNNAMED.webp,df0e5477403b69d470034abec7c5d4c1fc0e9d64,590
cape,mc287,UNNAMED,master/assets/items/cape/mc287_UNNAMED.webp,c0a09c0dde8c7787bc40d83574aed5255bcca998,366
cape,mc288,UNNAMED,master/assets/items/cape/mc288_UNNAMED.webp,499d1086fafd3a61395dedfd5ea81c866043f776,96
cape,mc289,UNNAMED,master/assets/items/cape/mc289_UNNAMED.webp,3959f008ee90386f0c1dae6932094178b1a5a244,192
cape,mc290,UNNAMED,master/assets/items/cape/mc290_UNNAMED.webp,84fd594f91bb3ddc4aecea10dd56c67125b677b7,142
cape,mc291,UNNAMED,master/assets/items/cape/mc291_UNNAMED.webp,4f82b3a2f9c8b178feeec872489412cdebd138bf,722
cape,mc292,UNNAMED,master/assets/items/cape/mc292_UNNAMED.webp,fda04a7e8ac256faf5384d0d26c7ac792ac0bfc9,606
cape,mc293,UNNAMED,master/assets/items/cape/mc293_UNNAMED.webp,899322e0cd386ff0b03d7820ff01b4440e8dd869,332
cape,mc294,UNNAMED,master/assets/items/cape/mc294_UNNAMED.webp,53e1197c50ca8d46f067590e43e9f7ad861b5724,220
cape,mc295,UNNAMED,master/assets/items/cape/mc295_UNNAMED.webp,9660f5454f4101e9a80a129e4c9ed51a951cf59a,512
cape,mc296,UNNAMED,master/assets/items/cape/mc296_UNNAMED.webp,0aa1f9b30ddbf9b73fb4ce647a8a8bbe711b5efa,166
cape,mc297,UNNAMED,master/assets/items/cape/mc297_UNNAMED.webp,c23ade8fbab26c0f041d32937929c5a60cee9e77,238
cape,mc298,UNNAMED,master/assets/items/cape/mc298_UNNAMED.webp,35a4c8068b7839b22f65455db6806505d32bebef,130
cape,mc299,UNNAMED,master/assets/items/cape/mc299_UNNAMED.webp,165a630784cc8b3113a519abfac781f55eb14a15,282
cape,mc300,UNNAMED,master/assets/items/cape/mc300_UNNAMED.webp,388a39843c79e106f726ad6cdfda0c3da8d05e93,324
cape,mc301,UNNAMED,master/assets/items/cape/mc301_UNNAMED.webp,90d7172bfcdfaa66a63c199927fb11d164fc83c4,130
cape,mc302,UNNAMED,master/assets/items/cape/mc302_UNNAMED.webp,8363e7cfb95fc5d8aa120987ffa7085184ce80db,104
cape,mc303,UNNAMED,master/assets/items/cape/mc303_UNNAMED.webp,c5afb4b280be2612fd32c9e6d10f81be937cee28,232
cape,mc304,UNNAMED,master/assets/items/cape/mc304_UNNAMED.webp,0d50c3b56a2fcc46203fffa71c7f0da9ccce62a5,194
cape,mc305,UNNAMED,master/assets/items/cape/mc305_UNNAMED.webp,1168cd90a2e1754ab3e6bcb0bcdff6a7b3854784,152
cape,mc306,UNNAMED,master/assets/items/cape/mc306_UNNAMED.webp,8073423cebd202fbd4a47163dbadcb9ddb528538,176
cape,mc307,UNNAMED,master/assets/items/cape/mc307_UNNAMED.webp,16282b59d22b1dc951285ef5a0a85eb18099b44b,118
cape,mc308,UNNAMED,master/assets/items/cape/mc308_UNNAMED.webp,c8e57595cc8bad34a4105e5d279bce343adf98c0,276
cape,mc309,UNNAMED,master/assets/items/cape/mc309_UNNAMED.webp,6e96870b39bbdcf47aa2352005e3219bec9d9799,146
cape,mc310,UNNAMED,master/assets/items/cape/mc310_UNNAMED.webp,44a53907ce8338bdb5816c35aa1d184d0acc99fd,134
cape,mc311,UNNAMED,master/assets/items/cape/mc311_UNNAMED.webp,b6eeac15c1769e7649209094a7064a21c4027d10,116
cape,mc312,UNNAMED,master/assets/items/cape/mc312_UNNAMED.webp,9561a58f4fae22e32d34376b40b556b6f93915a5,220
cape,mc313,UNNAMED,master/assets/items/cape/mc313_UNNAMED.webp,9d91fe21ab1ba7d3fb1acbb0a63ae818335f868e,138
cape,mc314,UNNAMED,master/assets/items/cape/mc314_UNNAMED.webp,8300d6181aa1f40f8e53b423082b6acbf6385fe1,220
cape,mc315,UNNAMED,master/assets/items/cape/mc315_UNNAMED.webp,5dd911ff9e877deebcd186c57d6f227e32abbab2,150
cape,mc316,UNNAMED,master/assets/items/cape/mc316_UNNAMED.webp,03675ae14fdb7f5ad5ed328ce285d19d526180f4,116
cape,mc317,UNNAMED,master/assets/items/cape/mc317_UNNAMED.webp,6d18dee8967cce7efeb3da8b21ffbed4926c9e72,256
cape,mc318,UNNAMED,master/assets/items/cape/mc318_UNNAMED.webp,10592ed0a478683a707df664b52a29a50b3a7fb7,9388
cape,mc319,UNNAMED,master/assets/items/cape/mc319_UNNAMED.webp,426968336ddddebb7d712d20d672c461d7a8be4c,2976
cape,mc320,UNNAMED,master/assets/items/cape/mc320_UNNAMED.webp,bf5e40a037f6b7acc1165c0ca10caf2ca2c9a0a6,2014
cape,mc321,UNNAMED,master/assets/items/cape/mc321_UNNAMED.webp,3acd6ce582dcc8781b82b6d4fb3c7dc364a747e7,202
cape,mc322,UNNAMED,master/assets/items/cape/mc322_UNNAMED.webp,f77eeb64250051cb13482496dab8af53a7b5fdd4,202
cape,mc323,UNNAMED,master/assets/items/cape/mc323_UNNAMED.webp,243a2724d45622bc993f937954026b6a7bdc0053,1908
cape,mc324,UNNAMED,master/assets/items/cape/mc324_UNNAMED.webp,eda120549f1d393390f393d1a3c5a6780790b8cf,164
cape,mc325,UNNAMED,master/assets/items/cape/mc325_UNNAMED.webp,5a0a9e26f4fb1c60c1214d41045c5c086f82be59,202
cape,mc326,UNNAMED,master/assets/items/cape/mc326_UNNAMED.webp,fa4c9f8c0cf271fe6bd71fec077e0495f228c058,202
cape,mc327,UNNAMED,master/assets/items/cape/mc327_UNNAMED.webp,6b57baa610290df418017191555fcd4331000be7,1834
cape,mc328,UNNAMED,master/assets/items/cape/mc328_UNNAMED.webp,d4339197eddd55fc7ea279d06145f37b420e9a49,110
cape,mc329,UNNAMED,master/assets/items/cape/mc329_UNNAMED.webp,f6e91cf6de5fa86a50d33e7105c5dffe7b410938,122
cape,mc331,UNNAMED,master/assets/items/cape/mc331_UNNAMED.webp,796e85c8a7e3eb04da34f13e57e2fa21681b78a1,9614
cape,mc332,UNNAMED,master/assets/items/cape/mc332_UNNAMED.webp,40d818b9c2a058db1befa085b401fa561c5ed210,1572
cape,mc333,UNNAMED,master/assets/items/cape/mc333_UNNAMED.webp,233c67a4f5c25fdcc426b15521970ce5c059b4ca,1728
cape,mc334,UNNAMED,master/assets/items/cape/mc334_UNNAMED.webp,f9aceedb7e22cc335863ace38a8c95cd17c4110f,1196
cape,mc335,UNNAMED,master/assets/items/cape/mc335_UNNAMED.webp,96d30db0b4d7e92b78f33ae3f43a234fdfccf473,298
cape,mc336,UNNAMED,master/assets/items/cape/mc336_UNNAMED.webp,185dea737535a7af6f24119e98b517ae02f69c01,566
cape,mc337,UNNAMED,master/assets/items/cape/mc337_UNNAMED.webp,33a204500038f6712b3eaa05f716171ef637c0dc,644
cape,mc338,UNNAMED,master/assets/items/cape/mc338_UNNAMED.webp,06e20bab9e911ac4e59a3bd407129d114665f8f8,1232
cape,mc339,UNNAMED,master/assets/items/cape/mc339_UNNAMED.webp,72271db5380e9c48883aee8b88cc6b77ee93fd70,318
cape,mc345,UNNAMED,master/assets/items/cape/mc345_UNNAMED.webp,14e64a534b7c523af32f04af33a7ab067d3f66c1,1306
cape,wc001,UNNAMED,master/assets/items/cape/wc001_UNNAMED.webp,8a9099926b7951a891ed3c459d2d8f25b4ff5fff,126
cape,wc002,UNNAMED,master/assets/items/cape/wc002_UNNAMED.webp,88cd503e7eb6e6eaa8856a1046986c4dd916708f,230
cape,wc003,UNNAMED,master/assets/items/cape/wc003_UNNAMED.webp,50c4a0e731037c7254cfc3bc183f3dd44179052d,140
cape,wc004,UNNAMED,master/assets/items/cape/wc004_UNNAMED.webp,7d697c104b94feda58c4c35c179719be2411b061,112
cape,wc005,UNNAMED,master/assets/items/cape/wc005_UNNAMED.webp,3ec2696f68d28200eddbc079f340faf097637034,136
cape,wc006,UNNAMED,master/assets/items/cape/wc006_UNNAMED.webp,8a5bb1f4236688ace5098f71688d1d59331944eb,156
cape,wc007,UNNAMED,master/assets/items/cape/wc007_UNNAMED.webp,130b3deace04ead250166daa67dcfb64abf8a7bc,316
cape,wc008,UNNAMED,master/assets/items/cape/wc008_UNNAMED.webp,ca3c398f729cb90d34de160ac0b31d7106dde847,158
cape,wc009,UNNAMED,master/assets/items/cape/wc009_UNNAMED.webp,a090f93dfcbfb227c61cc399b23cf4884d9874c0,60
cape,wc010,UNNAMED,master/assets/items/cape/wc010_UNNAMED.webp,e7a046ca6281ac21dec4ba2ed753e7a79b1b55f1,520
cape,wc011,UNNAMED,master/assets/items/cape/wc011_UNNAMED.webp,6cba4248980da867b69ffcb85374200ce74f7f97,122
cape,wc012,UNNAMED,master/assets/items/cape/wc012_UNNAMED.webp,8f6e1fb7b2992ed4368cc1450c4d08b07497ab5e,164
cape,wc013,UNNAMED,master/assets/items/cape/wc013_UNNAMED.webp,5bc930b5400cd05107ad76f476cb5aae22b6548d,274
cape,wc014,UNNAMED,master/assets/items/cape/wc014_UNNAMED.webp,67b49e5cf4c7045d6bc5d83a08b9941b34631ec9,124
cape,wc015,UNNAMED,master/assets/items/cape/wc015_UNNAMED.webp,eb60879c3983c2ed03dac07ea5527995c0ddd02a,182
cape,wc016,UNNAMED,master/assets/items/cape/wc016_UNNAMED.webp,22b56e563da20e4fd642e0210ddd2fa0fe358e63,228
cape,wc017,UNNAMED,master/assets/items/cape/wc017_UNNAMED.webp,76b4adc8916bba0d27f61df7cdc9ff22b8922c82,70
cape,wc018,UNNAMED,master/assets/items/cape/wc018_UNNAMED.webp,45c8ecf77ad2c9ecc6bb952e26cc280dbe4b41e5,190
cape,wc019,UNNAMED,master/assets/items/cape/wc019_UNNAMED.webp,8a316cb49c481197776a3c4a4716a1a435289e86,154
cape,wc020,UNNAMED,master/assets/items/cape/wc020_UNNAMED.webp,64218b69b63035b8c7f663321905dd797f75fb47,168
cape,wc021,UNNAMED,master/assets/items/cape/wc021_UNNAMED.webp,1bd77a2ff2a8ec947db04a81d17dbdded3f9b96e,164
cape,wc022,UNNAMED,master/assets/items/cape/wc022_UNNAMED.webp,51ac5683220edd899e7061d8dbd60aa0a0e3c66f,170
cape,wc023,UNNAMED,master/assets/items/cape/wc023_UNNAMED.webp,4853df214d36c23e0bd5250840bc8fe07f670ba8,168
cape,wc024,UNNAMED,master/assets/items/cape/wc024_UNNAMED.webp,e079e8c35af1428cdb5f3b83a0c5f35af1da0816,162
cape,wc025,UNNAMED,master/assets/items/cape/wc025_UNNAMED.webp,6bfde3898b9b995237bc3c820243693d26f15bc1,70
cape,wc026,UNNAMED,master/assets/items/cape/wc026_UNNAMED.webp,521b990f84e06c4fe2fe106a071ef9a5b74645dd,152
cape,wc027,UNNAMED,master/assets/items/cape/wc027_UNNAMED.webp,f78473a3bf7ad7f3a8c6caf0051acc30de065f9b,182
cape,wc028,UNNAMED,master/assets/items/cape/wc028_UNNAMED.webp,49537cbc14ea4ec655c5d2215276cd94de05063d,132
cape,wc029,UNNAMED,master/assets/items/cape/wc029_UNNAMED.webp,f6fde00c8cd7604524e35637b361d223c45558f9,160
cape,wc030,UNNAMED,master/assets/items/cape/wc030_UNNAMED.webp,be1889e22e7795419805244170c8f11cf024ce18,250
cape,wc031,UNNAMED,master/assets/items/cape/wc031_UNNAMED.webp,12be7c297462a0d437701f967afc5bdd0e1c0b93,122
cape,wc032,UNNAMED,master/assets/items/cape/wc032_UNNAMED.webp,cbdfac68598bba2f887183b128c15ba206dd505b,120
cape,wc034,UNNAMED,master/assets/items/cape/wc034_UNNAMED.webp,ff9059a0b37d9348242efad69ca842b3a04bb255,446
cape,wc035,UNNAMED,master/assets/items/cape/wc035_UNNAMED.webp,940111bfc4b15cb3fecb9e4283a44c1c92618974,136
cape,wc036,UNNAMED,master/assets/items/cape/wc036_UNNAMED.webp,e73a6a2ce038fb337356d2b5afaa4010d8e8676c,160
cape,wc037,UNNAMED,master/assets/items/cape/wc037_UNNAMED.webp,31958ffd1e2b6b65ecb62905b6fa2fd6d1428679,188
cape,wc038,UNNAMED,master/assets/items/cape/wc038_UNNAMED.webp,9b017e9fb8938e6a8ddef4d8923f16d22e60f5ac,196
cape,wc039,UNNAMED,master/assets/items/cape/wc039_UNNAMED.webp,2b78e1c172812f40ae9111135f93af7ddd91eeb2,152
cape,wc040,UNNAMED,master/assets/items/cape/wc040_UNNAMED.webp,c04527dec1d0ea6238c466f03ea341be5f243bb2,102
cape,wc041,UNNAMED,master/assets/items/cape/wc041_UNNAMED.webp,b10632cc0f49f77694a2891f728525f334f0ab16,176
cape,wc042,UNNAMED,master/assets/items/cape/wc042_UNNAMED.webp,747e7f210979376d50f65b646b7f2bfce676658a,150
cape,wc043,UNNAMED,master/assets/items/cape/wc043_UNNAMED.webp,a017aa3d311b442dc165e9945b14e4295971670d,146
cape,wc044,UNNAMED,master/assets/items/cape/wc044_UNNAMED.webp,3e6efb7f9b58d00e2475d271ba0f251229b69346,124
cape,wc048,UNNAMED,master/assets/items/cape/wc048_UNNAMED.webp,5eceba24768bac3d379e7140c691dc9e6a8d3a1f,70
cape,wc049,UNNAMED,master/assets/items/cape/wc049_UNNAMED.webp,3f3acf2474b496bf86d4186be435058bdb8f00a9,108
cape,wc050,UNNAMED,master/assets/items/cape/wc050_UNNAMED.webp,c11ea6895319d543827524731356f60bda993e1b,120
cape,wc051,UNNAMED,master/assets/items/cape/wc051_UNNAMED.webp,8650ecb3802beb5e9de1751aea4051f54898d48d,184
cape,wc052,UNNAMED,master/assets/items/cape/wc052_UNNAMED.webp,f0faeccb9c894710e26d553c66cb16e0c1b336e4,196
cape,wc053,UNNAMED,master/assets/items/cape/wc053_UNNAMED.webp,e11b7bd950d2500ba913e7607573abc8191463fa,152
cape,wc054,UNNAMED,master/assets/items/cape/wc054_UNNAMED.webp,ae679c91dc8e55d1ba1c174890e853f96f1a10c8,118
cape,wc055,UNNAMED,master/assets/items/cape/wc055_UNNAMED.webp,5e8f14adfe414c0f99716df8ec62d9fcf8228ef1,218
cape,wc056,UNNAMED,master/assets/items/cape/wc056_UNNAMED.webp,b0ae44ec4ed815d6c1438e1fe968ce6e87a7b72f,226
cape,wc057,UNNAMED,master/assets/items/cape/wc057_UNNAMED.webp,0d65bd5408857ab1ed7ff0773543da71e691f583,148
cape,wc058,UNNAMED,master/assets/items/cape/wc058_UNNAMED.webp,5b6b5dc4fd84e970052b7346640d8797def171ed,226
cape,wc059,UNNAMED,master/assets/items/cape/wc059_UNNAMED.webp,c4611618282f9a71406f4516cd2ad45de7e0cc73,84
cape,wc060,UNNAMED,master/assets/items/cape/wc060_UNNAMED.webp,17d2508c660e2a428feedbafb639ad9a1601f79f,252
cape,wc061,UNNAMED,master/assets/items/cape/wc061_UNNAMED.webp,e72e8cadcfd333f4df8cd14d8ef86b6ebe91ead6,144
cape,wc063,UNNAMED,master/assets/items/cape/wc063_UNNAMED.webp,23f72d3029e2abe715c7a2708fd5b8a2be214ffc,538
cape,wc064,UNNAMED,master/assets/items/cape/wc064_UNNAMED.webp,ba184155226b926cd916d118b2c4c4fa2a74cfb8,530
cape,wc065,UNNAMED,master/assets/items/cape/wc065_UNNAMED.webp,b671213eb481d8050c981e2226787864a6de0dc9,334
cape,wc066,UNNAMED,master/assets/items/cape/wc066_UNNAMED.webp,357bf8365272147f301dbb37a3638f47eac563d5,546
cape,wc067,UNNAMED,master/assets/items/cape/wc067_UNNAMED.webp,2d7c64b39b581027799030f14b30026ae18b5853,304
cape,wc068,UNNAMED,master/assets/items/cape/wc068_UNNAMED.webp,c183783a9b1fe16a5c30ae5217ddc10c97b65c97,244
cape,wc069,UNNAMED,master/assets/items/cape/wc069_UNNAMED.webp,a90cf702432d35bbc9350806639cb8354241f8c6,142
cape,wc070,UNNAMED,master/assets/items/cape/wc070_UNNAMED.webp,3fb7ad383fa26e9256a1b777ccffb30c6606b889,82
cape,wc071,UNNAMED,master/assets/items/cape/wc071_UNNAMED.webp,8b07e6da261e56a852cdd84b1b29b58833327da8,288
cape,wc072,UNNAMED,master/assets/items/cape/wc072_UNNAMED.webp,daf0c33b96616a515a5746e0168da06dd01580bd,108
cape,wc073,UNNAMED,master/assets/items/cape/wc073_UNNAMED.webp,79c63362f88331cc8cdeaa68fd2ae30d4d2c7e2f,124
cape,wc074,UNNAMED,master/assets/items/cape/wc074_UNNAMED.webp,13c65b5dcb5f6a7fd5176d5c7cfe40ba9bd06ef6,130
cape,wc075,UNNAMED,master/assets/items/cape/wc075_UNNAMED.webp,152c8352af0d9d69c0186a58ff94babed9f39f7d,230
cape,wc076,UNNAMED,master/assets/items/cape/wc076_UNNAMED.webp,7bc5aeafc495ef0513a06953934720dc67c227d2,122
cape,wc077,UNNAMED,master/assets/items/cape/wc077_UNNAMED.webp,dd932ea20e80b15375037455e15f1a1e7b34e636,180
cape,wc078,UNNAMED,master/assets/items/cape/wc078_UNNAMED.webp,13c65b5dcb5f6a7fd5176d5c7cfe40ba9bd06ef6,130
cape,wc079,UNNAMED,master/assets/items/cape/wc079_UNNAMED.webp,a7e46465e0185760c0eb88bfe1509ac7d93b7c8c,112
cape,wc080,UNNAMED,master/assets/items/cape/wc080_UNNAMED.webp,ea6c9004224ea6f8e5be7749adaea8e9030f784a,128
cape,wc081,UNNAMED,master/assets/items/cape/wc081_UNNAMED.webp,8bee02a7cc73ea5931983a6a26c5fa6476ae5cf0,178
cape,wc082,UNNAMED,master/assets/items/cape/wc082_UNNAMED.webp,94dca570bde06478da23de3bd81224abe2eb9d6d,80
cape,wc083,UNNAMED,master/assets/items/cape/wc083_UNNAMED.webp,4f772396f5c53bf8f2e59974e2ffa326d33b8960,682
cape,wc084,UNNAMED,master/assets/items/cape/wc084_UNNAMED.webp,9a10ce5dda17850de2f99a0adf8da1318700ed16,138
cape,wc085,UNNAMED,master/assets/items/cape/wc085_UNNAMED.webp,cd571c23129572b8a1cb3f7f487736cd5c4fbf8a,82
cape,wc086,UNNAMED,master/assets/items/cape/wc086_UNNAMED.webp,df7491df3c3810152766bf42b8e4e6cdb37999ea,636
cape,wc087,UNNAMED,master/assets/items/cape/wc087_UNNAMED.webp,60a8a95d96701c9999b58b164c514baa0c93f630,556
cape,wc088,UNNAMED,master/assets/items/cape/wc088_UNNAMED.webp,bb24068fdb9d2f6eec6305ed93c56a0aab5f41c4,90
cape,wc089,UNNAMED,master/assets/items/cape/wc089_UNNAMED.webp,f47a85150450a4653751306258d9607af6399b31,132
cape,wc090,UNNAMED,master/assets/items/cape/wc090_UNNAMED.webp,0eebea01604ead3ed8274763953d23c366011ac4,160
cape,wc091,UNNAMED,master/assets/items/cape/wc091_UNNAMED.webp,c1a21c56d2530e96b2bfc02aec827f3a8e59c359,148
cape,wc092,UNNAMED,master/assets/items/cape/wc092_UNNAMED.webp,64c379faa1759dc36bbca05b2424e8835fe3e74a,182
cape,wc093,UNNAMED,master/assets/items/cape/wc093_UNNAMED.webp,0b2b7791321926b75f83d2f8b4e2f9315ff56717,212
cape,wc094,UNNAMED,master/assets/items/cape/wc094_UNNAMED.webp,ac0cc573b4cb11c51fb55e7a54d9766e5b6e0037,256
cape,wc095,UNNAMED,master/assets/items/cape/wc095_UNNAMED.webp,3d8773f057020652dd862091e0ee251a010a8896,398
cape,wc096,UNNAMED,master/assets/items/cape/wc096_UNNAMED.webp,a4724563fd69319578e5fce76c25904e37046ea4,100
cape,wc097,UNNAMED,master/assets/items/cape/wc097_UNNAMED.webp,8781f2611aa6c394da298014c531e8dc45fbc35a,120
cape,wc098,UNNAMED,master/assets/items/cape/wc098_UNNAMED.webp,9483fa353945520c30f9af039818b2efcfd510d7,116
cape,wc099,UNNAMED,master/assets/items/cape/wc099_UNNAMED.webp,bb1dc765105d34ca141530dc8586c35f1784186f,126
cape,wc100,UNNAMED,master/assets/items/cape/wc100_UNNAMED.webp,d80abfc763da7b5bcf27ed1a74b2a3c675aa7665,116
cape,wc101,UNNAMED,master/assets/items/cape/wc101_UNNAMED.webp,f1409bef81b269c3236193090b0a96bff9c22409,118
cape,wc102,UNNAMED,master/assets/items/cape/wc102_UNNAMED.webp,271094929a4410002361b536edd2a09b0c6d23f8,116
cape,wc103,UNNAMED,master/assets/items/cape/wc103_UNNAMED.webp,3fcf35659c85f555bee648ecb129b3274274da27,376
cape,wc104,UNNAMED,master/assets/items/cape/wc104_UNNAMED.webp,c72e5d3ae4374285459565446d03de3eb5c1a686,648
cape,wc105,UNNAMED,master/assets/items/cape/wc105_UNNAMED.webp,d1f88c9d035b55aef6f99b166049c016cf2e4712,280
cape,wc106,UNNAMED,master/assets/items/cape/wc106_UNNAMED.webp,384fd28b1c0bca9d30be73c048003851a610ec49,852
cape,wc107,UNNAMED,master/assets/items/cape/wc107_UNNAMED.webp,adfd7dcdfd49f5a998beb82c5c767b7e401f3d58,506
cape,wc108,UNNAMED,master/assets/items/cape/wc108_UNNAMED.webp,8f40d6eaa32b42227c54d2d92e3234fed032b923,138
cape,wc109,UNNAMED,master/assets/items/cape/wc109_UNNAMED.webp,ec4850fb878e086a7945c6550afd1fecffa89c19,508
cape,wc110,UNNAMED,master/assets/items/cape/wc110_UNNAMED.webp,70ea8b79d610423a83f7f2466e30a1ee8f971039,414
cape,wc111,UNNAMED,master/assets/items/cape/wc111_UNNAMED.webp,77eb72aa5a8f5699a8505ca8487c10113f6fa4c5,392
cape,wc112,UNNAMED,master/assets/items/cape/wc112_UNNAMED.webp,1ac5b6641b924ddd4acdb11b080c95c39b4ad280,164
cape,wc113,UNNAMED,master/assets/items/cape/wc113_UNNAMED.webp,1c001ca9a8e55a8381c24b30ffc24c17561a7fcb,106
cape,wc114,UNNAMED,master/assets/items/cape/wc114_UNNAMED.webp,6dba78b5e6400253bc78dcc4e3c31acbc8a72777,42
cape,wc115,UNNAMED,master/assets/items/cape/wc115_UNNAMED.webp,a28474d5405e02c3c4e0fd68e7a9d1cd0812f8cd,94
cape,wc116,UNNAMED,master/assets/items/cape/wc116_UNNAMED.webp,5d969ca7df7781d258bd38bbbc4e5bb86c990f86,118
cape,wc117,UNNAMED,master/assets/items/cape/wc117_UNNAMED.webp,dfcfdd830707fbab95cd7bd9849d74eef8d8c734,136
cape,wc118,UNNAMED,master/assets/items/cape/wc118_UNNAMED.webp,51c71588b7e0eab36d2acacbd71dac48b8c27643,172
cape,wc119,UNNAMED,master/assets/items/cape/wc119_UNNAMED.webp,2dc82deef4fef1b66ee71c9494dbb72d1d3e9811,166
cape,wc120,UNNAMED,master/assets/items/cape/wc120_UNNAMED.webp,238fd8ebb22f354458efe3be847d385f4922967d,290
cape,wc121,UNNAMED,master/assets/items/cape/wc121_UNNAMED.webp,d48e8c908ff06681d446a1a6807ada1f64ba3bf4,458
cape,wc122,UNNAMED,master/assets/items/cape/wc122_UNNAMED.webp,cf519a399b56719d8260cdea985ce4ab7e6cf15a,540
cape,wc123,UNNAMED,master/assets/items/cape/wc123_UNNAMED.webp,4d439fbca297f368b54f346bf50ad91e9244c2e6,186
cape,wc124,UNNAMED,master/assets/items/cape/wc124_UNNAMED.webp,758d8c061578bd49ef9cb3d57494d3d7202473c0,128
cape,wc125,UNNAMED,master/assets/items/cape/wc125_UNNAMED.webp,96c6b4977015c84979379f4e2e8784ad95cc456b,744
cape,wc126,UNNAMED,master/assets/items/cape/wc126_UNNAMED.webp,ec37bd4b8c93093460fa6522d4e0fbf042c23aff,442
cape,wc127,UNNAMED,master/assets/items/cape/wc127_UNNAMED.webp,92045843c1261641bff2a8d57c433d1622304c5a,114
cape,wc128,UNNAMED,master/assets/items/cape/wc128_UNNAMED.webp,37861e66f8c5046ff2eac594ebd654dc6e20a85d,182
cape,wc129,UNNAMED,master/assets/items/cape/wc129_UNNAMED.webp,31ee97c8827d97ff956a8550ba782d84dc54ea37,236
cape,wc130,UNNAMED,master/assets/items/cape/wc130_UNNAMED.webp,95ed37da5fed3418b54e32d99d0234fa337929ac,292
cape,wc131,UNNAMED,master/assets/items/cape/wc131_UNNAMED.webp,373bf9dbbd63a25943ba44615e7e61787b9e9b24,204
cape,wc132,UNNAMED,master/assets/items/cape/wc132_UNNAMED.webp,dc0a29edfe74763c9042370ce607184a40968b10,368
cape,wc133,UNNAMED,master/assets/items/cape/wc133_UNNAMED.webp,16042060504aba3cbba8eae35e5635bbf918a1f3,480
cape,wc134,UNNAMED,master/assets/items/cape/wc134_UNNAMED.webp,0fdd03c46bfdaf7e062651d1d6877ad6dfad4b74,416
cape,wc135,UNNAMED,master/assets/items/cape/wc135_UNNAMED.webp,9da6681d1d1f0fe1877dc512d88762d630221d8d,220
cape,wc137,UNNAMED,master/assets/items/cape/wc137_UNNAMED.webp,3046c67d0b84fae3cc9a3daa04046d710184b193,174
cape,wc138,UNNAMED,master/assets/items/cape/wc138_UNNAMED.webp,a05ef07d6001962524d13e341bff79bd4fbb857e,238
cape,wc139,UNNAMED,master/assets/items/cape/wc139_UNNAMED.webp,23aa5bed1a5af1f93ca80014c26d098b8734abf1,116
cape,wc140,UNNAMED,master/assets/items/cape/wc140_UNNAMED.webp,239013928f9a5cf182a0a2fbabc81148f6fb0c42,162
cape,wc141,UNNAMED,master/assets/items/cape/wc141_UNNAMED.webp,f160421b1afb7b09690f14bc57bc572d0a38b7b2,284
cape,wc142,UNNAMED,master/assets/items/cape/wc142_UNNAMED.webp,79a102ab45ea5e4919929e88ab68a5a1080e8bf8,472
cape,wc144,UNNAMED,master/assets/items/cape/wc144_UNNAMED.webp,4d043115f3d595d0a0313e1199210d69ddf0c100,182
cape,wc145,UNNAMED,master/assets/items/cape/wc145_UNNAMED.webp,a97c170a91ab621a5a3b9b609deed09644e6a4b2,210
cape,wc146,UNNAMED,master/assets/items/cape/wc146_UNNAMED.webp,6df74f02fef0ee9a71bfa59976011d07ba39065e,144
cape,wc147,UNNAMED,master/assets/items/cape/wc147_UNNAMED.webp,b390abe355c4f2a4fd4b2215e961d40794ef06bd,170
cape,wc148,UNNAMED,master/assets/items/cape/wc148_UNNAMED.webp,33198a80b6019cd9603514fd60e82cac13ac74f2,182
cape,wc149,UNNAMED,master/assets/items/cape/wc149_UNNAMED.webp,b3c7722069ffd775563ab2641ded14abd257a22f,202
cape,wc150,UNNAMED,master/assets/items/cape/wc150_UNNAMED.webp,da8d0b01ab1ed0953ce729464995e3efb3b8e2fd,474
cape,wc151,UNNAMED,master/assets/items/cape/wc151_UNNAMED.webp,5deb1dc73944ca00db436ffb0be72a08636a2732,382
cape,wc152,UNNAMED,master/assets/items/cape/wc152_UNNAMED.webp,a541ff569b24bf20e5cd501d2ee437c1f74554a7,228
cape,wc153,UNNAMED,master/assets/items/cape/wc153_UNNAMED.webp,36963e5bb91d16ccfa86518e20eb64774453e824,146
cape,wc154,UNNAMED,master/assets/items/cape/wc154_UNNAMED.webp,5e900359710b2f218bf05f0894886b151bf8f5f9,68
cape,wc155,UNNAMED,master/assets/items/cape/wc155_UNNAMED.webp,42063555f3b1504dbb47b1190a474f37f059bdb6,108
cape,wc156,UNNAMED,master/assets/items/cape/wc156_UNNAMED.webp,04ba8e50c8a792055f27d07cd213a3c5b128da74,98
cape,wc157,UNNAMED,master/assets/items/cape/wc157_UNNAMED.webp,ddac211fdc69d729e26fdf4e46d22220b229a83f,126
cape,wc158,UNNAMED,master/assets/items/cape/wc158_UNNAMED.webp,ddac211fdc69d729e26fdf4e46d22220b229a83f,126
cape,wc159,UNNAMED,master/assets/items/cape/wc159_UNNAMED.webp,ddac211fdc69d729e26fdf4e46d22220b229a83f,126
cape,wc160,UNNAMED,master/assets/items/cape/wc160_UNNAMED.webp,ddac211fdc69d729e26fdf4e46d22220b229a83f,126
cape,wc161,UNNAMED,master/assets/items/cape/wc161_UNNAMED.webp,aa29093de4d4052491a557d5410a9d2a9e032709,144
cape,wc162,UNNAMED,master/assets/items/cape/wc162_UNNAMED.webp,db9bb5182ab1d53a556341bb3b3a298c8bb2d99f,260
cape,wc163,UNNAMED,master/assets/items/cape/wc163_UNNAMED.webp,48b7473c7cfa7221c8163efbd5c91f46a7ba3649,622
cape,wc164,UNNAMED,master/assets/items/cape/wc164_UNNAMED.webp,fbc12902cc2434d000dce25541cd56e9d9fe1062,296
cape,wc165,UNNAMED,master/assets/items/cape/wc165_UNNAMED.webp,821e7e0e01efe8fb9fdf57f5678d6495edc1684b,464
cape,wc166,UNNAMED,master/assets/items/cape/wc166_UNNAMED.webp,3c3ed7e16b76442c44b330edede5ef5319cac646,194
cape,wc167,UNNAMED,master/assets/items/cape/wc167_UNNAMED.webp,46e12d651b66db84ec476461ebf7d9c7f93c74d5,176
cape,wc168,UNNAMED,master/assets/items/cape/wc168_UNNAMED.webp,60aba325efb9248bce357cf039e361762fd5f9c7,232
cape,wc169,UNNAMED,master/assets/items/cape/wc169_UNNAMED.webp,ff4cfedfb9055bc779ff4e8714cd392c9157badd,602
cape,wc170,UNNAMED,master/assets/items/cape/wc170_UNNAMED.webp,3a7fdde2905f7d844c823b015bfca53b80584750,148
cape,wc171,UNNAMED,master/assets/items/cape/wc171_UNNAMED.webp,680d9c9f13eb2aecf6c60d4ba0b2fb78fc9533de,156
cape,wc172,UNNAMED,master/assets/items/cape/wc172_UNNAMED.webp,8322f636f28507d7626f3b1383717a9eeb234091,236
cape,wc173,UNNAMED,master/assets/items/cape/wc173_UNNAMED.webp,df56a8f37dc1bf98602db46c2ab558a7fbdd1ee6,328
cape,wc174,UNNAMED,master/assets/items/cape/wc174_UNNAMED.webp,5cb99c93b8f31b0f85bdd08c8dc06acca520afb2,208
cape,wc175,UNNAMED,master/assets/items/cape/wc175_UNNAMED.webp,740f3d809021f9a08d98d95232e8d1241c1b7a56,350
cape,wc176,UNNAMED,master/assets/items/cape/wc176_UNNAMED.webp,0419cf207baa2bfa94b22068c0cb86597c08084b,240
cape,wc177,UNNAMED,master/assets/items/cape/wc177_UNNAMED.webp,f293cfc2548176e5dff164c66a80ab8aaf20a1f9,230
cape,wc178,UNNAMED,master/assets/items/cape/wc178_UNNAMED.webp,696c9476838aaaef65d6008ece08c26c03a251ec,140
cape,wc179,UNNAMED,master/assets/items/cape/wc179_UNNAMED.webp,7931008065cc46fc49503593b23e5d73b0fa201e,304
cape,wc180,UNNAMED,master/assets/items/cape/wc180_UNNAMED.webp,acb7b628751e14418c61e9cefc942e9e910893e3,182
cape,wc181,UNNAMED,master/assets/items/cape/wc181_UNNAMED.webp,49b6ba1ffb16de2c30657ebbb5d8a004500a875d,126
cape,wc182,UNNAMED,master/assets/items/cape/wc182_UNNAMED.webp,39818b098c40e20b162869f445b8515ecbdfdf5c,254
cape,wc183,UNNAMED,master/assets/items/cape/wc183_UNNAMED.webp,dea8bcf378f5a38511a9a77d0fafa72a7418bff8,194
cape,wc184,UNNAMED,master/assets/items/cape/wc184_UNNAMED.webp,93a914c46a664edeb70c1a2fee6968d2190ed195,312
cape,wc185,UNNAMED,master/assets/items/cape/wc185_UNNAMED.webp,04ebb0fe5a3c8ac2b2e20606751a9f17a9dd497c,680
cape,wc186,UNNAMED,master/assets/items/cape/wc186_UNNAMED.webp,1f53cbc4d36cd1615c61bfe2a05ce811ce7f08c9,252
cape,wc187,UNNAMED,master/assets/items/cape/wc187_UNNAMED.webp,0adc533172d7d8a09579baeff0b264d372d865e9,130
cape,wc188,UNNAMED,master/assets/items/cape/wc188_UNNAMED.webp,c1ad222d72443ed63d4a15c9bc1081f26529a1a0,108
cape,wc189,UNNAMED,master/assets/items/cape/wc189_UNNAMED.webp,fd2dfdca58f7b6ce87a740c024a0f86035a66db2,196
cape,wc190,UNNAMED,master/assets/items/cape/wc190_UNNAMED.webp,3b2232ec56697a830dfa62ab0e057ae0d8b4ac5d,118
cape,wc191,UNNAMED,master/assets/items/cape/wc191_UNNAMED.webp,56fd00e361ad2f92155251187e4b954990ece851,144
cape,wc192,UNNAMED,master/assets/items/cape/wc192_UNNAMED.webp,c3c9952137babf96cab524ac74826995a1becb4d,114
cape,wc193,UNNAMED,master/assets/items/cape/wc193_UNNAMED.webp,fe4f1fbcc81f0815d8a9ee0942ea442419ac1350,158
cape,wc194,UNNAMED,master/assets/items/cape/wc194_UNNAMED.webp,06c9fc01f716dace1b4b445e39d6c2066d5ba758,182
cape,wc195,UNNAMED,master/assets/items/cape/wc195_UNNAMED.webp,393b838a58757a0aea269a18c7a9d35be461ad07,176
cape,wc196,UNNAMED,master/assets/items/cape/wc196_UNNAMED.webp,a84d5bc738b09970adc3d3d1fa8eed9dcf2a7a3c,130
cape,wc197,UNNAMED,master/assets/items/cape/wc197_UNNAMED.webp,a2169b56c741914b96136cebb47483cc600445ef,224
cape,wc198,UNNAMED,master/assets/items/cape/wc198_UNNAMED.webp,cbce64789d94c751ee5ec8ba0b25c7122232eda0,758
cape,wc199,UNNAMED,master/assets/items/cape/wc199_UNNAMED.webp,2b1e4d1fd414309da57453bd3134689ce72f5473,228
cape,wc200,UNNAMED,master/assets/items/cape/wc200_UNNAMED.webp,0b02ffa17e6557d13a35e2ca70dac9cde4388354,440
cape,wc201,UNNAMED,master/assets/items/cape/wc201_UNNAMED.webp,9738cc4926f35c635c193228157053a12e49c80a,176
cape,wc202,UNNAMED,master/assets/items/cape/wc202_UNNAMED.webp,a326e21648b187fcf9ecc232e954c3dc98844c0d,114
cape,wc203,UNNAMED,master/assets/items/cape/wc203_UNNAMED.webp,7b7ece6205e9d55521bf4559697c3e8c3af28f76,122
cape,wc204,UNNAMED,master/assets/items/cape/wc204_UNNAMED.webp,3515c2da9230e05cf867f381ce9a1c323e199474,314
cape,wc205,UNNAMED,master/assets/items/cape/wc205_UNNAMED.webp,8c0f7e3e8fa6eed69a9cf27278ca41f51ec93e1e,180
cape,wc206,UNNAMED,master/assets/items/cape/wc206_UNNAMED.webp,c5c353c35445e580e814df46a51e44cf27686c99,254
cape,wc207,UNNAMED,master/assets/items/cape/wc207_UNNAMED.webp,ddca8052aed763418d5741c0bfe8bb6438b1ef84,250
cape,wc208,UNNAMED,master/assets/items/cape/wc208_UNNAMED.webp,14a8173af62e2a69826dd7dbce6ea69525d59375,142
cape,wc209,UNNAMED,master/assets/items/cape/wc209_UNNAMED.webp,a02e854a8079afb9d7d96c381170303efa9f9ee6,128
cape,wc210,UNNAMED,master/assets/items/cape/wc210_UNNAMED.webp,aa044c8716c3e7f1eedb35056bea2cc78f00ba28,742
cape,wc211,UNNAMED,master/assets/items/cape/wc211_UNNAMED.webp,8fc707b61f1bf9411abed1ebc64ac3698f9a5160,170
cape,wc212,UNNAMED,master/assets/items/cape/wc212_UNNAMED.webp,6f18852c491700da6628498cbbba7819840304b4,544
cape,wc213,UNNAMED,master/assets/items/cape/wc213_UNNAMED.webp,20da06861286c8ca62032ea2e32877f1f38e0d49,266
cape,wc214,UNNAMED,master/assets/items/cape/wc214_UNNAMED.webp,fe0701edee17a86f119ab74a68869b5dda6853ce,324
cape,wc215,UNNAMED,master/assets/items/cape/wc215_UNNAMED.webp,2c6533556fa4e398ec51b2a7631165e5539f4f3f,172
cape,wc216,UNNAMED,master/assets/items/cape/wc216_UNNAMED.webp,16b9ea11450cdf26c9efa83687616e0c8574ffdc,598
cape,wc217,UNNAMED,master/assets/items/cape/wc217_UNNAMED.webp,41596b4d7756f10b4d0a2158ab852a96376c25bc,712
cape,wc218,UNNAMED,master/assets/items/cape/wc218_UNNAMED.webp,064df4224947683e11c7891bcb30a9d0afe3bd5e,552
cape,wc219,UNNAMED,master/assets/items/cape/wc219_UNNAMED.webp,d171a45eb00b3d46bdedbe3bd1443a04fccd4706,602
cape,wc220,UNNAMED,master/assets/items/cape/wc220_UNNAMED.webp,3f303447c5ac2d8b53de27d1a2d7047660618aca,150
cape,wc221,UNNAMED,master/assets/items/cape/wc221_UNNAMED.webp,8d85173518bc77aa0583d7d78bbe3f9adc0c2fd9,182
cape,wc222,UNNAMED,master/assets/items/cape/wc222_UNNAMED.webp,1f6fa5395a325bf9a570b515beab66bc50ac0e0e,184
cape,wc223,UNNAMED,master/assets/items/cape/wc223_UNNAMED.webp,c5999a7d707bf626027c8605fc9a12b0711f65cc,194
cape,wc224,UNNAMED,master/assets/items/cape/wc224_UNNAMED.webp,801952b9cbcbb3b88f2cbb42c923a4895acd151f,490
cape,wc225,UNNAMED,master/assets/items/cape/wc225_UNNAMED.webp,c082ceb9800befad8b1f932aebb7ad5d9ccdd003,240
cape,wc226,UNNAMED,master/assets/items/cape/wc226_UNNAMED.webp,28aadb8963efec5bf08ac772f3c1ed23136e3891,312
cape,wc227,UNNAMED,master/assets/items/cape/wc227_UNNAMED.webp,e561a478bd828f10f5355fd5f4f81704540110c4,568
cape,wc228,UNNAMED,master/assets/items/cape/wc228_UNNAMED.webp,223ef511b6f8633a9b2745ce00aa8dc7786dd282,280
cape,wc229,UNNAMED,master/assets/items/cape/wc229_UNNAMED.webp,4e3324d6021958068e694d4393dde0973d9c2de0,498
cape,wc230,UNNAMED,master/assets/items/cape/wc230_UNNAMED.webp,270f5b33d1a33d4104eb550cc6400e9857d2a92e,704
cape,wc231,UNNAMED,master/assets/items/cape/wc231_UNNAMED.webp,786a4e6dcc841bfe544e6ba9d881499a2390e3b1,654
cape,wc232,UNNAMED,master/assets/items/cape/wc232_UNNAMED.webp,ec0a13417e5dab1afbc0cd23b69532fe1de6b226,496
cape,wc233,UNNAMED,master/assets/items/cape/wc233_UNNAMED.webp,609a2bb26d953e8fe7e2fed754d3ff6e5ef42784,604
cape,wc234,UNNAMED,master/assets/items/cape/wc234_UNNAMED.webp,dee396eb1fcdd8edbd30fe013ba03accb69121c8,576
cape,wc235,UNNAMED,master/assets/items/cape/wc235_UNNAMED.webp,97e726328e1e9913b0e9d720927a9e238ec6e0f7,550
cape,wc236,UNNAMED,master/assets/items/cape/wc236_UNNAMED.webp,b7f5addde0df91239a258ab7a70310e227032311,738
cape,wc237,UNNAMED,master/assets/items/cape/wc237_UNNAMED.webp,b747848c350e598fe822dc5d8564d5a2da02938d,174
cape,wc238,UNNAMED,master/assets/items/cape/wc238_UNNAMED.webp,eb3d8ff925458095c11c91f2edf7beb18b4daf34,80
cape,wc239,UNNAMED,master/assets/items/cape/wc239_UNNAMED.webp,303ef9aff7d41ba4c37030bcf4fdcf596ba0d7f8,684
cape,wc240,UNNAMED,master/assets/items/cape/wc240_UNNAMED.webp,ead7c32d59b93bd097b88cfbae520e122e0f3fbe,342
cape,wc241,UNNAMED,master/assets/items/cape/wc241_UNNAMED.webp,0fbbc88ed50a89729b8db1f79e23cf1be0642106,340
cape,wc242,UNNAMED,master/assets/items/cape/wc242_UNNAMED.webp,9b0d54482fb1ff457ee90ef1f61b33da485d323e,316
cape,wc243,UNNAMED,master/assets/items/cape/wc243_UNNAMED.webp,598f59e6e0e8d6255f8384c693b7afa710eca3fa,314
cape,wc244,UNNAMED,master/assets/items/cape/wc244_UNNAMED.webp,70be7198787a3dc2c639500812d28266de60fd45,432
cape,wc245,UNNAMED,master/assets/items/cape/wc245_UNNAMED.webp,d1064030c08c2dcc198a0084e71407e1d596ab23,338
cape,wc246,UNNAMED,master/assets/items/cape/wc246_UNNAMED.webp,cd67e612ee48b2677c6c16db9782785addeebc2c,190
cape,wc247,UNNAMED,master/assets/items/cape/wc247_UNNAMED.webp,d832168fb5cd950328c1e4cdd33370beb8bfd3f5,154
cape,wc248,UNNAMED,master/assets/items/cape/wc248_UNNAMED.webp,02ded90fdf0d7ebe32d2fb74f5f7adba2f3a2d58,294
cape,wc249,UNNAMED,master/assets/items/cape/wc249_UNNAMED.webp,97c0fcf66e38170f8ad5a55d520bd0291b0bb1ca,152
cape,wc250,UNNAMED,master/assets/items/cape/wc250_UNNAMED.webp,a04bf66d4c1f55b0b7b8ceb60765722d73fd019a,354
cape,wc251,UNNAMED,master/assets/items/cape/wc251_UNNAMED.webp,8f12f387557fc6756a21a8d08db95d94d1a1cac6,258
cape,wc252,UNNAMED,master/assets/items/cape/wc252_UNNAMED.webp,3e3aeadf2560b15c8c042cdabb6eb4eb61103bc9,204
cape,wc253,UNNAMED,master/assets/items/cape/wc253_UNNAMED.webp,3fdfa92e872c14aa569ced82e290fd3cf2c711a1,208
cape,wc254,UNNAMED,master/assets/items/cape/wc254_UNNAMED.webp,5f70f24f8e1770692333007cc3917dbfab1f5d9d,906
cape,wc255,UNNAMED,master/assets/items/cape/wc255_UNNAMED.webp,d9ab841b42e11d69bbc484ab9d4a7a06415a3aa1,468
cape,wc256,UNNAMED,master/assets/items/cape/wc256_UNNAMED.webp,7d9d22d14caaa689946f1da54fa05500bb041494,90
cape,wc257,UNNAMED,master/assets/items/cape/wc257_UNNAMED.webp,946cdb5f98f79e7a22855bd30d37cb63bddefa28,1360
cape,wc258,UNNAMED,master/assets/items/cape/wc258_UNNAMED.webp,27759c6f8b2c4e369425225c5759604b7230e3a6,254
cape,wc259,UNNAMED,master/assets/items/cape/wc259_UNNAMED.webp,98ddea97cf29344fc0815b71c732f5b86917ca35,104
cape,wc260,UNNAMED,master/assets/items/cape/wc260_UNNAMED.webp,a8a4d737a1ce1cc102352484ffa7b53ac6e30c35,344
cape,wc261,UNNAMED,master/assets/items/cape/wc261_UNNAMED.webp,0ad63e37b4104d42302cf59c4611e164c3d04529,1278
cape,wc262,UNNAMED,master/assets/items/cape/wc262_UNNAMED.webp,678c9ad34fb9743757f9c4be5275a11d4ae4536f,360
cape,wc263,UNNAMED,master/assets/items/cape/wc263_UNNAMED.webp,716d6996f2c41f58bae4ecb876dd7956e289b8fa,898
cape,wc264,UNNAMED,master/assets/items/cape/wc264_UNNAMED.webp,b8ca6637c1c800c2f65527635fd7c05fa2a6024d,222
cape,wc265,UNNAMED,master/assets/items/cape/wc265_UNNAMED.webp,18020faddf5e61b776229b846ab76d2e62983ca1,652
cape,wc266,UNNAMED,master/assets/items/cape/wc266_UNNAMED.webp,8c9d8555ff46b9ce4289c56c2a8f840c70047194,266
cape,wc267,UNNAMED,master/assets/items/cape/wc267_UNNAMED.webp,dd1e3eb2c185e3891a5612f5ee808124d2f71f5e,792
cape,wc268,UNNAMED,master/assets/items/cape/wc268_UNNAMED.webp,d9d928d2565aeeb4a55903948bf8f0be6053f469,142
cape,wc269,UNNAMED,master/assets/items/cape/wc269_UNNAMED.webp,074c708ab72381f2a7b1cb0fd7355261bffbeae2,172
cape,wc270,UNNAMED,master/assets/items/cape/wc270_UNNAMED.webp,4ecaa0cf09ed0767a87af9da25479fc8fd60c14f,224
cape,wc271,UNNAMED,master/assets/items/cape/wc271_UNNAMED.webp,bcc548b0d58e4a7c99e75f98ca2d2f4e28e329a6,418
cape,wc272,UNNAMED,master/assets/items/cape/wc272_UNNAMED.webp,77805401ea19609f5a1eb3ca0aae9448140cdec2,888
cape,wc273,UNNAMED,master/assets/items/cape/wc273_UNNAMED.webp,d8009acdadb1b3e19c5dfa95540a2434f78c2814,120
cape,wc275,UNNAMED,master/assets/items/cape/wc275_UNNAMED.webp,c2b43e15f837f17b04d95e885d4b7be9a2d862a4,232
cape,wc276,UNNAMED,master/assets/items/cape/wc276_UNNAMED.webp,366977170a141969af78ce20c1ed9d7c00a9068c,660
cape,wc277,UNNAMED,master/assets/items/cape/wc277_UNNAMED.webp,2da31ce640b245c2492c55718074c1d9493c8c4f,368
cape,wc278,UNNAMED,master/assets/items/cape/wc278_UNNAMED.webp,336283ba35e1770dff481f1bb32e12261328481e,320
cape,wc279,UNNAMED,master/assets/items/cape/wc279_UNNAMED.webp,884293320e9fefb5b656ded45880f946a1169b17,58
cape,wc280,UNNAMED,master/assets/items/cape/wc280_UNNAMED.webp,1caa454f91b2f580e72f16c5347e50b52819e0bf,196
cape,wc282,UNNAMED,master/assets/items/cape/wc282_UNNAMED.webp,4155c2612719fcd4befd72181c09382c608e6025,290
cape,wc283,UNNAMED,master/assets/items/cape/wc283_UNNAMED.webp,a7ab5f319be4aeee887326b9180acaee9686fc7e,418
cape,wc284,UNNAMED,master/assets/items/cape/wc284_UNNAMED.webp,d8555813346dc500871579f594d38679713d06fc,134
cape,wc285,UNNAMED,master/assets/items/cape/wc285_UNNAMED.webp,a689279078cfc58fc641e9c978e06b6ef72ed2d6,950
cape,wc286,UNNAMED,master/assets/items/cape/wc286_UNNAMED.webp,df0e5477403b69d470034abec7c5d4c1fc0e9d64,590
cape,wc287,UNNAMED,master/assets/items/cape/wc287_UNNAMED.webp,ab7737415b35f1ac476b8a3e7b5cac4d78ec5479,410
cape,wc288,UNNAMED,master/assets/items/cape/wc288_UNNAMED.webp,1bcd0976ec114e178ca9e5445491df00e6ca0baf,94
cape,wc289,UNNAMED,master/assets/items/cape/wc289_UNNAMED.webp,3959f008ee90386f0c1dae6932094178b1a5a244,192
cape,wc290,UNNAMED,master/assets/items/cape/wc290_UNNAMED.webp,84fd594f91bb3ddc4aecea10dd56c67125b677b7,142
cape,wc291,UNNAMED,master/assets/items/cape/wc291_UNNAMED.webp,4f82b3a2f9c8b178feeec872489412cdebd138bf,722
cape,wc292,UNNAMED,master/assets/items/cape/wc292_UNNAMED.webp,fda04a7e8ac256faf5384d0d26c7ac792ac0bfc9,606
cape,wc293,UNNAMED,master/assets/items/cape/wc293_UNNAMED.webp,899322e0cd386ff0b03d7820ff01b4440e8dd869,332
cape,wc294,UNNAMED,master/assets/items/cape/wc294_UNNAMED.webp,8609d2e9a163f259bb8729594a4ff05eb4e0407f,264
cape,wc295,UNNAMED,master/assets/items/cape/wc295_UNNAMED.webp,9660f5454f4101e9a80a129e4c9ed51a951cf59a,512
cape,wc296,UNNAMED,master/assets/items/cape/wc296_UNNAMED.webp,0aa1f9b30ddbf9b73fb4ce647a8a8bbe711b5efa,166
cape,wc297,UNNAMED,master/assets/items/cape/wc297_UNNAMED.webp,615f31e93f75119f01d96d3c0dce0d48fffdf5cf,236
cape,wc298,UNNAMED,master/assets/items/cape/wc298_UNNAMED.webp,35a4c8068b7839b22f65455db6806505d32bebef,130
cape,wc299,UNNAMED,master/assets/items/cape/wc299_UNNAMED.webp,165a630784cc8b3113a519abfac781f55eb14a15,282
cape,wc300,UNNAMED,master/assets/items/cape/wc300_UNNAMED.webp,575124243a230dd0b8b303b6e76d04d097c2361e,310
cape,wc301,UNNAMED,master/assets/items/cape/wc301_UNNAMED.webp,90d7172bfcdfaa66a63c199927fb11d164fc83c4,130
cape,wc302,UNNAMED,master/assets/items/cape/wc302_UNNAMED.webp,8363e7cfb95fc5d8aa120987ffa7085184ce80db,104
cape,wc303,UNNAMED,master/assets/items/cape/wc303_UNNAMED.webp,c5afb4b280be2612fd32c9e6d10f81be937cee28,232
cape,wc304,UNNAMED,master/assets/items/cape/wc304_UNNAMED.webp,0d50c3b56a2fcc46203fffa71c7f0da9ccce62a5,194
cape,wc305,UNNAMED,master/assets/items/cape/wc305_UNNAMED.webp,1168cd90a2e1754ab3e6bcb0bcdff6a7b3854784,152
cape,wc306,UNNAMED,master/assets/items/cape/wc306_UNNAMED.webp,8073423cebd202fbd4a47163dbadcb9ddb528538,176
cape,wc307,UNNAMED,master/assets/items/cape/wc307_UNNAMED.webp,16282b59d22b1dc951285ef5a0a85eb18099b44b,118
cape,wc308,UNNAMED,master/assets/items/cape/wc308_UNNAMED.webp,aa4fce5e2b8bb520f0d7fe9aab1468ffb1546464,264
cape,wc309,UNNAMED,master/assets/items/cape/wc309_UNNAMED.webp,6e96870b39bbdcf47aa2352005e3219bec9d9799,146
cape,wc310,UNNAMED,master/assets/items/cape/wc310_UNNAMED.webp,7757b5f06bf940594213cec7f6e0193c04f6eb2b,130
cape,wc311,UNNAMED,master/assets/items/cape/wc311_UNNAMED.webp,00ab77262e653d4aa46c918950bee6d5870a0a77,114
cape,wc312,UNNAMED,master/assets/items/cape/wc312_UNNAMED.webp,058e846efd8b6f757fd654d321d88f1a2ca89756,216
cape,wc313,UNNAMED,master/assets/items/cape/wc313_UNNAMED.webp,9d91fe21ab1ba7d3fb1acbb0a63ae818335f868e,138
cape,wc314,UNNAMED,master/assets/items/cape/wc314_UNNAMED.webp,8300d6181aa1f40f8e53b423082b6acbf6385fe1,220
cape,wc315,UNNAMED,master/assets/items/cape/wc315_UNNAMED.webp,41f02557b3025df27e107e89a393019a30b435dd,144
cape,wc316,UNNAMED,master/assets/items/cape/wc316_UNNAMED.webp,03675ae14fdb7f5ad5ed328ce285d19d526180f4,116
cape,wc317,UNNAMED,master/assets/items/cape/wc317_UNNAMED.webp,6d18dee8967cce7efeb3da8b21ffbed4926c9e72,256
cape,wc318,UNNAMED,master/assets/items/cape/wc318_UNNAMED.webp,10592ed0a478683a707df664b52a29a50b3a7fb7,9388
cape,wc319,UNNAMED,master/assets/items/cape/wc319_UNNAMED.webp,426968336ddddebb7d712d20d672c461d7a8be4c,2976
cape,wc320,UNNAMED,master/assets/items/cape/wc320_UNNAMED.webp,bf5e40a037f6b7acc1165c0ca10caf2ca2c9a0a6,2014
cape,wc321,UNNAMED,master/assets/items/cape/wc321_UNNAMED.webp,3acd6ce582dcc8781b82b6d4fb3c7dc364a747e7,202
cape,wc322,UNNAMED,master/assets/items/cape/wc322_UNNAMED.webp,f77eeb64250051cb13482496dab8af53a7b5fdd4,202
cape,wc323,UNNAMED,master/assets/items/cape/wc323_UNNAMED.webp,243a2724d45622bc993f937954026b6a7bdc0053,1908
cape,wc324,UNNAMED,master/assets/items/cape/wc324_UNNAMED.webp,eda120549f1d393390f393d1a3c5a6780790b8cf,164
cape,wc325,UNNAMED,master/assets/items/cape/wc325_UNNAMED.webp,5a0a9e26f4fb1c60c1214d41045c5c086f82be59,202
cape,wc326,UNNAMED,master/assets/items/cape/wc326_UNNAMED.webp,fa4c9f8c0cf271fe6bd71fec077e0495f228c058,202
cape,wc327,UNNAMED,master/assets/items/cape/wc327_UNNAMED.webp,6b57baa610290df418017191555fcd4331000be7,1834
cape,wc328,UNNAMED,master/assets/items/cape/wc328_UNNAMED.webp,d4339197eddd55fc7ea279d06145f37b420e9a49,110
cape,wc329,UNNAMED,master/assets/items/cape/wc329_UNNAMED.webp,f6e91cf6de5fa86a50d33e7105c5dffe7b410938,122
cape,wc331,UNNAMED,master/assets/items/cape/wc331_UNNAMED.webp,796e85c8a7e3eb04da34f13e57e2fa21681b78a1,9614
cape,wc332,UNNAMED,master/assets/items/cape/wc332_UNNAMED.webp,40d818b9c2a058db1befa085b401fa561c5ed210,1572
cape,wc333,UNNAMED,master/assets/items/cape/wc333_UNNAMED.webp,233c67a4f5c25fdcc426b15521970ce5c059b4ca,1728
cape,wc334,UNNAMED,master/assets/items/cape/wc334_UNNAMED.webp,f9aceedb7e22cc335863ace38a8c95cd17c4110f,1196
cape,wc335,UNNAMED,master/assets/items/cape/wc335_UNNAMED.webp,96d30db0b4d7e92b78f33ae3f43a234fdfccf473,298
cape,wc336,UNNAMED,master/assets/items/cape/wc336_UNNAMED.webp,185dea737535a7af6f24119e98b517ae02f69c01,566
cape,wc337,UNNAMED,master/assets/items/cape/wc337_UNNAMED.webp,33a204500038f6712b3eaa05f716171ef637c0dc,644
cape,wc338,UNNAMED,master/assets/items/cape/wc338_UNNAMED.webp,26e153e144ccf69a091db4f2b288d9be87e5f4cf,1234
cape,wc339,UNNAMED,master/assets/items/cape/wc339_UNNAMED.webp,72271db5380e9c48883aee8b88cc6b77ee93fd70,318
cape,wc345,UNNAMED,master/assets/items/cape/wc345_UNNAMED.webp,14e64a534b7c523af32f04af33a7ab067d3f66c1,1306
faceskin,mo001,UNNAMED,master/assets/items/faceskin/mo001_UNNAMED.webp,029a80d82173cf6b73889a63cfd7f2cf415a471b,172
faceskin,mo002,UNNAMED,master/assets/items/faceskin/mo002_UNNAMED.webp,6babf388bb8fc729080accd3ac0d03c5e64e4b1a,174
faceskin,mo003,UNNAMED,master/assets/items/faceskin/mo003_UNNAMED.webp,2a5fbea1ba156a0bffa5d23f2f517788493c041a,184
faceskin,mo004,UNNAMED,master/assets/items/faceskin/mo004_UNNAMED.webp,c9aaecfd0ba7bed7d78bdcd9c029cf2757195664,190
faceskin,mo005,UNNAMED,master/assets/items/faceskin/mo005_UNNAMED.webp,b8e1c0f383ed4a63b0c36269d69668eee724a279,174
faceskin,mo006,UNNAMED,master/assets/items/faceskin/mo006_UNNAMED.webp,889aeee944bc80456ef2e6ef21dc49c8381606fd,172
faceskin,mo007,UNNAMED,master/assets/items/faceskin/mo007_UNNAMED.webp,df2d2b849b167d3f74442719ad0e6dcb58743951,162
faceskin,mo008,UNNAMED,master/assets/items/faceskin/mo008_UNNAMED.webp,d3a25749d9695a2dc6996becd3ce93ca9c291aac,200
faceskin,mo009,UNNAMED,master/assets/items/faceskin/mo009_UNNAMED.webp,a830787aa3bbd0e5bb1772b05f71bd4bf0385d84,194
faceskin,mo010,UNNAMED,master/assets/items/faceskin/mo010_UNNAMED.webp,9a5327b808ec258d5da6dba25bd8c6c7c036b6a0,184
faceskin,mo011,UNNAMED,master/assets/items/faceskin/mo011_UNNAMED.webp,77df601dc45b4ef7316544a6cb04aeb2666c86d9,202
faceskin,mo012,UNNAMED,master/assets/items/faceskin/mo012_UNNAMED.webp,faecf960cedbc6c7da2e9d8b350e6042973b8b60,186
faceskin,mo013,UNNAMED,master/assets/items/faceskin/mo013_UNNAMED.webp,dc9f65f2d046160edb1117386330a43a0544fbca,194
faceskin,mo014,UNNAMED,master/assets/items/faceskin/mo014_UNNAMED.webp,c2060c75b2391e7d8ff3bc183e8745c8869226b2,156
faceskin,mo015,UNNAMED,master/assets/items/faceskin/mo015_UNNAMED.webp,a59e01378a561dc0291befc3a19a51c7b3092873,166
faceskin,mo016,UNNAMED,master/assets/items/faceskin/mo016_UNNAMED.webp,73972c2ad98d57f70861a62c56d7f84da156a08a,196
faceskin,mo017,UNNAMED,master/assets/items/faceskin/mo017_UNNAMED.webp,0a02888694241496f4ef0465f80bc03d6f1daad7,192
faceskin,mo018,UNNAMED,master/assets/items/faceskin/mo018_UNNAMED.webp,43383f6ae7ec92079e5457f079b290ed3c27fd12,194
faceskin,mo019,UNNAMED,master/assets/items/faceskin/mo019_UNNAMED.webp,dac8f102ab1e17157f912a00655cb8515b7fefd9,198
faceskin,mo020,UNNAMED,master/assets/items/faceskin/mo020_UNNAMED.webp,87411ecc24813fa449bd15ad4112b5b02a6e28f9,186
faceskin,mo021,UNNAMED,master/assets/items/faceskin/mo021_UNNAMED.webp,c2b071dcae224718afbacd2d6107ad88e622f89c,202
faceskin,mo022,UNNAMED,master/assets/items/faceskin/mo022_UNNAMED.webp,02b61073d519753b9b4569da729c20ff13dbf750,174
faceskin,mo023,UNNAMED,master/assets/items/faceskin/mo023_UNNAMED.webp,8d69effef32750c9bc2b19889fad438081dcd23c,188
faceskin,mo024,UNNAMED,master/assets/items/faceskin/mo024_UNNAMED.webp,1265f9c7f3774bd411ff36d2dc1885121f9eb528,198
faceskin,wo001,UNNAMED,master/assets/items/faceskin/wo001_UNNAMED.webp,029a80d82173cf6b73889a63cfd7f2cf415a471b,172
faceskin,wo002,UNNAMED,master/assets/items/faceskin/wo002_UNNAMED.webp,6babf388bb8fc729080accd3ac0d03c5e64e4b1a,174
faceskin,wo003,UNNAMED,master/assets/items/faceskin/wo003_UNNAMED.webp,2a5fbea1ba156a0bffa5d23f2f517788493c041a,184
faceskin,wo004,UNNAMED,master/assets/items/faceskin/wo004_UNNAMED.webp,c9aaecfd0ba7bed7d78bdcd9c029cf2757195664,190
faceskin,wo005,UNNAMED,master/assets/items/faceskin/wo005_UNNAMED.webp,b8e1c0f383ed4a63b0c36269d69668eee724a279,174
faceskin,wo006,UNNAMED,master/assets/items/faceskin/wo006_UNNAMED.webp,889aeee944bc80456ef2e6ef21dc49c8381606fd,172
faceskin,wo007,UNNAMED,master/assets/items/faceskin/wo007_UNNAMED.webp,df2d2b849b167d3f74442719ad0e6dcb58743951,162
faceskin,wo008,UNNAMED,master/assets/items/faceskin/wo008_UNNAMED.webp,d3a25749d9695a2dc6996becd3ce93ca9c291aac,200
faceskin,wo009,UNNAMED,master/assets/items/faceskin/wo009_UNNAMED.webp,a830787aa3bbd0e5bb1772b05f71bd4bf0385d84,194
faceskin,wo010,UNNAMED,master/assets/items/faceskin/wo010_UNNAMED.webp,9a5327b808ec258d5da6dba25bd8c6c7c036b6a0,184
faceskin,wo011,UNNAMED,master/assets/items/faceskin/wo011_UNNAMED.webp,77df601dc45b4ef7316544a6cb04aeb2666c86d9,202
faceskin,wo012,UNNAMED,master/assets/items/faceskin/wo012_UNNAMED.webp,faecf960cedbc6c7da2e9d8b350e6042973b8b60,186
faceskin,wo013,UNNAMED,master/assets/items/faceskin/wo013_UNNAMED.webp,dc9f65f2d046160edb1117386330a43a0544fbca,194
faceskin,wo014,UNNAMED,master/assets/items/faceskin/wo014_UNNAMED.webp,c2060c75b2391e7d8ff3bc183e8745c8869226b2,156
faceskin,wo015,UNNAMED,master/assets/items/faceskin/wo015_UNNAMED.webp,a59e01378a561dc0291befc3a19a51c7b3092873,166
faceskin,wo016,UNNAMED,master/assets/items/faceskin/wo016_UNNAMED.webp,73972c2ad98d57f70861a62c56d7f84da156a08a,196
faceskin,wo017,UNNAMED,master/assets/items/faceskin/wo017_UNNAMED.webp,0a02888694241496f4ef0465f80bc03d6f1daad7,192
faceskin,wo018,UNNAMED,master/assets/items/faceskin/wo018_UNNAMED.webp,bae1780d261c5c3172df449ceb08347c6742bfba,174
faceskin,wo019,UNNAMED,master/assets/items/faceskin/wo019_UNNAMED.webp,dac8f102ab1e17157f912a00655cb8515b7fefd9,198
faceskin,wo020,UNNAMED,master/assets/items/faceskin/wo020_UNNAMED.webp,87411ecc24813fa449bd15ad4112b5b02a6e28f9,186
faceskin,wo021,UNNAMED,master/assets/items/faceskin/wo021_UNNAMED.webp,c2b071dcae224718afbacd2d6107ad88e622f89c,202
faceskin,wo022,UNNAMED,master/assets/items/faceskin/wo022_UNNAMED.webp,02b61073d519753b9b4569da729c20ff13dbf750,174
faceskin,wo023,UNNAMED,master/assets/items/faceskin/wo023_UNNAMED.webp,8d69effef32750c9bc2b19889fad438081dcd23c,188
faceskin,wo024,UNNAMED,master/assets/items/faceskin/wo024_UNNAMED.webp,1265f9c7f3774bd411ff36d2dc1885121f9eb528,198
hair,MH285,마인티로라인,master/assets/items/hair/MH285_마인티로라인.webp,636f94e1c2ea01de120819ba0e03695abb7051b3,244
hair,MH286,아벨티로라인,master/assets/items/hair/MH286_아벨티로라인.webp,f7981ea21d1b444f82a17ed9334337f484120fb4,246
hair,MH287,피에트티로라인,master/assets/items/hair/MH287_피에트티로라인.webp,5bd5474b0356491743d081214373ceb8d75e546f,256
hair,WH267,눈사람모자,master/assets/items/hair/WH267_눈사람모자.webp,cccf7c55170f20121560963619fc6ff1e790d05a,472
hair,WH268,UNNAMED,master/assets/items/hair/WH268_UNNAMED.webp,ff93c586ae95e822105f690f20947ba418a034f3,306
hair,WH269,UNNAMED,master/assets/items/hair/WH269_UNNAMED.webp,d35917b1929ec685d42d3175f410ab8c85558d27,326
hair,WH270,UNNAMED,master/assets/items/hair/WH270_UNNAMED.webp,c2c7b07f4d5daf12038056ac79db6de9b5d13f9a,228
hair,WH271,UNNAMED,master/assets/items/hair/WH271_UNNAMED.webp,f4fbdecd61cf21c948e3e060495516aeb36ead93,226
hair,WH272,UNNAMED,master/assets/items/hair/WH272_UNNAMED.webp,f6353f731d8151c40050c8de24e5b0c38661f851,226
hair,WH273,UNNAMED,master/assets/items/hair/WH273_UNNAMED.webp,005ee76333df8c4332385065b0294594ecd09c67,230
hair,WH274,UNNAMED,master/assets/items/hair/WH274_UNNAMED.webp,f00375b401ad2656d3a6356698a295b9747e3c1e,232
hair,WH275,UNNAMED,master/assets/items/hair/WH275_UNNAMED.webp,c623b64d8d9b0ae4950c9bf4b75c57b1d0ea193a,318
hair,WH276,UNNAMED,master/assets/items/hair/WH276_UNNAMED.webp,9f6dc7a872a5293cf2b5dc84900f5bc03865dc47,318
hair,WH278,발렌타인헤어핀,master/assets/items/hair/WH278_발렌타인헤어핀.webp,b9f5bd9cee192768e2e479f85205749d65747b51,318
hair,WH279,UNNAMED,master/assets/items/hair/WH279_UNNAMED.webp,60e1a16dc42da9549c04ee2d939b4d604ae6ab52,322
hair,WH280,UNNAMED,master/assets/items/hair/WH280_UNNAMED.webp,dbdb1d0bea35c657f506c4395b325524fce4c260,304
hair,WH281,UNNAMED,master/assets/items/hair/WH281_UNNAMED.webp,e14cc3947ae30f308c357f5f360b3227918c2b1f,308
hair,WH283,UNNAMED,master/assets/items/hair/WH283_UNNAMED.webp,287894aaf565604511beebc57777e80f80cdcea8,302
hair,WH284,UNNAMED,master/assets/items/hair/WH284_UNNAMED.webp,8d70c133dfbc3a14c205d4f8d391088d6d8e4ecd,308
hair,WH285,에인션트몽크헬름FX,master/assets/items/hair/WH285_에인션트몽크헬름FX.webp,94eff46e53e154da319359e03340e44704f12a38,340
hair,WH286,뾰쪽머리스왑헤어(여),master/assets/items/hair/WH286_뾰쪽머리스왑헤어(여).webp,a83449cbe8ffffc5238db3764a8867b6dbbd1158,340
hair,WH287,피에트캐프린,master/assets/items/hair/WH287_피에트캐프린.webp,856e1766a472a7c9404b46e45fa0dd62e6fd433d,370
hair,mh001,가발 M01(7일),master/assets/items/hair/mh001_가발 M01(7일).webp,06c37b18abd679b095ff2cd0897bd5d599eaf44a,134
hair,mh002,UNNAMED,master/assets/items/hair/mh002_UNNAMED.webp,71d16fd69d67b47b9aab788d518cbd24dbc3f4bb,132
hair,mh003,가발 M03(7일),master/assets/items/hair/mh003_가발 M03(7일).webp,c6991a6a93a8cef720b57ff210c2448a6a9872ec,130
hair,mh004,가발 M28(7일),master/assets/items/hair/mh004_가발 M28(7일).webp,46d944df009ffc3705b96f65d0b01b8f282e8a78,150
hair,mh005,가발 M05(7일),master/assets/items/hair/mh005_가발 M05(7일).webp,c971029ef124b62205b7e22f79a8c5626671a690,182
hair,mh006,가발 M06(7일),master/assets/items/hair/mh006_가발 M06(7일).webp,c0d196f5a29e8a0333bfc186c1474fc47ac40794,142
hair,mh007,가발 M07(7일),master/assets/items/hair/mh007_가발 M07(7일).webp,a179056cfb66aabcae44d855dd3157b222532632,142
hair,mh008,가발 M08(7일),master/assets/items/hair/mh008_가발 M08(7일).webp,bb5af17d2e3549f838d041dbbc770223a8f86785,128
hair,mh009,가발 M09(7일),master/assets/items/hair/mh009_가발 M09(7일).webp,f1e9f5fa3e568c8ddb817da7400304787b124449,128
hair,mh010,가발 M10(7일),master/assets/items/hair/mh010_가발 M10(7일).webp,f46da21b2a070993ec0c67e7cd934673b397f89f,146
hair,mh011,가발 M11(7일),master/assets/items/hair/mh011_가발 M11(7일).webp,db6bc12f56dd3f2407b87ec94e1332633200267f,164
hair,mh012,UNNAMED,master/assets/items/hair/mh012_UNNAMED.webp,9920039632dcf519b3e1a39c49b67eff60e7ac4d,140
hair,mh013,UNNAMED,master/assets/items/hair/mh013_UNNAMED.webp,ab0b14fe6b84a19f02724399e65714a72d18a34a,170
hair,mh014,가발 M17(7일),master/assets/items/hair/mh014_가발 M17(7일).webp,f75d845b626bfd68e8bef4809907a5bd0912e82d,134
hair,mh015,가발 M18(7일),master/assets/items/hair/mh015_가발 M18(7일).webp,e02d9e383fcafbcacf5dcbfcfac6b0197195f9f3,178
hair,mh016,UNNAMED,master/assets/items/hair/mh016_UNNAMED.webp,cb91cd1b174b8dcb0b2e18a1e26033292e0869b8,132
hair,mh017,UNNAMED,master/assets/items/hair/mh017_UNNAMED.webp,330814acbe848a3117bf46bc0f41d485eb39aa80,144
hair,mh018,가발 M29(7일),master/assets/items/hair/mh018_가발 M29(7일).webp,36af4f880eab80c828f6bce01545d5d1db801315,146
hair,mh019,UNNAMED,master/assets/items/hair/mh019_UNNAMED.webp,41e6dd82cb1938083319c602ae626a980a46f428,332
hair,mh020,가발 M14(7일),master/assets/items/hair/mh020_가발 M14(7일).webp,f97f3f6644fcbce8621d26e8e9164c54ada5e62f,134
hair,mh021,가발 M15(7일),master/assets/items/hair/mh021_가발 M15(7일).webp,e01389c789835da523d9f0b25efa591ca9e526d5,124
hair,mh022,가발 M16(7일),master/assets/items/hair/mh022_가발 M16(7일).webp,0881570c57f6ef8797dbe9a8f79cc17ee2cbef50,150
hair,mh023,가발 M20(7일),master/assets/items/hair/mh023_가발 M20(7일).webp,d6ba275b7b435b5634efc65d623f96d126a126ac,116
hair,mh024,가발 M21(7일),master/assets/items/hair/mh024_가발 M21(7일).webp,50049e3361d937fff512e95e9f8048ca8f22908c,132
hair,mh025,가발 M22(7일),master/assets/items/hair/mh025_가발 M22(7일).webp,a4ff78d62513a24a328ba8b693d6705ea7b7e957,122
hair,mh027,가발 M27(7일),master/assets/items/hair/mh027_가발 M27(7일).webp,2f98c1199616be3a13b092698f51f0fc74b750a2,138
hair,mh028,가발 M30(7일),master/assets/items/hair/mh028_가발 M30(7일).webp,3f78b82f2dc750a11a48163fdc2aedc3e8dbf1a3,152
hair,mh029,UNNAMED,master/assets/items/hair/mh029_UNNAMED.webp,1f78bf3db28ec18bfd4a996c87e1848587cd2fa1,144
hair,mh030,가발 M35,master/assets/items/hair/mh030_가발 M35.webp,8a7adc8faa940fefaa7c751853edd2a3e1eda0cf,150
hair,mh031,UNNAMED,master/assets/items/hair/mh031_UNNAMED.webp,f74279e911b11ce558ae7b88737fe8576c592961,132
hair,mh032,UNNAMED,master/assets/items/hair/mh032_UNNAMED.webp,b6d5ef9cefec5dca4fbfe1791deb3bc311d15456,122
hair,mh033,UNNAMED,master/assets/items/hair/mh033_UNNAMED.webp,a6e48df1cf37ea667b433c9d7e020286940842d8,158
hair,mh034,UNNAMED,master/assets/items/hair/mh034_UNNAMED.webp,352a0a0febd3983ea7a911d809af8ff175316929,104
hair,mh035,UNNAMED,master/assets/items/hair/mh035_UNNAMED.webp,2a5d4fe2f84d02170914b2710e3c4addaf958251,136
hair,mh036,UNNAMED,master/assets/items/hair/mh036_UNNAMED.webp,c5b4fb8fcf81795d5d02f685aac56b3ae5819fde,128
hair,mh037,UNNAMED,master/assets/items/hair/mh037_UNNAMED.webp,5a15ac2a2ad0462b8e473201a0f7b98c089135f1,136
hair,mh038,UNNAMED,master/assets/items/hair/mh038_UNNAMED.webp,1322b7a770503f2ad29b4f90f158d4561e04c671,110
hair,mh039,UNNAMED,master/assets/items/hair/mh039_UNNAMED.webp,11142e776e2e2b0d2a853b1f518d73588acbb806,140
hair,mh040,UNNAMED,master/assets/items/hair/mh040_UNNAMED.webp,0ac13f9fb65920c311932e4998ff3abd2145a6cc,154
hair,mh041,가발 M23(7일),master/assets/items/hair/mh041_가발 M23(7일).webp,0d0e89debc0be2133ded9ac75b1831642dc11cd5,220
hair,mh042,가발 M24(7일),master/assets/items/hair/mh042_가발 M24(7일).webp,c5d86ca1577f2f9ea67acb1656310eebe5a62d95,138
hair,mh043,UNNAMED,master/assets/items/hair/mh043_UNNAMED.webp,53539c9a54922b7b141b55269d6ad602662f8b47,172
hair,mh044,UNNAMED,master/assets/items/hair/mh044_UNNAMED.webp,efb77dafe78e84ea6e97b3d694eaf17f38bf6976,166
hair,mh045,UNNAMED,master/assets/items/hair/mh045_UNNAMED.webp,3b8e4e7ffb7fa07e4efa113c7177c8fe477311a8,114
hair,mh046,가발 M31(7일),master/assets/items/hair/mh046_가발 M31(7일).webp,d39931d65149455c8b712feea379c114507ea03f,134
hair,mh047,가발 M33(7일),master/assets/items/hair/mh047_가발 M33(7일).webp,3b6c243e845f945e5e1e0220b55f5da548e34ca7,150
hair,mh048,가발 M36,master/assets/items/hair/mh048_가발 M36.webp,c891f3a9fa47d3e86ab8c2299dac7b1b1d42baa2,132
hair,mh049,UNNAMED,master/assets/items/hair/mh049_UNNAMED.webp,4814affe2467f964f8ca0fbe380497222b1d29d4,160
hair,mh050,UNNAMED,master/assets/items/hair/mh050_UNNAMED.webp,7059fe9798b2c28c82b34b211d7b9869348722af,152
hair,mh051,UNNAMED,master/assets/items/hair/mh051_UNNAMED.webp,19fb68b16288f413e3912ec378d4262817a9c16c,176
hair,mh052,UNNAMED,master/assets/items/hair/mh052_UNNAMED.webp,e8cb041fba379caa53b7766722f2342615bf44ca,170
hair,mh053,UNNAMED,master/assets/items/hair/mh053_UNNAMED.webp,0eb841d6995b6fce4f140bb2c5a7da3acfa97ac4,126
hair,mh054,UNNAMED,master/assets/items/hair/mh054_UNNAMED.webp,6edf5cf378ec4ccfb91c652a9891ca4bcc334594,124
hair,mh055,UNNAMED,master/assets/items/hair/mh055_UNNAMED.webp,0e7f6f81da2be779cbcd007ce8439d6970fbe393,150
hair,mh056,UNNAMED,master/assets/items/hair/mh056_UNNAMED.webp,0e76aa95d2f307a7d946f515937d02ba10908b99,144
hair,mh057,UNNAMED,master/assets/items/hair/mh057_UNNAMED.webp,a935c7f3a157f63d54244a3614ff6c04c9d90b6a,136
hair,mh058,UNNAMED,master/assets/items/hair/mh058_UNNAMED.webp,db587507939f44f114064594fda55747953a1313,148
hair,mh059,가발 M38,master/assets/items/hair/mh059_가발 M38.webp,298d408f6700c8d2dcd398f48bb0906cb4f8531e,214
hair,mh060,UNNAMED,master/assets/items/hair/mh060_UNNAMED.webp,6dfd2eb5861f45c3e92d9e671ef0983e02e8ad8a,156
hair,mh102,물안경,master/assets/items/hair/mh102_물안경.webp,6ebb234a04358e2d234aa6e0ffb790508a9e32ee,232
hair,mh103,크라운가발,master/assets/items/hair/mh103_크라운가발.webp,c1a9dfaba4d92a3f7575daf69c870ccf7f904871,196
hair,mh104,박쥐가면,master/assets/items/hair/mh104_박쥐가면.webp,a329b9a87483714c95b8305e37d6e640b536a39b,164
hair,mh105,UNNAMED,master/assets/items/hair/mh105_UNNAMED.webp,c51a1c8729b69a579b73e6d55778b102d281244d,172
hair,mh106,털모자,master/assets/items/hair/mh106_털모자.webp,e6bbc8caccb04082aa91826c668a8387f8d48adf,190
hair,mh107,UNNAMED,master/assets/items/hair/mh107_UNNAMED.webp,c77dee84dd6fd65fee56e2a3779093a2c80b33a3,800
hair,mh108,햇,master/assets/items/hair/mh108_햇.webp,235a6aab2399c3f7e8ac7019f0118a1708a0ff94,124
hair,mh111,이프리트투구,master/assets/items/hair/mh111_이프리트투구.webp,e3ea053e5329f215b71368af934e3562d2ac6ca9,202
hair,mh112,풀플레이트투구,master/assets/items/hair/mh112_풀플레이트투구.webp,88fc5b1ddf5da71291153ebf89539b7b8000a024,230
hair,mh113,골든플레이트투구,master/assets/items/hair/mh113_골든플레이트투구.webp,7fe8d2d7da810ffcd3a2647b77dc97b46c147a52,290
hair,mh114,헬나이트투구,master/assets/items/hair/mh114_헬나이트투구.webp,d6ba64b575405c29ba99d7b51f6e59bf62aca7ec,316
hair,mh115,드워프투구,master/assets/items/hair/mh115_드워프투구.webp,56ab5d10dfe697caad0669bd115db6abf9ebe701,234
hair,mh116,오크투구,master/assets/items/hair/mh116_오크투구.webp,5700d3fca22e4742cdb7d84be2c2314dcc58323d,170
hair,mh121,카게,master/assets/items/hair/mh121_카게.webp,b52e3d925a091888968d37d508edee8ffe597a16,158
hair,mh122,로그,master/assets/items/hair/mh122_로그.webp,7b1d95aa3b9b6c55fa8d26de4bc0bb1e25123a4b,176
hair,mh123,닌자드,master/assets/items/hair/mh123_닌자드.webp,177b1ea17199e3ceb4e6bd25b87e364376cc2fe8,194
hair,mh124,화랑복건,master/assets/items/hair/mh124_화랑복건.webp,26663d10fde0106417c5c3081683715a38b33dbf,210
hair,mh125,아이언,master/assets/items/hair/mh125_아이언.webp,f1a11dc9a4ac93008243356f23e89329e6733b9d,174
hair,mh126,죄수모,master/assets/items/hair/mh126_죄수모.webp,d8db5af9d4f94b0b5a695d43dadf5e1594c3211d,162
hair,mh127,파이어릿,master/assets/items/hair/mh127_파이어릿.webp,5532c47d0e7582c30e43bc2273a8fe4895e1b69e,160
hair,mh128,헬씨프투구,master/assets/items/hair/mh128_헬씨프투구.webp,30dec78ae990c1eaab7a4a9eb348f956fd681ecd,228
hair,mh129,고블린투구,master/assets/items/hair/mh129_고블린투구.webp,3cacab020039ca15c028fbd762d2306ddadc08f3,144
hair,mh131,매직세인트,master/assets/items/hair/mh131_매직세인트.webp,bf65d8e112f34d6f8b36c5552de3614166303de5,252
hair,mh132,매직코니칼,master/assets/items/hair/mh132_매직코니칼.webp,ddcb1ce256d887f7d972f92ef2183e699a1ffa67,196
hair,mh133,매직풀,master/assets/items/hair/mh133_매직풀.webp,523291a40987fda3ae59cc142a806540088e7ded,172
hair,mh134,매직피어,master/assets/items/hair/mh134_매직피어.webp,d11e527abe7cef619b11b2e778f2d2b0989a7476,210
hair,mh135,매직치프,master/assets/items/hair/mh135_매직치프.webp,d49da1d4dd1124b0d3d79f2ced0843bdf14964c7,156
hair,mh136,매직네비,master/assets/items/hair/mh136_매직네비.webp,eae88788ac8eb5c754a0a8be18d0da410b168c9f,210
hair,mh137,매직레드,master/assets/items/hair/mh137_매직레드.webp,48fd3bc573e77e414aa9118ba504907a5203e89e,152
hair,mh138,매직썬라이징,master/assets/items/hair/mh138_매직썬라이징.webp,931a4620a9670b53c4de7336b0fe18f98b390fae,138
hair,mh139,헬소서러후드,master/assets/items/hair/mh139_헬소서러후드.webp,d0b51e581857f707b305bf6e46891ba468e77c41,158
hair,mh141,UNNAMED,master/assets/items/hair/mh141_UNNAMED.webp,5cd0b59982d8e28718813843ebd468ce92b9d697,146
hair,mh142,UNNAMED,master/assets/items/hair/mh142_UNNAMED.webp,9c547df02e5c7101e668d8ef425b9fe1f9941eb9,148
hair,mh143,노랑두건,master/assets/items/hair/mh143_노랑두건.webp,16b4a136e00be9a14222804f6e9033c0c03d01ae,140
hair,mh144,UNNAMED,master/assets/items/hair/mh144_UNNAMED.webp,c6b49512dc16cfc6e2ca639bae2958173e97db82,138
hair,mh145,UNNAMED,master/assets/items/hair/mh145_UNNAMED.webp,3e0b1b66d1d07771fab07bf2555d3fb174b6e4c6,144
hair,mh146,UNNAMED,master/assets/items/hair/mh146_UNNAMED.webp,30547005669a75d1bf6f965ea9cc0d4dc2376f34,150
hair,mh147,파란두건,master/assets/items/hair/mh147_파란두건.webp,e02c7f8846a4a29690900331c6dd0b9506f69b46,140
hair,mh148,UNNAMED,master/assets/items/hair/mh148_UNNAMED.webp,b3940818590a83ea2d168539682c37be91a3685d,142
hair,mh149,스키모자,master/assets/items/hair/mh149_스키모자.webp,99a04836f534afce05d3aab5c15705ed57f6641c,162
hair,mh151,UNNAMED,master/assets/items/hair/mh151_UNNAMED.webp,a8cf43dd5bca267b5d76bfdabc6e3cc40baf515d,202
hair,mh152,페리위그,master/assets/items/hair/mh152_페리위그.webp,08d74b2e007f2ffa398b0163e2167a038fc8d9fa,214
hair,mh153,풀플레이트투구수,master/assets/items/hair/mh153_풀플레이트투구수.webp,6835d50e304317af0c1ad942ed204d47d272faef,242
hair,mh154,풀플레이트투구토,master/assets/items/hair/mh154_풀플레이트투구토.webp,a080a4c39cbeeae1b7227296297c76b489d5cbf3,238
hair,mh155,풀플레이트투구풍,master/assets/items/hair/mh155_풀플레이트투구풍.webp,5c874cd2824232f0177e5819b1458fd4f6a3d9aa,232
hair,mh156,풀플레이트투구화,master/assets/items/hair/mh156_풀플레이트투구화.webp,67f5f2dc5130d6bd2aad7ef24c37a83af74e8236,226
hair,mh157,세인트홀,master/assets/items/hair/mh157_세인트홀.webp,fae0deaf412a4e6ee9cc815f5f79060f2c776cac,244
hair,mh158,다크홀,master/assets/items/hair/mh158_다크홀.webp,e3f0d7168ce8b4541aee05ff054ad5927e725588,268
hair,mh159,UNNAMED,master/assets/items/hair/mh159_UNNAMED.webp,4e739f1d9364569e9a5ef38bc9b97bcccb6f02ba,354
hair,mh161,UNNAMED,master/assets/items/hair/mh161_UNNAMED.webp,7b72d1789cee4f83c61bf5ba1bc588bd3dc76f6d,100
hair,mh162,아가트,master/assets/items/hair/mh162_아가트.webp,6f4817fdebc8b4e3a9f6d94a78d2cb0d5766f6d1,270
hair,mh163,헬름,master/assets/items/hair/mh163_헬름.webp,07206c91fc13210e07c50326468d8e3ed3064cd2,252
hair,mh164,UNNAMED,master/assets/items/hair/mh164_UNNAMED.webp,beb64906847fd2166221c25325c97290801fe4c7,220
hair,mh165,루크,master/assets/items/hair/mh165_루크.webp,f20e2f060b44ae40e15559b2d24d317d4013cabd,264
hair,mh166,마르두크,master/assets/items/hair/mh166_마르두크.webp,5cc30ee517339a1c1288f734870afda8afa00718,166
hair,mh167,아가트,master/assets/items/hair/mh167_아가트.webp,707141d343a21a3aac2ca1e55892168699022acf,280
hair,mh168,헬름,master/assets/items/hair/mh168_헬름.webp,46cdea1725c321098f1ff71681c3e07f3ad7f817,300
hair,mh169,UNNAMED,master/assets/items/hair/mh169_UNNAMED.webp,47735ec0b33c402577a7eccfa3014eb2dd3d63b6,212
hair,mh170,UNNAMED,master/assets/items/hair/mh170_UNNAMED.webp,6064fa33780bd2ee240f2143984bbfd7adfa1577,274
hair,mh171,마르두크,master/assets/items/hair/mh171_마르두크.webp,aa3f6668b67455f5d5007d3e6657b267cf444c25,218
hair,mh172,밀레스털모자,master/assets/items/hair/mh172_밀레스털모자.webp,6965c8fcf0db2ccd369f81391412ad7fd3683870,182
hair,mh173,아벨털모자,master/assets/items/hair/mh173_아벨털모자.webp,617b8f8c219f8e6facf6e8d0a3e39272ae391aae,196
hair,mh174,루어스털모자,master/assets/items/hair/mh174_루어스털모자.webp,f83d66ba65064b49bded7a1cb4f35a9b0786f4e2,210
hair,mh175,수오미털모자,master/assets/items/hair/mh175_수오미털모자.webp,896047cac9b77bcba5eccb229246c3d35d52acb9,188
hair,mh176,산타모자,master/assets/items/hair/mh176_산타모자.webp,78f7eaa2d71b6bd71c4fdadc4e2ec32b61a48307,236
hair,mh177,UNNAMED,master/assets/items/hair/mh177_UNNAMED.webp,88a739eb81a9e26364d5a878f904728b7f436740,272
hair,mh178,마스터투구,master/assets/items/hair/mh178_마스터투구.webp,b4eacaf8ae15f257bcd2e0f80f8d99251e4723c4,226
hair,mh179,UNNAMED,master/assets/items/hair/mh179_UNNAMED.webp,0cfc8915398eab5c635df0177720ee199785090e,196
hair,mh180,로톤티로라인,master/assets/items/hair/mh180_로톤티로라인.webp,a13d5cb6edefe17ce76c6ed42f0e6379c73d17d1,264
hair,mh181,타고르티로라인,master/assets/items/hair/mh181_타고르티로라인.webp,1f8e52c854e24856f73cfa4f35942e35b8ecd02e,258
hair,mh182,포스페일,master/assets/items/hair/mh182_포스페일.webp,60a26fb30795ec357334b5890207081aa483ad23,250
hair,mh183,UNNAMED,master/assets/items/hair/mh183_UNNAMED.webp,e82ca3cafb0dd7c85464a70932270ebc2ab04a2a,192
hair,mh184,UNNAMED,master/assets/items/hair/mh184_UNNAMED.webp,115c5b08cec9db5266bdf367dbfc0bf0a7de7ee9,196
hair,mh185,UNNAMED,master/assets/items/hair/mh185_UNNAMED.webp,3d06a05bb3794e3c1d8efd1ec3fe696564dd1013,170
hair,mh186,라이더헬멧-연갈색,master/assets/items/hair/mh186_라이더헬멧-연갈색.webp,3befdc2c43470e779fc83b7ffd0916cf0dd8ce89,228
hair,mh187,라이더헬멧-하늘색,master/assets/items/hair/mh187_라이더헬멧-하늘색.webp,b852c38b0ca9a06cfaf430f685c089f1fa557dd5,220
hair,mh188,라이더헬멧-연두색,master/assets/items/hair/mh188_라이더헬멧-연두색.webp,d7122f77a398274dad6752aeb06a67c90758c30a,218
hair,mh189,라이더헬멧-연빨강,master/assets/items/hair/mh189_라이더헬멧-연빨강.webp,4a0e66fe2c38e5a6f267ebe9213aad62e88929e3,220
hair,mh190,라이더헬멧-연보라,master/assets/items/hair/mh190_라이더헬멧-연보라.webp,253fd5248157d93568ab77f94c7cad0b20604a40,220
hair,mh205,죽마모1,master/assets/items/hair/mh205_죽마모1.webp,035b4dba8269b41c5e20b11e58d350ecef11dca1,138
hair,mh207,듈라한모자,master/assets/items/hair/mh207_듈라한모자.webp,2512fd24f720765d3b549143f927fb9c8469d293,154
hair,mh209,마법좀비모자,master/assets/items/hair/mh209_마법좀비모자.webp,c649f576147a3cc7a4e50de5ef9a7596220b49d4,190
hair,mh211,다크클레릭모자,master/assets/items/hair/mh211_다크클레릭모자.webp,134b1678645d035f1d47f5576b99cb556e1262a7,156
hair,mh213,워어렛모자,master/assets/items/hair/mh213_워어렛모자.webp,e37700ee3688f0399853310a35dcb1093def99a5,162
hair,mh215,남화가모,master/assets/items/hair/mh215_남화가모.webp,836e3f4e91f89b711d55467fe4fbe0ceb501d5a0,260
hair,mh219,음유시인의모자,master/assets/items/hair/mh219_음유시인의모자.webp,3c461e26064d17013a190f97bc8ee1bf7e27be2d,196
hair,mh220,머쉬룸캡,master/assets/items/hair/mh220_머쉬룸캡.webp,a6cfff02e8ab39cbe91752af2abc0de374688ea1,168
hair,mh221,UNNAMED,master/assets/items/hair/mh221_UNNAMED.webp,08ff025a46bc676e88a53cacdb1ce210dbac4b20,174
hair,mh223,현자의모자,master/assets/items/hair/mh223_현자의모자.webp,255c0bd84a49289a950e9a30c33519979930c4b0,184
hair,mh224,호엔티로라인,master/assets/items/hair/mh224_호엔티로라인.webp,7e02ed2e9a566f27d7dcc1f808cfdcad2a05d0b7,272
hair,mh225,운디네티로라인,master/assets/items/hair/mh225_운디네티로라인.webp,b6fd7db60b6aac285eaf355b29e68395035bc325,284
hair,mh226,홀리루딘티로라인,master/assets/items/hair/mh226_홀리루딘티로라인.webp,72274c55db1ea1f449d21a77d50a20a11a5ab2a0,320
hair,mh227,루딘의모자,master/assets/items/hair/mh227_루딘의모자.webp,d2c268218a003d8ea921477a55d580c2086f4123,398
hair,mh228,뤼케시온털모자,master/assets/items/hair/mh228_뤼케시온털모자.webp,0ea9520c3037b63f29f033fd24fcc3bad8df4f3b,212
hair,mh229,운디네털모자,master/assets/items/hair/mh229_운디네털모자.webp,27e0b63f062354e433ce253aa15ab0b781d86080,226
hair,mh230,오렌털모자,master/assets/items/hair/mh230_오렌털모자.webp,8dc02b9830d6162fbd04a953043acce79a1011ed,218
hair,mh231,검정두건,master/assets/items/hair/mh231_검정두건.webp,64e7c28e5b2a7cbc77226884eb9042960e2b511e,132
hair,mh232,해적모자,master/assets/items/hair/mh232_해적모자.webp,cfe0ab4c7f2b803e8b86a4b42d31d06e88540ad3,176
hair,mh233,UNNAMED,master/assets/items/hair/mh233_UNNAMED.webp,6884f8abc8931441efda4c3532f60cfd357bed4e,236
hair,mh234,오렌실버플레이트투구,master/assets/items/hair/mh234_오렌실버플레이트투구.webp,4cc76e1512ac3823b7ae5c6c725ddbc6da3d13d3,274
hair,mh235,하와이안풀잎관,master/assets/items/hair/mh235_하와이안풀잎관.webp,898fb9a8eea5e23ca119c293d1029bd0f7d6a638,406
hair,mh236,UNNAMED,master/assets/items/hair/mh236_UNNAMED.webp,17a98d3a62d5b27d5669c4fceb13b891749466c2,194
hair,mh237,대왕관,master/assets/items/hair/mh237_대왕관.webp,32bf06a8afdc2aab2bc9cfb5549a666feef5db0c,366
hair,mh238,호박가발,master/assets/items/hair/mh238_호박가발.webp,6ec2cb410fdff5092cb1763a45ce581dde1dabc4,278
hair,mh239,UNNAMED,master/assets/items/hair/mh239_UNNAMED.webp,e9568613c5fcc27ce63320f8e7767f698fb97161,384
hair,mh240,쁘띠산타모자2006,master/assets/items/hair/mh240_쁘띠산타모자2006.webp,bc7a1d29c173765cf73daa93b1ca291914f82a5b,282
hair,mh241,트리모자,master/assets/items/hair/mh241_트리모자.webp,2da0521cfae597bff25c96f036b51fc5f9e93306,316
hair,mh242,UNNAMED,master/assets/items/hair/mh242_UNNAMED.webp,379a594f764c609b2cb621a5f5472965c0175db5,532
hair,mh243,UNNAMED,master/assets/items/hair/mh243_UNNAMED.webp,1df3bee74aa5cadf21b7892f5c30e71027317c53,346
hair,mh244,UNNAMED,master/assets/items/hair/mh244_UNNAMED.webp,66356cb231b427bfc11f916d38954c475a392add,182
hair,mh245,적비류선후(남),master/assets/items/hair/mh245_적비류선후(남).webp,187f8e07ec64985ad9644c6538715746662ffaf4,328
hair,mh246,UNNAMED,master/assets/items/hair/mh246_UNNAMED.webp,e615629776c37a2ae793997f4dbdee81e313bfc6,354
hair,mh247,UNNAMED,master/assets/items/hair/mh247_UNNAMED.webp,091872ccee3e222cff3c85a8ad7004edf16e003a,264
hair,mh248,UNNAMED,master/assets/items/hair/mh248_UNNAMED.webp,a06d028c8dc3fbe5dcce614e4922a96b796fa0b2,242
hair,mh249,적비화무투구(남),master/assets/items/hair/mh249_적비화무투구(남).webp,fb3cfa37594cbf6c1875f99dd270b90ff3144ed4,270
hair,mh250,흑비화무투구(남),master/assets/items/hair/mh250_흑비화무투구(남).webp,f6d2fedac4d3938e321fd65ca0a4b71290855565,254
hair,mh251,UNNAMED,master/assets/items/hair/mh251_UNNAMED.webp,dbb5101a9aa3d090ffa5884318fc91e777665465,286
hair,mh252,UNNAMED,master/assets/items/hair/mh252_UNNAMED.webp,1fbddf2a93e5d0723578fc7e5cdd25c2872e5549,236
hair,mh253,UNNAMED,master/assets/items/hair/mh253_UNNAMED.webp,50f57617e79457601dfb35f03ed1f704156047be,154
hair,mh254,가발 M32(7일),master/assets/items/hair/mh254_가발 M32(7일).webp,bcbdb6bec2867a21e3773a66e36a420433c26106,124
hair,mh255,가발 M34(7일),master/assets/items/hair/mh255_가발 M34(7일).webp,422f43420cb2e5a529d7df1097cae83fcb1fa367,204
hair,mh256,엘리스토끼모자,master/assets/items/hair/mh256_엘리스토끼모자.webp,32624e3b5302e08cf6a77f23c7d38e039d40ee56,338
hair,mh257,UNNAMED,master/assets/items/hair/mh257_UNNAMED.webp,9d72ff0d891ee78ea496bd8667fa422b8c0cc179,280
hair,mh258,UNNAMED,master/assets/items/hair/mh258_UNNAMED.webp,cf7082828ebcd2db6616fab70c72b038e837a7c6,172
hair,mh259,꼬깔모자,master/assets/items/hair/mh259_꼬깔모자.webp,b4fee0f3bde28a2e3e9f7cf216707d8c839acef8,402
hair,mh260,UNNAMED,master/assets/items/hair/mh260_UNNAMED.webp,8da711e6b9a69f8bdc4652be66f8a810fb1093f5,304
hair,mh261,UNNAMED,master/assets/items/hair/mh261_UNNAMED.webp,22996caea5158992f139e25c713f17577039d230,226
hair,mh262,밀집모자,master/assets/items/hair/mh262_밀집모자.webp,078887a925de937711d345b2e0292643d47b212d,284
hair,mh263,가발 M37,master/assets/items/hair/mh263_가발 M37.webp,87d99ff1ee558979ecb9fa526828282455049321,160
hair,mh264,UNNAMED,master/assets/items/hair/mh264_UNNAMED.webp,0453a7a3d957d39756ec13ef49eee58f529ea65c,100
hair,mh265,UNNAMED,master/assets/items/hair/mh265_UNNAMED.webp,bee0b59e9630d65a2b08633820955aae212d43bf,154
hair,mh266,UNNAMED,master/assets/items/hair/mh266_UNNAMED.webp,606d9f51c9ec64921381e518f8bec650f2a6dd64,190
hair,mh267,[흑룡]눈사람모자,master/assets/items/hair/mh267_[흑룡]눈사람모자.webp,ef89ab9c8712437e5aa4d281f435b535b0fe2b0e,464
hair,mh268,UNNAMED,master/assets/items/hair/mh268_UNNAMED.webp,a8c33c1f482d7074684c8f06120498d09c24c1df,286
hair,mh269,UNNAMED,master/assets/items/hair/mh269_UNNAMED.webp,4e9f1d82d08074a4b7f46196f77934179393f00c,308
hair,mh270,노란색털모자,master/assets/items/hair/mh270_노란색털모자.webp,ce0b5bd337401399c6ffb40e1733a868a0d1c966,226
hair,mh271,자주색털모자,master/assets/items/hair/mh271_자주색털모자.webp,f241c5952827880b552d908b7c2ed6ac524c82c8,226
hair,mh272,빨강색털모자,master/assets/items/hair/mh272_빨강색털모자.webp,5700eed929b1ac30559ad62ade3e09ca57a6eef5,224
hair,mh273,진홍색털모자,master/assets/items/hair/mh273_진홍색털모자.webp,b6e04953d3b7c29644591af435e22dbf474f7ec7,228
hair,mh274,파란색털모자,master/assets/items/hair/mh274_파란색털모자.webp,e9c2d076801376063ae8bce4dfa0889c9eb093bd,230
hair,mh275,노란색방울무늬털모자,master/assets/items/hair/mh275_노란색방울무늬털모자.webp,b1f228cd1a48b06657a3996cfcdaf61b54fa5729,318
hair,mh276,자주색방울무늬털모자,master/assets/items/hair/mh276_자주색방울무늬털모자.webp,23176f97841687719e161c3606b5586cf72531d6,314
hair,mh277,빨강색방울무늬털모자,master/assets/items/hair/mh277_빨강색방울무늬털모자.webp,2123014f6cf68864d9977e22910efb911efb1e9b,280
hair,mh278,진홍색방울무늬털모자,master/assets/items/hair/mh278_진홍색방울무늬털모자.webp,7bc2f18d07b56d41badeb34e50094054f8cba1a9,316
hair,mh279,파란색방울무늬털모자,master/assets/items/hair/mh279_파란색방울무늬털모자.webp,074d8b2c595ae2727b7d54168c9fd301948accb6,320
hair,mh280,노란색방울털모자,master/assets/items/hair/mh280_노란색방울털모자.webp,7c53b64a612ba2b0b5c96e344e0e058fccf38784,300
hair,mh281,자주색방울털모자,master/assets/items/hair/mh281_자주색방울털모자.webp,506eba43c16adabbe9711e216449c54036fe981f,304
hair,mh282,빨강색방울털모자,master/assets/items/hair/mh282_빨강색방울털모자.webp,403f98741516479169b3e01015d4e08a152098a1,278
hair,mh283,진홍색방울털모자,master/assets/items/hair/mh283_진홍색방울털모자.webp,bbf598c5deb920cd1898364657aecd864c5b2081,300
hair,mh284,파란색방울털모자,master/assets/items/hair/mh284_파란색방울털모자.webp,edd5b918ad4005d09a9882812f99ffbd7028facc,306
hair,mh288,UNNAMED,master/assets/items/hair/mh288_UNNAMED.webp,f20182d6e7d2e8b7472c735097d8861df5cbb649,192
hair,mh289,곰돌이모자,master/assets/items/hair/mh289_곰돌이모자.webp,33a0ff1601751e546a0985050b67e0749fd574b6,246
hair,mh290,골든벨,master/assets/items/hair/mh290_골든벨.webp,0f75fb6a3ef52ebedac83d72a667e51d8f804e68,256
hair,mh291,UNNAMED,master/assets/items/hair/mh291_UNNAMED.webp,f52891fb195b64b71208b1643d4f74406b0ef774,264
hair,mh292,UNNAMED,master/assets/items/hair/mh292_UNNAMED.webp,31958ffd1e2b6b65ecb62905b6fa2fd6d1428679,188
hair,mh293,짧은챙모자,master/assets/items/hair/mh293_짧은챙모자.webp,ac673deabc430e907d6a4f82c402a1c1abc7309b,224
hair,mh294,안경짧은챙모자,master/assets/items/hair/mh294_안경짧은챙모자.webp,55baaa4306f2a4ed93476068c05a6df33ee5edad,290
hair,mh295,UNNAMED,master/assets/items/hair/mh295_UNNAMED.webp,edbfad6d90226a4e2a15baab22f24a4f5458a9ba,380
hair,mh296,그린혼베레모,master/assets/items/hair/mh296_그린혼베레모.webp,ef753c32e79aa6287a78b80211e5370bd9064ead,162
hair,mh297,UNNAMED,master/assets/items/hair/mh297_UNNAMED.webp,a543030ac126f251c68a4077d6d5b574d48e7d46,286
hair,mh298,홀리데이꼬깔모자2006,master/assets/items/hair/mh298_홀리데이꼬깔모자2006.webp,d48414537cc58508c75e0d4ba819d08ea7502314,356
hair,mh299,UNNAMED,master/assets/items/hair/mh299_UNNAMED.webp,4ebc0927d5807e5f85f4bf3e36c29280ac2e3689,290
hair,mh300,화이트캣가면,master/assets/items/hair/mh300_화이트캣가면.webp,e8be8065dddb83c015292b6e86f64b1e335109b4,252
hair,mh306,축구공모자,master/assets/items/hair/mh306_축구공모자.webp,70602d942c7a9fd192884874a28443c8acf55d1e,248
hair,mh307,화랑복건,master/assets/items/hair/mh307_화랑복건.webp,985dbbda3fed616f3c9401cbbb67db1bd04d4878,296
hair,mh308,화랑복건,master/assets/items/hair/mh308_화랑복건.webp,8e31055c65633db55db0c70a42ac81dac29fc759,316
hair,mh309,화랑복건,master/assets/items/hair/mh309_화랑복건.webp,1e8f100fbd104bf268ffdc3076138e606df8a7d1,284
hair,mh310,화랑복건,master/assets/items/hair/mh310_화랑복건.webp,90fe422226cfb7d3fdc036795aa1978da614b217,304
hair,mh311,뱅뱅컷트헤어FX,master/assets/items/hair/mh311_뱅뱅컷트헤어FX.webp,ccf8f59a7929d8676a60171cecc13a3c7359ba56,202
hair,mh312,화랑복건,master/assets/items/hair/mh312_화랑복건.webp,a24bdfccdc181604913ba86c25fde7d3cf31da8b,306
hair,mh313,UNNAMED,master/assets/items/hair/mh313_UNNAMED.webp,0d48de4ce1c6990ea2abf85d22319087bdbc635d,212
hair,mh314,UNNAMED,master/assets/items/hair/mh314_UNNAMED.webp,debb4d09042da795c504193541fd4eeb62f2cf67,182
hair,mh315,UNNAMED,master/assets/items/hair/mh315_UNNAMED.webp,f0ce6d8284656b3af7b02ff362c86ac228e75cc2,230
hair,mh316,발렌타인디어스토커,master/assets/items/hair/mh316_발렌타인디어스토커.webp,338d6e94b3a49cb2ce93dbae5b2495661ab6b12c,232
hair,mh317,발렌타인디어스토커,master/assets/items/hair/mh317_발렌타인디어스토커.webp,1ede31f2d73ab2cc96e0d25b5b665ac5b1eb305d,234
hair,mh318,발렌타인디어스토커,master/assets/items/hair/mh318_발렌타인디어스토커.webp,0b88e802bf2d422e816df4d625d3ad670814981f,236
hair,mh319,발렌타인디어스토커,master/assets/items/hair/mh319_발렌타인디어스토커.webp,961188b45cf5f1399e7c1793c64081e43de864bf,228
hair,mh320,UNNAMED,master/assets/items/hair/mh320_UNNAMED.webp,0911021b278f1cae6eb3b554dd9eac3a6ed79550,288
hair,mh321,UNNAMED,master/assets/items/hair/mh321_UNNAMED.webp,9688559f40fd37e1637dfa766921317e6dc37a71,180
hair,mh322,벙거지모자,master/assets/items/hair/mh322_벙거지모자.webp,dd82f06b52b73a38765cf83d7eac616256592fa8,208
hair,mh323,프린스깃털바이콘,master/assets/items/hair/mh323_프린스깃털바이콘.webp,0a2eacc3d529eaa86579168a60450548104947f6,506
hair,mh324,UNNAMED,master/assets/items/hair/mh324_UNNAMED.webp,13e0608d2d6f6bbb998fc64339560a163fa30135,190
hair,mh326,UNNAMED,master/assets/items/hair/mh326_UNNAMED.webp,587ec9fa30a3a78d678152e51d7f37e4674299a6,166
hair,mh327,UNNAMED,master/assets/items/hair/mh327_UNNAMED.webp,5eadf4924eefbf1c59eaed96d1d1fbfe21dbe3c2,154
hair,mh328,UNNAMED,master/assets/items/hair/mh328_UNNAMED.webp,e63876c63bed8b54bb74d168151108cbf9af8770,266
hair,mh329,상투,master/assets/items/hair/mh329_상투.webp,7c8d9dfd42cb039530b7c6b764ac7a838823b40c,272
hair,mh330,UNNAMED,master/assets/items/hair/mh330_UNNAMED.webp,1d9f78c2e19c9c14cc2530cb57e308abbbe4f820,254
hair,mh331,여름밀집모자,master/assets/items/hair/mh331_여름밀집모자.webp,187a5b36ecea0c7e068bc21d6c8c5976c05bb937,328
hair,mh332,펜리르의투구(+1),master/assets/items/hair/mh332_펜리르의투구(+1).webp,851bf3d4ca7a97df65f791cd8b9a8f65f7f81683,356
hair,mh333,UNNAMED,master/assets/items/hair/mh333_UNNAMED.webp,6cf0990108c9e4d3ef54652b3cb4fb4467e38caa,166
hair,mh334,완두콩모자,master/assets/items/hair/mh334_완두콩모자.webp,308043e0fad9f81aa3616128da215f48933de8b8,282
hair,mh335,UNNAMED,master/assets/items/hair/mh335_UNNAMED.webp,7a348f2a96b62ebd65fa35d1f62f7636ec4c9398,274
hair,mh336,UNNAMED,master/assets/items/hair/mh336_UNNAMED.webp,80490deeb0aff2595e1fdec904039ac930b157ca,214
hair,mh337,길드정예모자(하급),master/assets/items/hair/mh337_길드정예모자(하급).webp,c9cd007f18db02567273a25e7ec7e7c475d26fb2,196
hair,mh338,드라코모자,master/assets/items/hair/mh338_드라코모자.webp,36ab66da5139e2d79f96115d6bfc5e44959fff89,242
hair,mh339,풍운남아교복모자,master/assets/items/hair/mh339_풍운남아교복모자.webp,bd6b40e5034c5181a935ab877405cc1681d7083f,178
hair,mh340,니에모자,master/assets/items/hair/mh340_니에모자.webp,f66062da4151c086e90be1624b7916bec00f992d,404
hair,mh341,해적선장모자,master/assets/items/hair/mh341_해적선장모자.webp,c6f7e2107e0e39fde792176f70c2179bb56c8f09,572
hair,mh342,UNNAMED,master/assets/items/hair/mh342_UNNAMED.webp,056e31191c320e01d994d23ef363aefbac5bb439,222
hair,mh343,UNNAMED,master/assets/items/hair/mh343_UNNAMED.webp,c0df9956560527a720f2416d501a50b06d9ef3da,160
hair,mh347,UNNAMED,master/assets/items/hair/mh347_UNNAMED.webp,17840912ee526c2178c358bd43504625d71d07a6,166
hair,mh348,전통장수투구,master/assets/items/hair/mh348_전통장수투구.webp,0de0c6fc4a84a96059e9c7c60870449b29bd2925,422
hair,mh349,UNNAMED,master/assets/items/hair/mh349_UNNAMED.webp,e236e4124b69eb83b774919b91ea15c5b4c35613,190
hair,mh350,UNNAMED,master/assets/items/hair/mh350_UNNAMED.webp,986bf9901080acbb5c4229244455baa90b08ee3f,208
hair,mh351,바이크헬멧,master/assets/items/hair/mh351_바이크헬멧.webp,7e605515a354e241129f4705bc2e0ece8c0ad9ad,272
hair,mh352,화랑복건,master/assets/items/hair/mh352_화랑복건.webp,24aae1ac8b51876d71bb16858d8d01ea4f869c8a,298
hair,mh353,화랑복건,master/assets/items/hair/mh353_화랑복건.webp,400d3ce5ce7fd296a006bdbcc738494c0869e937,290
hair,mh354,화랑복건,master/assets/items/hair/mh354_화랑복건.webp,d4e53c957ea399315e02f1db777ddd21d22fcdcb,296
hair,mh355,화랑복건,master/assets/items/hair/mh355_화랑복건.webp,0f3b362bed508e693b360746983733b416692b84,294
hair,mh356,흑마술사모자FX,master/assets/items/hair/mh356_흑마술사모자FX.webp,d83381fe3e7b91224dbb556d7fa408e898635231,380
hair,mh357,인디언헤어,master/assets/items/hair/mh357_인디언헤어.webp,c9f88f616c41efd196a08376d66fa09c5b1ffb20,328
hair,mh358,UNNAMED,master/assets/items/hair/mh358_UNNAMED.webp,865c2f838c522951a4bb6fa6248cff9b82725d99,256
hair,mh359,개장수모자,master/assets/items/hair/mh359_개장수모자.webp,c06a09701b8ed94915bf30f11613cbc091597a87,238
hair,mh360,모자베리1,master/assets/items/hair/mh360_모자베리1.webp,e8ae59ebf4cc78baaa2c50c921db9efb5d4abf19,222
hair,mh361,녹색두건,master/assets/items/hair/mh361_녹색두건.webp,a91e6d439c572d4254f21f9865d9bd650696d090,210
hair,mh362,UNNAMED,master/assets/items/hair/mh362_UNNAMED.webp,f1afb2e75664df5c6585b9b17e9dcdd6813f2a45,218
hair,mh363,UNNAMED,master/assets/items/hair/mh363_UNNAMED.webp,fcd00678a1c7de20cd6cce3bbdb5d56a1abaac17,226
hair,mh364,모자베리5,master/assets/items/hair/mh364_모자베리5.webp,126bd5a5f975ce75ed4e4a3eeea2b2e33ab8aea0,220
hair,mh365,모자베리6,master/assets/items/hair/mh365_모자베리6.webp,5f9c3afc71f598718e6082d995c0a678f9a2dc28,300
hair,mh366,UNNAMED,master/assets/items/hair/mh366_UNNAMED.webp,b878eee4d73d5489ccb53d4fac21abf0b76599cd,290
hair,mh367,모자베리8,master/assets/items/hair/mh367_모자베리8.webp,9f80af6e6e83384d3a6b76077244a6b232da92e8,308
hair,mh368,모자베리9,master/assets/items/hair/mh368_모자베리9.webp,254648e4811ec404967df3a5a101091320dc7e91,312
hair,mh369,모자베리10,master/assets/items/hair/mh369_모자베리10.webp,4d2c856e2be29820f4b92dcfb42cead99dfe6ecb,298
hair,mh370,UNNAMED,master/assets/items/hair/mh370_UNNAMED.webp,0250c7cf2ecdf7b4d8866ab936ebd6a11790cdd2,296
hair,mh371,모자베리12,master/assets/items/hair/mh371_모자베리12.webp,f21d344357fc908c0d62d4bfb65b64a65a8309b0,294
hair,mh372,UNNAMED,master/assets/items/hair/mh372_UNNAMED.webp,c03091387da86d4585f1c84e85d32278f8182d39,296
hair,mh373,UNNAMED,master/assets/items/hair/mh373_UNNAMED.webp,3aa653982689807d7db444ecc7ebea9b46d5b635,304
hair,mh374,모자베리15,master/assets/items/hair/mh374_모자베리15.webp,ac5263a86c9191d98269c6b4f46aabefa20f4b5d,290
hair,mh375,UNNAMED,master/assets/items/hair/mh375_UNNAMED.webp,3a1cedf512c57d121959b9da282b8b9b6e48b0a3,216
hair,mh376,전통갓FX,master/assets/items/hair/mh376_전통갓FX.webp,824c0a4a06bb311790ecc55207f25198e50df31a,262
hair,mh378,남자돼지마스크,master/assets/items/hair/mh378_남자돼지마스크.webp,e6ccc6567dd9c7a3463dcabf4d4e514f4d6b554f,390
hair,mh379,플라워윅(남)FX,master/assets/items/hair/mh379_플라워윅(남)FX.webp,21a735fd8fca2bcd68a8b60297fbbd3224fe60dc,274
hair,mh380,사또모자,master/assets/items/hair/mh380_사또모자.webp,e984f5b741609bcebd030580fbfb50b45a5c657d,410
hair,mh381,흑비류선후(남),master/assets/items/hair/mh381_흑비류선후(남).webp,abdea869392922c1734e33f972cdd907f3f46349,238
hair,mh382,화룡투구,master/assets/items/hair/mh382_화룡투구.webp,e40b7f56a4af5451f5273fbd5c5ef6236859f050,252
hair,mh383,UNNAMED,master/assets/items/hair/mh383_UNNAMED.webp,a7b392808ef706fa94c6c574447fe38e69659f73,146
hair,mh384,로즈데이헤어(남)FX,master/assets/items/hair/mh384_로즈데이헤어(남)FX.webp,a00a2f7e1cc39a191ac75d2f549e3fecc6a3912a,244
hair,mh385,마법학교모자FX,master/assets/items/hair/mh385_마법학교모자FX.webp,02ca48f69b81478925919d5d4de9bd444dd8017d,338
hair,mh386,남자피크닉모자,master/assets/items/hair/mh386_남자피크닉모자.webp,f9310d1546e554dad4a8ef3559f94bce880cf654,274
hair,mh387,UNNAMED,master/assets/items/hair/mh387_UNNAMED.webp,8b5451ffb05397bf72d7586c5cabe15cd5cba818,386
hair,mh388,트레이닝맨캡,master/assets/items/hair/mh388_트레이닝맨캡.webp,fe5cec3df9ae5f0687fde17dda9ec0510924ba2e,190
hair,mh389,금요모자,master/assets/items/hair/mh389_금요모자.webp,930dba9a784d9901d0362fe8b5ee2790a3aa2374,294
hair,mh390,UNNAMED,master/assets/items/hair/mh390_UNNAMED.webp,e4126d1615c1ff5972d5827f5f34ab241a61cc8a,288
hair,mh391,페이로브투구,master/assets/items/hair/mh391_페이로브투구.webp,3481d16dced3527e8a25922066652f141b782c25,498
hair,mh392,UNNAMED,master/assets/items/hair/mh392_UNNAMED.webp,2212dcecd52caff3a8a9d213812ca80f2a9382ca,160
hair,mh393,사무라이투구FX,master/assets/items/hair/mh393_사무라이투구FX.webp,325e3be7ce821779e27b17818c180b87f2f35b02,438
hair,mh394,UNNAMED,master/assets/items/hair/mh394_UNNAMED.webp,91d97f6f77f5ebdeb580940bb4c11ae2ca381481,264
hair,mh395,UNNAMED,master/assets/items/hair/mh395_UNNAMED.webp,fa524469c96d6fb4403e7bab3e90fb807734abac,262
hair,mh396,블루샤크헤드(남),master/assets/items/hair/mh396_블루샤크헤드(남).webp,a1645d4ad0b0612d1b487739994f00e3ecdc17a4,492
hair,mh397,UNNAMED,master/assets/items/hair/mh397_UNNAMED.webp,0d85748bcf67bf191e3900dcbac0da361bdc0e81,240
hair,mh398,정글수풀머리,master/assets/items/hair/mh398_정글수풀머리.webp,86650776ad9760543e4b3965e55941b788b7d265,200
hair,mh399,방탄헬멧,master/assets/items/hair/mh399_방탄헬멧.webp,1b0b2a9697ab9752556f0c465cd445bde6031644,246
hair,mh400,수요모자,master/assets/items/hair/mh400_수요모자.webp,6839d9b79f2a242eed90d7ea473943a06c1d27c3,320
hair,mh401,윌화이어투구A,master/assets/items/hair/mh401_윌화이어투구A.webp,00b6d5d38d32627059d65180bd75c1db75cbf448,366
hair,mh402,브릴윙투구,master/assets/items/hair/mh402_브릴윙투구.webp,a78cb15b2f6b976e9a8f4db89816e773db5f2e92,280
hair,mh403,레인헌트투구,master/assets/items/hair/mh403_레인헌트투구.webp,7f0585dca5c11aae059924e38e506f3aeaf1f842,376
hair,mh404,브레스럭투구,master/assets/items/hair/mh404_브레스럭투구.webp,df7aaff5d415824a4dcb4a4fd4b2d3af774033e2,372
hair,mh405,위풍당당투구,master/assets/items/hair/mh405_위풍당당투구.webp,fa729a3de6ad7a2dd4682e3ef316e4b6c2dce955,374
hair,mh406,중절모,master/assets/items/hair/mh406_중절모.webp,679f6c1b980b526751b424a1bb5be7dacd1074d5,228
hair,mh407,UNNAMED,master/assets/items/hair/mh407_UNNAMED.webp,916336ae6c821dd43f4d4766cdda225da1c9c185,272
hair,mh408,할로윈파티모자,master/assets/items/hair/mh408_할로윈파티모자.webp,33d919bb898e009b766eb9408c22d3f63b360411,244
hair,mh409,머쉬룸비니,master/assets/items/hair/mh409_머쉬룸비니.webp,a0781e468a0301f459925b424b43468de0add3f0,240
hair,mh410,구리뱅뱅모자,master/assets/items/hair/mh410_구리뱅뱅모자.webp,0c68b5cb5b4d2c36fa82aec0a7120603070ddd52,226
hair,mh411,UNNAMED,master/assets/items/hair/mh411_UNNAMED.webp,0455f69f7ab69cda8fe1d4d6782637bebe7f6ebc,242
hair,mh412,UNNAMED,master/assets/items/hair/mh412_UNNAMED.webp,2f5d2b80f93a408ec9ce3624d9d9ba3d19979cbc,152
hair,mh413,주머니모자FX,master/assets/items/hair/mh413_주머니모자FX.webp,9f8b56f75f50ab6e5502c08709966ca94f17e4d5,288
hair,mh414,투신의머리띠,master/assets/items/hair/mh414_투신의머리띠.webp,95fdb1854e829333580e9a2d3e5fc738ea34447b,222
hair,mh415,밤톨모자,master/assets/items/hair/mh415_밤톨모자.webp,81aabd5390cc1c7f7d3f4326cddf781892e9f364,232
hair,mh416,가을햇살모자,master/assets/items/hair/mh416_가을햇살모자.webp,ed47bc35a3b9a05bdff5ffd5563fd0c7b31fa8d4,212
hair,mh417,UNNAMED,master/assets/items/hair/mh417_UNNAMED.webp,754892a10ea64709992b6f70e7519e06df4cebbc,394
hair,mh418,UNNAMED,master/assets/items/hair/mh418_UNNAMED.webp,e530649b913944d661007f224d41ecb8218f073a,286
hair,mh419,뮤레칸가면,master/assets/items/hair/mh419_뮤레칸가면.webp,f283b21a024f144a7ec0141d887298b878414ad7,326
hair,mh420,얼룩무늬송아지모자,master/assets/items/hair/mh420_얼룩무늬송아지모자.webp,c191c34759de667619be333d40b0c80213ad34bf,356
hair,mh421,트로피칼헤어(남)FX,master/assets/items/hair/mh421_트로피칼헤어(남)FX.webp,52143d929ca11d827c773e3772c6fcbc632707fd,236
hair,mh422,새너클로우햇,master/assets/items/hair/mh422_새너클로우햇.webp,d4a10425efbd3bc39ed9aefa9f64521a44b80e74,432
hair,mh423,UNNAMED,master/assets/items/hair/mh423_UNNAMED.webp,8a4b53597661f9d3333ca319674994668e2dcc3b,194
hair,mh424,드라나이투구,master/assets/items/hair/mh424_드라나이투구.webp,dda3962d2495b81a69aa9869f956cef473181542,532
hair,mh425,[꼬꼬알]쥐도리모자,master/assets/items/hair/mh425_[꼬꼬알]쥐도리모자.webp,aefcdf0a08bce7edc1c0aa4e32b028011e19ab24,314
hair,mh426,혼돈의투구(지존-전사),master/assets/items/hair/mh426_혼돈의투구(지존-전사).webp,8f5b1066fc1f2ba9e49a4e833137e1558bac71fc,250
hair,mh427,UNNAMED,master/assets/items/hair/mh427_UNNAMED.webp,61567c17d5985d364aa0b130bed332f5f4e5ed8a,268
hair,mh428,로톤폭탄헤드기어,master/assets/items/hair/mh428_로톤폭탄헤드기어.webp,31cd5fae134517c034457e0ff7b940ae58462856,236
hair,mh429,UNNAMED,master/assets/items/hair/mh429_UNNAMED.webp,10bd112e25db88cf3292f53575afe653ffe0b879,202
hair,mh430,장난감병정모자(남)FX,master/assets/items/hair/mh430_장난감병정모자(남)FX.webp,667f7d8e081f57513f853da6276c934df361f9df,218
hair,mh431,UNNAMED,master/assets/items/hair/mh431_UNNAMED.webp,1e65c774c011a2aea1c9d0a0337d5ccf61626756,336
hair,mh432,손오공헤어(남),master/assets/items/hair/mh432_손오공헤어(남).webp,ff7c57970bb1fc30b0e5ddd007e657c0be4faab2,250
hair,mh433,UNNAMED,master/assets/items/hair/mh433_UNNAMED.webp,6240188cd23a3ac0aeb01983c22fcb8da239bdf7,160
hair,mh434,UNNAMED,master/assets/items/hair/mh434_UNNAMED.webp,1a89d3ebaf3d49f3bb8881411546471946715748,140
hair,mh435,UNNAMED,master/assets/items/hair/mh435_UNNAMED.webp,8299744f7058134a01142b08f43cb5a707f73612,258
hair,mh436,이벤트헤어,master/assets/items/hair/mh436_이벤트헤어.webp,e92c8a9dd6aec4e4e063f1b8646845c015c98560,270
hair,mh437,UNNAMED,master/assets/items/hair/mh437_UNNAMED.webp,c7765ea47f88a5c7d4e087943013f70245669a2b,160
hair,mh438,UNNAMED,master/assets/items/hair/mh438_UNNAMED.webp,084c0833e39fa66394a5fb50a785cd5d9b97cdaf,172
hair,mh439,로열나이트헬름FX,master/assets/items/hair/mh439_로열나이트헬름FX.webp,54548b0e80b72eca8be5c616617fc4fe4dd5bca2,416
hair,mh440,UNNAMED,master/assets/items/hair/mh440_UNNAMED.webp,33854f2ade5c6ea51b43ba29ed09a063c237e523,192
hair,mh441,UNNAMED,master/assets/items/hair/mh441_UNNAMED.webp,5a51819b3712a4ae41d769efa4c81806af79968c,160
hair,mh442,UNNAMED,master/assets/items/hair/mh442_UNNAMED.webp,93993108cf98eb7dfece0be01131b8a12224c4d9,336
hair,mh443,마도코어헬름,master/assets/items/hair/mh443_마도코어헬름.webp,02800ce2b58fe2668b7cb0fb8b3d18a260d9ac84,316
hair,mh444,UNNAMED,master/assets/items/hair/mh444_UNNAMED.webp,cf0324c635a0b095655b998829db693679d38bec,354
hair,mh445,마도코어헤드기어,master/assets/items/hair/mh445_마도코어헤드기어.webp,e5008d42f6d1c4ee0fc1ab7c41109feb8aa02f56,358
hair,mh446,마도코어홀,master/assets/items/hair/mh446_마도코어홀.webp,1da034a5e5e300c7c042de036475139907b6923d,346
hair,mh447,가발 M12(7일),master/assets/items/hair/mh447_가발 M12(7일).webp,54d8a9ff53d17cc0a2dae0ba169e95a187d84c0e,162
hair,mh448,UNNAMED,master/assets/items/hair/mh448_UNNAMED.webp,2ba8cd11218a8d759a94ae4fe5409872b4f19e24,168
hair,mh449,UNNAMED,master/assets/items/hair/mh449_UNNAMED.webp,765ed14abfa7064e5b271eabaec6d3b5e8fb1deb,220
hair,mh450,에이비에이터고글,master/assets/items/hair/mh450_에이비에이터고글.webp,9915ab683b427ba64ca4eb4700b2f545d4d74d63,346
hair,mh451,소머리탈,master/assets/items/hair/mh451_소머리탈.webp,d80b7b70cdd227c233fee7172a5a778a6c6732d7,320
hair,mh452,마도코어상관,master/assets/items/hair/mh452_마도코어상관.webp,41e5bcf2bb9179d9c9f45d8429a87c4af60a180a,366
hair,mh453,[돌아온]오딘의투구,master/assets/items/hair/mh453_[돌아온]오딘의투구.webp,f6999bfa4b1a0a1671de3355a8d78b88dfff903c,380
hair,mh454,UNNAMED,master/assets/items/hair/mh454_UNNAMED.webp,3e1d74baef7ab7cb3b54361da49896e641d4b707,340
hair,mh455,무당모자(남),master/assets/items/hair/mh455_무당모자(남).webp,3a6f5aed4580db3389ab6ae02cf3beea0a78cf59,388
hair,mh456,[마법사]마사이왕국투구(1단계),master/assets/items/hair/mh456_[마법사]마사이왕국투구(1단계).webp,ca6ccebb28f75e6e46a2830d8744a78ac1b0edaa,430
hair,mh457,UNNAMED,master/assets/items/hair/mh457_UNNAMED.webp,ddbb658aaf88b52e787eac0f55d87245310fac32,234
hair,mh458,삐에로광대모자FX,master/assets/items/hair/mh458_삐에로광대모자FX.webp,fa6c8c8e9747e5389429df99f7d5636f012f0975,344
hair,mh459,UNNAMED,master/assets/items/hair/mh459_UNNAMED.webp,2e01fa8bb4c34e2ef861111862b94dca1bbacc36,198
hair,mh460,UNNAMED,master/assets/items/hair/mh460_UNNAMED.webp,a97a9a4c771f51457cb874bdb6027f495ab1162c,134
hair,mh461,UNNAMED,master/assets/items/hair/mh461_UNNAMED.webp,466e27ba93252281baa1360a226a6ede1459cda9,306
hair,mh462,UNNAMED,master/assets/items/hair/mh462_UNNAMED.webp,b94e0ccaa3f56795735f31a662366df9ee5c9ecd,342
hair,mh463,미디블귀족헤어,master/assets/items/hair/mh463_미디블귀족헤어.webp,45a3e9533d3d3797e2d6a4bed2b6abe7cbccbee6,206
hair,mh464,다크로열투구FX,master/assets/items/hair/mh464_다크로열투구FX.webp,9f5271283f32fde5547aa84eb7bddf7c3ae91272,416
hair,mh465,카리브해적모자(남),master/assets/items/hair/mh465_카리브해적모자(남).webp,b0769414d239a38a30996cc9efc9317a87b54d23,268
hair,mh466,큰머리산타모자,master/assets/items/hair/mh466_큰머리산타모자.webp,bf8da43a188043f967164f4d7c5f8c7dbbca70c2,762
hair,mh467,UNNAMED,master/assets/items/hair/mh467_UNNAMED.webp,d7eea7f69e620d09b85e274bec8df0c441f4999b,276
hair,mh468,라이온투구(남),master/assets/items/hair/mh468_라이온투구(남).webp,875d0cc175b8828316ba7943a00e4c5278fe0db8,340
hair,mh469,치파오모자(남)FX,master/assets/items/hair/mh469_치파오모자(남)FX.webp,75a4e054faa46a728ebaccb161ed3762638c3cf8,368
hair,mh471,UNNAMED,master/assets/items/hair/mh471_UNNAMED.webp,3252c9d3682753c0fb0d9d6ca58a2c2f853b6a9b,288
hair,mh472,프라데일,master/assets/items/hair/mh472_프라데일.webp,e6e42ee9c56b04c43db4135edbac8b2e2c2fe33c,212
hair,mh473,팬더모자(남)FX,master/assets/items/hair/mh473_팬더모자(남)FX.webp,f7b6b6e1e3a1c075e29e359a8497fa2003276b74,274
hair,mh474,루돌프모자,master/assets/items/hair/mh474_루돌프모자.webp,a988ef7bdef46e20762ec8ad55f76c5aab57f9a3,318
hair,mh475,엘븐플레이트투구(남),master/assets/items/hair/mh475_엘븐플레이트투구(남).webp,c4c7b32ce2b8bfe7e78f98503e142004663ab290,358
hair,mh476,UNNAMED,master/assets/items/hair/mh476_UNNAMED.webp,b2a78196dee6ba97315dfd812a5732253e6719c2,144
hair,mh479,목요모자,master/assets/items/hair/mh479_목요모자.webp,9454dee1731c6b3f5d77ad5ed75323789af8a65b,434
hair,mh480,눈사람모자,master/assets/items/hair/mh480_눈사람모자.webp,4ba6e224ca837044e2e6fe3d52439304142fbe0a,494
hair,mh481,눈사람모자,master/assets/items/hair/mh481_눈사람모자.webp,ea746180e3678afde8e67f6395aed28e9d3a3c66,478
hair,mh482,UNNAMED,master/assets/items/hair/mh482_UNNAMED.webp,91f3e6eca749146aef0bfcbaec0ed3962e7f1123,200
hair,mh483,UNNAMED,master/assets/items/hair/mh483_UNNAMED.webp,69f70fcca33a6c2c273539959d20d01577990c2f,184
hair,mh484,UNNAMED,master/assets/items/hair/mh484_UNNAMED.webp,0b43a2cd8dbd3fb23b411b432971f14f16f20d4b,238
hair,mh485,UNNAMED,master/assets/items/hair/mh485_UNNAMED.webp,e3a3340194fc16cbfbcc6c75d6a5255247023e3c,176
hair,mh486,UNNAMED,master/assets/items/hair/mh486_UNNAMED.webp,9cb24ceb8682a80fc96004a5d6cd10aa25fa0006,236
hair,mh487,샤이닝헤어-퍼플(남),master/assets/items/hair/mh487_샤이닝헤어-퍼플(남).webp,49697f1381ffc36ec8178812b5381d07f001849c,246
hair,mh488,UNNAMED,master/assets/items/hair/mh488_UNNAMED.webp,d6d6a9abf84e1159c605dbb28c427f98941b7350,240
hair,mh489,샤이닝헤어-그린(남),master/assets/items/hair/mh489_샤이닝헤어-그린(남).webp,9d812d9ad94e47a576ac7ac78a0bbdf3ccb35191,242
hair,mh490,샤이닝헤어-옐로우(남),master/assets/items/hair/mh490_샤이닝헤어-옐로우(남).webp,ac5cc6c99b2e28e007acd4bca3d1f549dac23e3b,236
hair,mh491,UNNAMED,master/assets/items/hair/mh491_UNNAMED.webp,2fa53f3b27159fc03dcdcbdbcc6eb38227363322,336
hair,mh492,백비화무투구(남),master/assets/items/hair/mh492_백비화무투구(남).webp,4ae73d35de4e94a13d4952f96b67d3673f51353d,306
hair,mh493,UNNAMED,master/assets/items/hair/mh493_UNNAMED.webp,d0ae05534ab69b801d4b75cede9e5e73dfae40fd,254
hair,mh494,UNNAMED,master/assets/items/hair/mh494_UNNAMED.webp,5c3baa319e4ac57ae866d2970b4cd4c733d94b8b,252
hair,mh495,UNNAMED,master/assets/items/hair/mh495_UNNAMED.webp,0dd73cf38db75b33cf2f02ef7cdd58a3afa3ab71,366
hair,mh496,노란우비모자(남),master/assets/items/hair/mh496_노란우비모자(남).webp,d776eab887fa84547be612362eaeff8373da6d85,228
hair,mh497,숏트위스트펌FX,master/assets/items/hair/mh497_숏트위스트펌FX.webp,ef7abb3b07b4fe15a5e489fcc714c2ba01154a27,254
hair,mh498,블루마린모자(남),master/assets/items/hair/mh498_블루마린모자(남).webp,a6c7b1278162c04f3b8930e6b39dc7adadb1c5f2,298
hair,mh499,에인션트클레릭헬름FX,master/assets/items/hair/mh499_에인션트클레릭헬름FX.webp,002ff1cde53e883d3ee49accc2909a4511d20141,294
hair,mh500,뽀글이가발,master/assets/items/hair/mh500_뽀글이가발.webp,ba6e45763f816ee9cc16fbdedc4f4e584ffde489,212
hair,mh501,UNNAMED,master/assets/items/hair/mh501_UNNAMED.webp,304dace8c422e55688ac96b8f431bf716e83d93d,254
hair,mh502,에인션트로그헬름FX,master/assets/items/hair/mh502_에인션트로그헬름FX.webp,7a8c9b5877c67462f938f46b4ac799a6391811cb,248
hair,mh503,에인션트매지션헬름FX,master/assets/items/hair/mh503_에인션트매지션헬름FX.webp,c003d0ea3e091d866ccc25c5f901f047a236d40e,274
hair,mh504,UNNAMED,master/assets/items/hair/mh504_UNNAMED.webp,9c206012a45caee19a0550003fd58670b2a5d2cc,224
hair,mh505,UNNAMED,master/assets/items/hair/mh505_UNNAMED.webp,d0952d4830a38f2e2f705beec527a4d15ddec528,176
hair,mh506,UNNAMED,master/assets/items/hair/mh506_UNNAMED.webp,693d7b835e3a54c64295126d1e077d3e79c697e2,166
hair,mh507,UNNAMED,master/assets/items/hair/mh507_UNNAMED.webp,8b8c45869ce3e49b404d413560ca7bc86a1b2aca,168
hair,mh508,UNNAMED,master/assets/items/hair/mh508_UNNAMED.webp,5d392b7339ee0abb29b0dd39dc690be1d3b54c62,240
hair,mh509,UNNAMED,master/assets/items/hair/mh509_UNNAMED.webp,2d997bd7bc525c3e123f2f9a578761cf116f03d6,238
hair,mh510,UNNAMED,master/assets/items/hair/mh510_UNNAMED.webp,96f2a79d6df1d2a35afd27bad72cd68935a66797,242
hair,mh511,UNNAMED,master/assets/items/hair/mh511_UNNAMED.webp,722a9ff8115794b4cbe723cb92c32fa0393a8302,300
hair,mh512,UNNAMED,master/assets/items/hair/mh512_UNNAMED.webp,61bd700788d190033cfd05adf62318a199771e3f,260
hair,mh513,UNNAMED,master/assets/items/hair/mh513_UNNAMED.webp,a7ea4447e92c497a5f24e3112b83ea7157142a5f,258
hair,mh539,UNNAMED,master/assets/items/hair/mh539_UNNAMED.webp,777310d65022e53ceaadbd45eff0660e9f9f9309,342
hair,mh541,넥슨유튜브뮤레칸모자(남)FX,master/assets/items/hair/mh541_넥슨유튜브뮤레칸모자(남)FX.webp,569dcfff79d025d261c51b3eb8acd562cdb5fa64,410
hair,mh542,UNNAMED,master/assets/items/hair/mh542_UNNAMED.webp,6b83813a6b21370d25ea543b1255c23b12fd33c6,116
hair,mh543,백곰모자,master/assets/items/hair/mh543_백곰모자.webp,8800d1c6f1cb51614c844d081809f457fbe5814d,222
hair,mh544,UNNAMED,master/assets/items/hair/mh544_UNNAMED.webp,0940a69d3df4775f56917eb5dc62219807a760e7,282
hair,mh545,UNNAMED,master/assets/items/hair/mh545_UNNAMED.webp,26e3a6ca79f3527ad8e607f1a95e755a7fa27207,248
hair,mh546,UNNAMED,master/assets/items/hair/mh546_UNNAMED.webp,1365df09e59dc612d4f41a0f81d5a3dccab7f27d,222
hair,mh547,청룡머리장식(남)FX,master/assets/items/hair/mh547_청룡머리장식(남)FX.webp,ce01c44386a35cfe91e3506612ca413f1a460088,362
hair,mh548,펌킨헤드,master/assets/items/hair/mh548_펌킨헤드.webp,dc38a3e2dd451d2d0cb1180a33b95199b9c32f18,734
hair,mh549,매직펌킨헤드FX,master/assets/items/hair/mh549_매직펌킨헤드FX.webp,8dfd2c464ab622ce91ff32cf1dc08e37560e53ae,770
hair,mh550,봄나들이모자(남)FX,master/assets/items/hair/mh550_봄나들이모자(남)FX.webp,4e80081681f956d83ad275096ad1d5ddeeec6e94,274
hair,mh551,마신강림투구(남)FX,master/assets/items/hair/mh551_마신강림투구(남)FX.webp,d8c5c28be0c72a054f12938ac1c454bbcd0118c2,290
hair,mh552,화랑복건,master/assets/items/hair/mh552_화랑복건.webp,25671b79a4df22d449855dab266959c3885fd07a,260
hair,mh553,화랑복건,master/assets/items/hair/mh553_화랑복건.webp,f1bb5fa0573be92c0b3bdea55738526e2e0bc4f7,260
hair,mh554,화랑복건,master/assets/items/hair/mh554_화랑복건.webp,94835358449e344425a762196c6f57af4dbc236e,244
hair,mh555,화랑복건,master/assets/items/hair/mh555_화랑복건.webp,cfdd7c38524b52d2f89c3de0b4a773d6191fcff9,256
hair,mh556,화랑복건,master/assets/items/hair/mh556_화랑복건.webp,4eace76a18b82b1e95934c73a84685b34dbc0e06,252
hair,mh557,UNNAMED,master/assets/items/hair/mh557_UNNAMED.webp,f5b1f84abc89f9fdd254e5255b97cefc1113d9b4,222
hair,mh558,화랑복건,master/assets/items/hair/mh558_화랑복건.webp,f9f350e6d797764d10f5564cc593c50b08c22bea,250
hair,mh559,전파펭귄모자,master/assets/items/hair/mh559_전파펭귄모자.webp,cbce4a570a48c859a99dedfd4db5be5eb97b1b16,674
hair,mh560,펭귄모자,master/assets/items/hair/mh560_펭귄모자.webp,a9f0ca84f7daf2850e00fb5459cacaa4db6076c6,702
hair,mh561,UNNAMED,master/assets/items/hair/mh561_UNNAMED.webp,c8036012e21b36c88bd083fc39e8b3f5970d0c3f,232
hair,mh562,UNNAMED,master/assets/items/hair/mh562_UNNAMED.webp,6a00d87a5ccf257b84992edb5843fe81a28272ad,178
hair,mh563,UNNAMED,master/assets/items/hair/mh563_UNNAMED.webp,37a7a1e1250b8ed0e68ed22992a96af199ae596d,204
hair,mh564,플라즈마기어(남)FX,master/assets/items/hair/mh564_플라즈마기어(남)FX.webp,1e8df8eddce6ded676eac34ce394e1f0ec6e6fe5,244
hair,mh565,UNNAMED,master/assets/items/hair/mh565_UNNAMED.webp,990ada3980e525e5e3fbe1eeb86affec92cd491d,240
hair,mh570,UNNAMED,master/assets/items/hair/mh570_UNNAMED.webp,665872c9ec62d369d9ad055fc19fd16d8ba5fb5c,212
hair,mh573,UNNAMED,master/assets/items/hair/mh573_UNNAMED.webp,c6ca0d4b40ff62473c890e21708a652692005122,280
hair,wh001,UNNAMED,master/assets/items/hair/wh001_UNNAMED.webp,6bcce5279cd884edd21d0463cb5af4156fed8a79,178
hair,wh002,UNNAMED,master/assets/items/hair/wh002_UNNAMED.webp,7aab975b649974197b48b8716a042afdd592e2e7,146
hair,wh003,가발 W03,master/assets/items/hair/wh003_가발 W03.webp,b95a8eee88fced961edec8d1c7ed040bb71087f8,162
hair,wh004,UNNAMED,master/assets/items/hair/wh004_UNNAMED.webp,5fd9402af036c5fcf11cd85fc3d79bcadc4e09cd,172
hair,wh005,가발 W05,master/assets/items/hair/wh005_가발 W05.webp,5ed72722040b3b252f399962b5150abdd7a6318a,162
hair,wh006,UNNAMED,master/assets/items/hair/wh006_UNNAMED.webp,52fd2bdbceddc901a66fb0667e96c1e68a74640c,174
hair,wh007,가발 W04,master/assets/items/hair/wh007_가발 W04.webp,900bff2a143e99df2cce2de588728543befc84b8,172
hair,wh008,가발 W09,master/assets/items/hair/wh008_가발 W09.webp,ce722a2972ffb4f8c7fcbfbffb30fbbad26b0165,180
hair,wh009,UNNAMED,master/assets/items/hair/wh009_UNNAMED.webp,eccc31c06667c670acb444428ddb6c691375acfa,168
hair,wh010,UNNAMED,master/assets/items/hair/wh010_UNNAMED.webp,6be5b55e779b93ce67b2c4988a354048b42d7ab1,172
hair,wh011,UNNAMED,master/assets/items/hair/wh011_UNNAMED.webp,6fb2561cd7b471b083e885b8d50ce0448124e1f2,214
hair,wh012,UNNAMED,master/assets/items/hair/wh012_UNNAMED.webp,836ba5ad468301f309e8bc678b4945ffd8d388cb,162
hair,wh013,UNNAMED,master/assets/items/hair/wh013_UNNAMED.webp,10371643bfac7f611f44054aeba18b67f4a90ec3,240
hair,wh014,UNNAMED,master/assets/items/hair/wh014_UNNAMED.webp,50244f85c4f5d178fc60384b35d834599a4190c3,164
hair,wh015,UNNAMED,master/assets/items/hair/wh015_UNNAMED.webp,46b5f8542a08e013ce5ae77c72962073ce50815f,186
hair,wh016,UNNAMED,master/assets/items/hair/wh016_UNNAMED.webp,8e625b769f9db2ef585fdf94ccdecb7e7a1f76ad,152
hair,wh017,가발 W26,master/assets/items/hair/wh017_가발 W26.webp,20a7ad34c994d26df62f9cf73ef0f6638330a30d,130
hair,wh019,UNNAMED,master/assets/items/hair/wh019_UNNAMED.webp,41e6dd82cb1938083319c602ae626a980a46f428,332
hair,wh020,UNNAMED,master/assets/items/hair/wh020_UNNAMED.webp,7d14c609ed60fffdf85ae233e31cbd2bc9dd33b7,154
hair,wh021,UNNAMED,master/assets/items/hair/wh021_UNNAMED.webp,0a3daa16f9e36458adccd486f671ad9643a4e804,164
hair,wh022,UNNAMED,master/assets/items/hair/wh022_UNNAMED.webp,dd7f0a08a5df975a42977be51628ed9a249a804d,156
hair,wh023,가발 W20,master/assets/items/hair/wh023_가발 W20.webp,a96bcd2f60926b7e9214a735e9465a22350e6203,146
hair,wh024,UNNAMED,master/assets/items/hair/wh024_UNNAMED.webp,1bc851a94affe820d9d6b5a897e6ba34c98d18ea,152
hair,wh025,가발 W22,master/assets/items/hair/wh025_가발 W22.webp,0405ef4e395c001918661cce4c1fed1db0f5ec05,182
hair,wh027,가발 W27,master/assets/items/hair/wh027_가발 W27.webp,98709039bd8be4947b62850ce398b10611b5ed8a,154
hair,wh028,UNNAMED,master/assets/items/hair/wh028_UNNAMED.webp,a2588f089a3a0ccda4100aa4192dccc5d8d3fdda,168
hair,wh029,가발 W16,master/assets/items/hair/wh029_가발 W16.webp,2d483e3d4dda8d82677c0ceab4edf6e6d0d14a4e,138
hair,wh030,UNNAMED,master/assets/items/hair/wh030_UNNAMED.webp,5f07022c6756a8771cae22f4b2a0dc31f161dd64,160
hair,wh031,UNNAMED,master/assets/items/hair/wh031_UNNAMED.webp,8f00d5c67a352fdb764eb9cf3c20990ec5f9dce0,208
hair,wh034,UNNAMED,master/assets/items/hair/wh034_UNNAMED.webp,0a59d4375a0329b9c8d9ffa5809d9173d5f19149,194
hair,wh035,가발 W02,master/assets/items/hair/wh035_가발 W02.webp,403efb21d559539b2392e09661391d885023cb04,146
hair,wh036,UNNAMED,master/assets/items/hair/wh036_UNNAMED.webp,9f2611ffc43e10a121bc1f7b04120c814ca088cf,208
hair,wh037,UNNAMED,master/assets/items/hair/wh037_UNNAMED.webp,1b5135968685099f9531ae216fdde0fbd514141a,158
hair,wh038,UNNAMED,master/assets/items/hair/wh038_UNNAMED.webp,51dbac29f5ea031594782f3a94dd970c5bbb7ba4,146
hair,wh039,UNNAMED,master/assets/items/hair/wh039_UNNAMED.webp,263e6af8dd7c1c38c4e8b90a559b221e748fac32,152
hair,wh040,UNNAMED,master/assets/items/hair/wh040_UNNAMED.webp,0ac13f9fb65920c311932e4998ff3abd2145a6cc,154
hair,wh041,가발 W23,master/assets/items/hair/wh041_가발 W23.webp,033602d5f3abd5ea8c44cd01445323c4d052a82d,144
hair,wh042,UNNAMED,master/assets/items/hair/wh042_UNNAMED.webp,2f2a7d2b92bcdff8f46775abc43a8ed9ad34b3eb,196
hair,wh043,가발 W25,master/assets/items/hair/wh043_가발 W25.webp,3cbdabeffcb41aa555fb70fb314d8a9f0324397b,192
hair,wh044,가발 W28,master/assets/items/hair/wh044_가발 W28.webp,fc57ec68e5c79883adf3bc2feebd28b07824d379,166
hair,wh045,가발 W31,master/assets/items/hair/wh045_가발 W31.webp,c46b0e442fee52f5ea2a8f01d4eb5060182d5173,194
hair,wh046,가발 W33,master/assets/items/hair/wh046_가발 W33.webp,4c4e1b5866c5a9a5dceee7063cf2ba2d8be5d215,152
hair,wh047,UNNAMED,master/assets/items/hair/wh047_UNNAMED.webp,266cb1de3cc8244a5eecff0e50f35867c075b35d,208
hair,wh048,UNNAMED,master/assets/items/hair/wh048_UNNAMED.webp,78d218b84d47ffce6b285aec4f0247382701e94e,168
hair,wh049,UNNAMED,master/assets/items/hair/wh049_UNNAMED.webp,d76d018cf08bda5f64f78fecc5df405c102642d6,162
hair,wh050,UNNAMED,master/assets/items/hair/wh050_UNNAMED.webp,3a4e6934d03b9b07c94b63813fb9957996191473,128
hair,wh051,UNNAMED,master/assets/items/hair/wh051_UNNAMED.webp,b1cd794f424cec852e37906501b2098a4537720f,146
hair,wh052,UNNAMED,master/assets/items/hair/wh052_UNNAMED.webp,d6457d300b62768955b9273e2e82e142dda7d13b,174
hair,wh053,UNNAMED,master/assets/items/hair/wh053_UNNAMED.webp,0d0ce268a94a66e4ec4821809bf3b9039a24061d,140
hair,wh054,UNNAMED,master/assets/items/hair/wh054_UNNAMED.webp,33786341aa52f7518f3b7d1215aa05b9f619195b,192
hair,wh055,UNNAMED,master/assets/items/hair/wh055_UNNAMED.webp,4cbc41c44c6bce35f77c17b49e0126a560d108aa,202
hair,wh056,UNNAMED,master/assets/items/hair/wh056_UNNAMED.webp,a6978ca1d06fe272e0f67f4e6a4700da61314b50,246
hair,wh057,UNNAMED,master/assets/items/hair/wh057_UNNAMED.webp,69e5508c9e22bfb042efb6c9e06bbadaf61b3c83,154
hair,wh058,UNNAMED,master/assets/items/hair/wh058_UNNAMED.webp,a3f3b37343a6e18d15a15997824909cf3bdfdb61,170
hair,wh059,UNNAMED,master/assets/items/hair/wh059_UNNAMED.webp,c2303e4f447775c81fe95686cb5f846895df9eb0,174
hair,wh060,UNNAMED,master/assets/items/hair/wh060_UNNAMED.webp,8f1fa957e7023e6d37f383da27eb205c8f1bcf78,156
hair,wh101,발렌타인헤어핀,master/assets/items/hair/wh101_발렌타인헤어핀.webp,02919b0b4513f4d913a9e32c09fe420d7a20dc57,338
hair,wh102,UNNAMED,master/assets/items/hair/wh102_UNNAMED.webp,6ebb234a04358e2d234aa6e0ffb790508a9e32ee,232
hair,wh104,고양이가면,master/assets/items/hair/wh104_고양이가면.webp,21a6a346688f3c0fcb118cc49339c7011781c24d,160
hair,wh105,UNNAMED,master/assets/items/hair/wh105_UNNAMED.webp,c51a1c8729b69a579b73e6d55778b102d281244d,172
hair,wh106,UNNAMED,master/assets/items/hair/wh106_UNNAMED.webp,f3a0a44b49cb236893466dbe41c7a4c599f1f9c0,178
hair,wh107,UNNAMED,master/assets/items/hair/wh107_UNNAMED.webp,c77dee84dd6fd65fee56e2a3779093a2c80b33a3,800
hair,wh108,보닛,master/assets/items/hair/wh108_보닛.webp,35a82a9d15ff02debaa755dbbe9a6d89b37f3661,160
hair,wh111,라비린스투구,master/assets/items/hair/wh111_라비린스투구.webp,a3c9075e2ef44d1fd88bce7312e0421e54526d97,252
hair,wh112,피닉스투구,master/assets/items/hair/wh112_피닉스투구.webp,6ebdb946f27dce90af41f236f77fa315bd74b895,296
hair,wh113,세인트투구,master/assets/items/hair/wh113_세인트투구.webp,8a61608457cc81dac40af96f1ea87a224939497b,292
hair,wh114,UNNAMED,master/assets/items/hair/wh114_UNNAMED.webp,d6ba64b575405c29ba99d7b51f6e59bf62aca7ec,316
hair,wh115,여성용안경,master/assets/items/hair/wh115_여성용안경.webp,56ab5d10dfe697caad0669bd115db6abf9ebe701,234
hair,wh116,UNNAMED,master/assets/items/hair/wh116_UNNAMED.webp,5700d3fca22e4742cdb7d84be2c2314dcc58323d,170
hair,wh121,UNNAMED,master/assets/items/hair/wh121_UNNAMED.webp,b52e3d925a091888968d37d508edee8ffe597a16,158
hair,wh122,UNNAMED,master/assets/items/hair/wh122_UNNAMED.webp,7b1d95aa3b9b6c55fa8d26de4bc0bb1e25123a4b,176
hair,wh123,UNNAMED,master/assets/items/hair/wh123_UNNAMED.webp,177b1ea17199e3ceb4e6bd25b87e364376cc2fe8,194
hair,wh124,흑비화무투구(여),master/assets/items/hair/wh124_흑비화무투구(여).webp,37fb88b41867cc8cbde37a7e034b457ade8e3cf2,230
hair,wh125,화영건,master/assets/items/hair/wh125_화영건.webp,f1a11dc9a4ac93008243356f23e89329e6733b9d,174
hair,wh126,UNNAMED,master/assets/items/hair/wh126_UNNAMED.webp,d8db5af9d4f94b0b5a695d43dadf5e1594c3211d,162
hair,wh127,UNNAMED,master/assets/items/hair/wh127_UNNAMED.webp,5532c47d0e7582c30e43bc2273a8fe4895e1b69e,160
hair,wh128,헬시프투구,master/assets/items/hair/wh128_헬시프투구.webp,30dec78ae990c1eaab7a4a9eb348f956fd681ecd,228
hair,wh129,UNNAMED,master/assets/items/hair/wh129_UNNAMED.webp,3cacab020039ca15c028fbd762d2306ddadc08f3,144
hair,wh131,매직베일,master/assets/items/hair/wh131_매직베일.webp,6b34205b126095d681f41574958e93f3a39968d2,244
hair,wh132,매직코니칼,master/assets/items/hair/wh132_매직코니칼.webp,0cdc6af981eb9941e63106a0224ac92ffd72ef7f,208
hair,wh133,프라제일,master/assets/items/hair/wh133_프라제일.webp,6169f5ec9e9a4e2ac8f5c633aa12af3f49bb8366,254
hair,wh134,세인트베일,master/assets/items/hair/wh134_세인트베일.webp,78c48d4d8336bc39937bad6c56a711b67f533362,290
hair,wh135,매직밴드,master/assets/items/hair/wh135_매직밴드.webp,c2ad4776f055c6d02978c29b15317bcd76631276,202
hair,wh136,UNNAMED,master/assets/items/hair/wh136_UNNAMED.webp,9026cf1677e861b1399281ed733b579d8b3544f6,216
hair,wh137,위즈페일,master/assets/items/hair/wh137_위즈페일.webp,48fd3bc573e77e414aa9118ba504907a5203e89e,152
hair,wh138,UNNAMED,master/assets/items/hair/wh138_UNNAMED.webp,931a4620a9670b53c4de7336b0fe18f98b390fae,138
hair,wh141,UNNAMED,master/assets/items/hair/wh141_UNNAMED.webp,116806c3c3598dd2b1d128b49969487da8699183,158
hair,wh142,UNNAMED,master/assets/items/hair/wh142_UNNAMED.webp,0f25b04297ee5145aff0addd6bc0541a0a96b213,156
hair,wh143,UNNAMED,master/assets/items/hair/wh143_UNNAMED.webp,e708fbbc9eeb093644a3bb8e3f570ba43dd1ec5b,152
hair,wh144,UNNAMED,master/assets/items/hair/wh144_UNNAMED.webp,6382e1cbce273598ee5313b5f80869f80fe08f0f,150
hair,wh145,UNNAMED,master/assets/items/hair/wh145_UNNAMED.webp,56838591a1f5b63ccdd07a64a7f2478b45fde06c,160
hair,wh146,UNNAMED,master/assets/items/hair/wh146_UNNAMED.webp,03509581c13b82b93da3f510dfc9eda2a0c84289,164
hair,wh147,UNNAMED,master/assets/items/hair/wh147_UNNAMED.webp,0916e743b2c008a4a55f03b68382215f60e91f55,156
hair,wh148,UNNAMED,master/assets/items/hair/wh148_UNNAMED.webp,3e325b1b7162566b5790f245727dac7e69d103d9,154
hair,wh149,고글,master/assets/items/hair/wh149_고글.webp,c745f68d4edcba62d94236d9eaec8bf23dc4a9cc,212
hair,wh151,UNNAMED,master/assets/items/hair/wh151_UNNAMED.webp,b1494029beb9fe37ee8b0583139b5d7bf40a45d9,240
hair,wh152,페티,master/assets/items/hair/wh152_페티.webp,412cbfbe4e2678ca959436e14af81a320999a9fe,216
hair,wh153,라비린스투구수,master/assets/items/hair/wh153_라비린스투구수.webp,8846392bddb01e59ade339ebf45884e3a1d9bc88,238
hair,wh154,라비린스투구토,master/assets/items/hair/wh154_라비린스투구토.webp,cb8615cf900ee1d3cfd559d472652d45e534b4f6,228
hair,wh155,라비린스투구풍,master/assets/items/hair/wh155_라비린스투구풍.webp,4b5d610843357800ce6293ec5aed5e2df710754a,224
hair,wh156,라비린스투구화,master/assets/items/hair/wh156_라비린스투구화.webp,2473fbd26e2f7916c1209f43af0b8ef1132221fa,230
hair,wh157,UNNAMED,master/assets/items/hair/wh157_UNNAMED.webp,efb815e8cfbcad2b8ac88f5eda58ce03cfae2fd9,246
hair,wh158,다크베일,master/assets/items/hair/wh158_다크베일.webp,262d71be2943c886774354da9bd69f29bfe94be6,304
hair,wh159,UNNAMED,master/assets/items/hair/wh159_UNNAMED.webp,948db060dd5147f9753f48115291870a9aebb6b2,340
hair,wh160,에코프리베일,master/assets/items/hair/wh160_에코프리베일.webp,b26e39f5448f9f5ebb72a11e4012ca72934ec8a6,408
hair,wh161,UNNAMED,master/assets/items/hair/wh161_UNNAMED.webp,2829dc74b394efa71fdaab1752ee47caebe49d63,130
hair,wh162,UNNAMED,master/assets/items/hair/wh162_UNNAMED.webp,17f64d878f00171a3318ae881c3766469ea2300f,256
hair,wh163,살렛,master/assets/items/hair/wh163_살렛.webp,4d10262291457d75ebe887c64d0670c6cd1222bf,222
hair,wh164,UNNAMED,master/assets/items/hair/wh164_UNNAMED.webp,975e8f041658fa3b3b98e2b7af2e44c5fba388be,218
hair,wh165,UNNAMED,master/assets/items/hair/wh165_UNNAMED.webp,993fe180b5fbef5698871d156ec507f372df2528,282
hair,wh166,마아트,master/assets/items/hair/wh166_마아트.webp,b70a4ad08ba49ff6ca27fd2760132be2d9aa5e96,330
hair,wh167,UNNAMED,master/assets/items/hair/wh167_UNNAMED.webp,87c0c360eeeb8699dd80750cac85e9b6f1ab61b8,286
hair,wh168,살렛,master/assets/items/hair/wh168_살렛.webp,4ef796c9f9793acd952d3046ff1cc5663cb1ce04,250
hair,wh169,UNNAMED,master/assets/items/hair/wh169_UNNAMED.webp,ef1b9ba399c222030b4f9699744cf03602894561,254
hair,wh170,라멜,master/assets/items/hair/wh170_라멜.webp,988f79ab7c3f7bf7826e0cd9f0f1e32d34dcbbd8,288
hair,wh171,마아트,master/assets/items/hair/wh171_마아트.webp,32cb8110c203b02da6fab09a7a52945a9a2d7314,348
hair,wh172,UNNAMED,master/assets/items/hair/wh172_UNNAMED.webp,82a9dfed5bf6db56ba9b611590bfb19140640d2e,184
hair,wh173,UNNAMED,master/assets/items/hair/wh173_UNNAMED.webp,e88fd938dc4311387a7059d3962613b6c8aab96a,190
hair,wh174,발렌타인헤어핀,master/assets/items/hair/wh174_발렌타인헤어핀.webp,27fbba903e316d7c5685fc98bbee0b1f7dac6958,206
hair,wh175,수오미헤어밴드,master/assets/items/hair/wh175_수오미헤어밴드.webp,67258d23f01b74d7e6780597e8b4eddb43ffd92c,190
hair,wh176,UNNAMED,master/assets/items/hair/wh176_UNNAMED.webp,e9dd34796685bb7a3a62f192d8463caa4672d064,258
hair,wh177,UNNAMED,master/assets/items/hair/wh177_UNNAMED.webp,f249cfa49bfbb7405a2e2d3796fe9c1ef23323ad,318
hair,wh178,마스터투구,master/assets/items/hair/wh178_마스터투구.webp,7465b7d55dbfd2548be738df6c25d67d0bf88fec,218
hair,wh179,UNNAMED,master/assets/items/hair/wh179_UNNAMED.webp,1ed9d4f4f975e8573996197385e3254e1089f207,190
hair,wh180,타고르캐프린,master/assets/items/hair/wh180_타고르캐프린.webp,12b7a9ab8959ad30dedff5671be683aca8a866b4,380
hair,wh181,UNNAMED,master/assets/items/hair/wh181_UNNAMED.webp,5b86b163f2d163de5a65625f5c22fd44debf72af,368
hair,wh182,UNNAMED,master/assets/items/hair/wh182_UNNAMED.webp,d00d0b86fe3b464881501d539665ca825106eaa6,330
hair,wh183,UNNAMED,master/assets/items/hair/wh183_UNNAMED.webp,5e04442a82aaaff68998259dbfeb2c775da35e27,216
hair,wh184,향단이헤어,master/assets/items/hair/wh184_향단이헤어.webp,51309a52bdddf1349c185364d52b1bfc19ece5dd,234
hair,wh185,볼륨펌헤어(여)FX,master/assets/items/hair/wh185_볼륨펌헤어(여)FX.webp,dcd64a6c49ad501e5b8b52bb6a2ba6f57455430d,200
hair,wh186,UNNAMED,master/assets/items/hair/wh186_UNNAMED.webp,3befdc2c43470e779fc83b7ffd0916cf0dd8ce89,228
hair,wh187,UNNAMED,master/assets/items/hair/wh187_UNNAMED.webp,b852c38b0ca9a06cfaf430f685c089f1fa557dd5,220
hair,wh188,샤이닝헤어-그린(여),master/assets/items/hair/wh188_샤이닝헤어-그린(여).webp,d7122f77a398274dad6752aeb06a67c90758c30a,218
hair,wh189,UNNAMED,master/assets/items/hair/wh189_UNNAMED.webp,4a0e66fe2c38e5a6f267ebe9213aad62e88929e3,220
hair,wh190,UNNAMED,master/assets/items/hair/wh190_UNNAMED.webp,253fd5248157d93568ab77f94c7cad0b20604a40,220
hair,wh205,UNNAMED,master/assets/items/hair/wh205_UNNAMED.webp,035b4dba8269b41c5e20b11e58d350ecef11dca1,138
hair,wh207,UNNAMED,master/assets/items/hair/wh207_UNNAMED.webp,2512fd24f720765d3b549143f927fb9c8469d293,154
hair,wh209,큐이레스,master/assets/items/hair/wh209_큐이레스.webp,75aa179bedb33026dfdfadb9866bca001cccb340,192
hair,wh211,UNNAMED,master/assets/items/hair/wh211_UNNAMED.webp,134b1678645d035f1d47f5576b99cb556e1262a7,156
hair,wh213,UNNAMED,master/assets/items/hair/wh213_UNNAMED.webp,db6e4ac10223737b0a9db77e8476e0147671d815,210
hair,wh215,여화가모,master/assets/items/hair/wh215_여화가모.webp,5bfd28b822e9fc2e7c645a100f6447a4f4ca316d,224
hair,wh219,UNNAMED,master/assets/items/hair/wh219_UNNAMED.webp,05aedbf2e0e1669c742808748fd77977d201dab6,208
hair,wh220,UNNAMED,master/assets/items/hair/wh220_UNNAMED.webp,a6cfff02e8ab39cbe91752af2abc0de374688ea1,168
hair,wh221,UNNAMED,master/assets/items/hair/wh221_UNNAMED.webp,f45cf7e106ed5e02d6b6fe5228a3ff60d949ec36,192
hair,wh223,UNNAMED,master/assets/items/hair/wh223_UNNAMED.webp,7c5f67550d9eda4d98b880e64f7e597168fd8ed5,196
hair,wh224,UNNAMED,master/assets/items/hair/wh224_UNNAMED.webp,380d09737b59f9aeca8fbe11f9fbe453281cf675,384
hair,wh225,운디네캐프린,master/assets/items/hair/wh225_운디네캐프린.webp,a95174da10041003330114cef6e454915318a85c,380
hair,wh226,홀리루딘캐프린,master/assets/items/hair/wh226_홀리루딘캐프린.webp,f1e41f3be533331816358d6ff04b70f0b1b785cb,380
hair,wh227,킨셰어의모자,master/assets/items/hair/wh227_킨셰어의모자.webp,c53731d515f7960611c0d3a31aa5ee5e134176d5,284
hair,wh228,UNNAMED,master/assets/items/hair/wh228_UNNAMED.webp,aa368ab1c922ce2ba63a4649dc4f84766c3edca9,206
hair,wh229,UNNAMED,master/assets/items/hair/wh229_UNNAMED.webp,15f0426b41f33b31b31357355467dcb3c6f2c5ba,214
hair,wh230,UNNAMED,master/assets/items/hair/wh230_UNNAMED.webp,0c8627c0e6f586d85b4fde47f6a1a0dcaa93afe8,216
hair,wh231,UNNAMED,master/assets/items/hair/wh231_UNNAMED.webp,61be336dc66f7d646a3432e61cd5e89ee456041d,210
hair,wh232,UNNAMED,master/assets/items/hair/wh232_UNNAMED.webp,10278558de8ec13006bf84784b5711432f78caf4,230
hair,wh233,오렌세인트투구,master/assets/items/hair/wh233_오렌세인트투구.webp,5a7dd8557dd950431ddfc9bd9b5fac6f7f3495af,286
hair,wh234,UNNAMED,master/assets/items/hair/wh234_UNNAMED.webp,9cee5bafe166e4b3f1fe484c309ad7f1654fd603,354
hair,wh235,맨티스모자,master/assets/items/hair/wh235_맨티스모자.webp,bda398dafc3085dd09766de207d808b020091492,404
hair,wh236,UNNAMED,master/assets/items/hair/wh236_UNNAMED.webp,c0775c3e6590f43444103a8bc6d88bf5adafd850,238
hair,wh237,UNNAMED,master/assets/items/hair/wh237_UNNAMED.webp,7b32cf64c412e3c8180c682a7d47702a1ae9f8d2,410
hair,wh238,UNNAMED,master/assets/items/hair/wh238_UNNAMED.webp,6ec2cb410fdff5092cb1763a45ce581dde1dabc4,278
hair,wh239,엔도르킹의머리,master/assets/items/hair/wh239_엔도르킹의머리.webp,f819b68c34e5625a9b51afcaadd5523706006d67,386
hair,wh240,UNNAMED,master/assets/items/hair/wh240_UNNAMED.webp,bc7a1d29c173765cf73daa93b1ca291914f82a5b,282
hair,wh241,UNNAMED,master/assets/items/hair/wh241_UNNAMED.webp,2da0521cfae597bff25c96f036b51fc5f9e93306,316
hair,wh242,UNNAMED,master/assets/items/hair/wh242_UNNAMED.webp,379a594f764c609b2cb621a5f5472965c0175db5,532
hair,wh243,UNNAMED,master/assets/items/hair/wh243_UNNAMED.webp,c6d88441d86f5f57145e4b2a7681ed2e87c9872b,238
hair,wh244,UNNAMED,master/assets/items/hair/wh244_UNNAMED.webp,7c2917e0a26fda13982928eb3c1760a511531436,292
hair,wh245,UNNAMED,master/assets/items/hair/wh245_UNNAMED.webp,7998a8da189bbabb504411b8d7ded3a9b0db57be,270
hair,wh246,UNNAMED,master/assets/items/hair/wh246_UNNAMED.webp,b5073981b25bedfe701551e07e9930cb46dc9a13,244
hair,wh247,UNNAMED,master/assets/items/hair/wh247_UNNAMED.webp,ea0185475822bfe3e56eacd4c0723e3241decbce,322
hair,wh248,UNNAMED,master/assets/items/hair/wh248_UNNAMED.webp,376aa1538fdd21e234117493540c5ab99d078a31,252
hair,wh249,UNNAMED,master/assets/items/hair/wh249_UNNAMED.webp,d0b4ce2b75b5df793ecfef9666f3c247a50b4f06,328
hair,wh250,UNNAMED,master/assets/items/hair/wh250_UNNAMED.webp,5938bac00325b00ed3a9575d90e36402ae86be3b,330
hair,wh251,UNNAMED,master/assets/items/hair/wh251_UNNAMED.webp,5a276f023a99e0698898738edfad611a5b4550ab,260
hair,wh252,UNNAMED,master/assets/items/hair/wh252_UNNAMED.webp,0e6364709966a06c473a086bef4a3ea353d4a68f,262
hair,wh253,UNNAMED,master/assets/items/hair/wh253_UNNAMED.webp,f32fe73ba126955f03feaf3bba9c7a755b22b024,230
hair,wh254,가발 W34,master/assets/items/hair/wh254_가발 W34.webp,e496b832ca433fe49ea2440ac3c94add81a2c746,200
hair,wh255,UNNAMED,master/assets/items/hair/wh255_UNNAMED.webp,abedd645f9cda78eda1624c3873eb40f25974e7a,264
hair,wh256,엘리스리본,master/assets/items/hair/wh256_엘리스리본.webp,78f1c660941914ae6df43e7284d37842be4f81ec,238
hair,wh258,마인캐프린,master/assets/items/hair/wh258_마인캐프린.webp,c0c18a0b0d67532b5b32313100d2c0fcead86f53,166
hair,wh259,UNNAMED,master/assets/items/hair/wh259_UNNAMED.webp,46cd15105e12aaa5f21995fe73e1971bc298f737,454
hair,wh260,UNNAMED,master/assets/items/hair/wh260_UNNAMED.webp,8da711e6b9a69f8bdc4652be66f8a810fb1093f5,304
hair,wh261,UNNAMED,master/assets/items/hair/wh261_UNNAMED.webp,26ebd8adfb5d355fdb912a3c6422c358e6042388,224
hair,wh262,UNNAMED,master/assets/items/hair/wh262_UNNAMED.webp,48f4336a9f94a8debd03f928fb6d93763a5c3782,288
hair,wh263,가발 W37,master/assets/items/hair/wh263_가발 W37.webp,7765306df3489f70bec07e8de3f8af43a88a34be,164
hair,wh264,UNNAMED,master/assets/items/hair/wh264_UNNAMED.webp,7cf7c65acaba3d971dee62f834e89b0a07d866f2,142
hair,wh265,UNNAMED,master/assets/items/hair/wh265_UNNAMED.webp,aec8108afd65abd4645eb4aa950a8d6ed6087bef,198
hair,wh266,UNNAMED,master/assets/items/hair/wh266_UNNAMED.webp,17381106e5c83c7b5a6d6f90398daf9472d7b92c,218
hair,wh277,UNNAMED,master/assets/items/hair/wh277_UNNAMED.webp,a30210b0f8acb034e04440e83d2872f5596e0e14,282
hair,wh282,UNNAMED,master/assets/items/hair/wh282_UNNAMED.webp,b642c1883c9b6c14aa9b58731b303fae0a7fb123,280
hair,wh288,얌전레이어컷(여)FX,master/assets/items/hair/wh288_얌전레이어컷(여)FX.webp,6637a1241cfafb1fa9b0345214e5042b5a14d184,228
hair,wh289,UNNAMED,master/assets/items/hair/wh289_UNNAMED.webp,33a0ff1601751e546a0985050b67e0749fd574b6,246
hair,wh290,UNNAMED,master/assets/items/hair/wh290_UNNAMED.webp,5d2e13536652c0a228fda056fb4b834b80d50f37,270
hair,wh291,일루전리본헤어FX,master/assets/items/hair/wh291_일루전리본헤어FX.webp,b976836a5dcb5ae81ed106b6fe46764eacff7396,290
hair,wh292,UNNAMED,master/assets/items/hair/wh292_UNNAMED.webp,31958ffd1e2b6b65ecb62905b6fa2fd6d1428679,188
hair,wh293,UNNAMED,master/assets/items/hair/wh293_UNNAMED.webp,038a0c11ba980af69e21b041895ec0db1b76c5dc,236
hair,wh294,UNNAMED,master/assets/items/hair/wh294_UNNAMED.webp,2d8dbf14fa46fd56a4c3f65fd438031c63e8358d,308
hair,wh295,고래쇼광대모자,master/assets/items/hair/wh295_고래쇼광대모자.webp,dd2a7127da6d8911c2ac02b5b4d30b02c8923eb0,378
hair,wh296,UNNAMED,master/assets/items/hair/wh296_UNNAMED.webp,7c41caf859f40cd75a389fdb512b58064fea279b,184
hair,wh297,적비류선후(여),master/assets/items/hair/wh297_적비류선후(여).webp,6202c055588c1bab445aa0ff48124119a2ea884f,286
hair,wh298,UNNAMED,master/assets/items/hair/wh298_UNNAMED.webp,d48414537cc58508c75e0d4ba819d08ea7502314,356
hair,wh299,UNNAMED,master/assets/items/hair/wh299_UNNAMED.webp,4ebc0927d5807e5f85f4bf3e36c29280ac2e3689,290
hair,wh300,UNNAMED,master/assets/items/hair/wh300_UNNAMED.webp,e8be8065dddb83c015292b6e86f64b1e335109b4,252
hair,wh306,UNNAMED,master/assets/items/hair/wh306_UNNAMED.webp,15104bc1e72ed2b4610aaabd1de542cd6f557003,318
hair,wh307,명화아얌,master/assets/items/hair/wh307_명화아얌.webp,e62c9b78ff237a4ace5e7cfca5cc47878b603505,296
hair,wh308,명화아얌,master/assets/items/hair/wh308_명화아얌.webp,bcd0732ffd2ba5295b151cc47b04dc86de2cdd40,312
hair,wh309,명화아얌,master/assets/items/hair/wh309_명화아얌.webp,e687817b6a57bfd74cb8521e5d982e4b089d566e,300
hair,wh310,명화아얌,master/assets/items/hair/wh310_명화아얌.webp,16235ccc8aae57719c6055d4eeaee40f9b16c416,338
hair,wh311,UNNAMED,master/assets/items/hair/wh311_UNNAMED.webp,dda5b945688cd34785921bd1c34fa4a4909d8f9c,238
hair,wh312,명화아얌,master/assets/items/hair/wh312_명화아얌.webp,de192981657d9fd209d189fb2fe14ad5f73f6d41,322
hair,wh313,UNNAMED,master/assets/items/hair/wh313_UNNAMED.webp,7b5ec60c5fd5903c908500dc2a46159f3af71091,170
hair,wh314,UNNAMED,master/assets/items/hair/wh314_UNNAMED.webp,db3da77f90464379e7428ac8de0be0f5f0709769,228
hair,wh320,UNNAMED,master/assets/items/hair/wh320_UNNAMED.webp,8f9275cebbdc3ff8364ac58469110ce382d71840,178
hair,wh322,UNNAMED,master/assets/items/hair/wh322_UNNAMED.webp,ee8b4b8d365928ce33afc9073bd32a9112b11abc,224
hair,wh323,프린세스깃털보닛,master/assets/items/hair/wh323_프린세스깃털보닛.webp,4be85b49b6d27822ccbe8dc5b255fe786d3a9e71,428
hair,wh324,UNNAMED,master/assets/items/hair/wh324_UNNAMED.webp,58c85c71ae238938292237e7062d186e69fe8265,204
hair,wh328,UNNAMED,master/assets/items/hair/wh328_UNNAMED.webp,ef5f3584d8e4e6f5a2ddf5cf2ecabac0fe079ed1,256
hair,wh329,올백가발(여)FX,master/assets/items/hair/wh329_올백가발(여)FX.webp,c91514741459e8e797a3b047659b69af131b29bd,308
hair,wh330,UNNAMED,master/assets/items/hair/wh330_UNNAMED.webp,011f661eaad7735c41d564e01fbcca9cafd311d0,272
hair,wh331,UNNAMED,master/assets/items/hair/wh331_UNNAMED.webp,4fd5f0ac0d9d2c1bca42fa3acdb8d85ae16a24a3,354
hair,wh334,UNNAMED,master/assets/items/hair/wh334_UNNAMED.webp,ce11965284ce4085d7e016edb3d4e580b642ccd6,296
hair,wh335,UNNAMED,master/assets/items/hair/wh335_UNNAMED.webp,4490e541127736f9eba1f8c3b4b880980b92b875,278
hair,wh336,UNNAMED,master/assets/items/hair/wh336_UNNAMED.webp,e2628e4e19e588feb3418b8e66ff7b3580283908,240
hair,wh337,UNNAMED,master/assets/items/hair/wh337_UNNAMED.webp,de49c2d82957313ee4afd0fb52097ccec4413e8d,242
hair,wh338,UNNAMED,master/assets/items/hair/wh338_UNNAMED.webp,77382358957b8d2fcc545372111e894f4eaa091c,270
hair,wh339,UNNAMED,master/assets/items/hair/wh339_UNNAMED.webp,18488ad04483f44f80b5535892c46a651a25aec5,332
hair,wh340,UNNAMED,master/assets/items/hair/wh340_UNNAMED.webp,f91f2ce0650d68799df8694475e712fd1663748f,434
hair,wh341,해적여선장모자,master/assets/items/hair/wh341_해적여선장모자.webp,60571af8413a7e81249faa5f5e95041d1bd885d2,524
hair,wh342,UNNAMED,master/assets/items/hair/wh342_UNNAMED.webp,056e31191c320e01d994d23ef363aefbac5bb439,222
hair,wh343,UNNAMED,master/assets/items/hair/wh343_UNNAMED.webp,41bd51af1f3248b379667246d47a4f1f805dfddc,168
hair,wh345,UNNAMED,master/assets/items/hair/wh345_UNNAMED.webp,d2168fa043e56b32b986cc497802291cfa2858e5,240
hair,wh346,UNNAMED,master/assets/items/hair/wh346_UNNAMED.webp,45b9e5b3a3b799b97ded10311e451703159029fc,260
hair,wh347,UNNAMED,master/assets/items/hair/wh347_UNNAMED.webp,9d5f04745f28cd3c51c5307e24e84856e052ed18,190
hair,wh348,UNNAMED,master/assets/items/hair/wh348_UNNAMED.webp,8c35ad7646a4e4e278c94bd23ef19f88e117323d,414
hair,wh349,UNNAMED,master/assets/items/hair/wh349_UNNAMED.webp,36c95bf5ef3deec6ab2a6d2f2c87754ecfbe9ad2,174
hair,wh351,적비화무투구(여),master/assets/items/hair/wh351_적비화무투구(여).webp,7e605515a354e241129f4705bc2e0ece8c0ad9ad,272
hair,wh352,명화아얌,master/assets/items/hair/wh352_명화아얌.webp,945d2c7cf54e3c943d44775de42186f445931ade,308
hair,wh353,명화아얌,master/assets/items/hair/wh353_명화아얌.webp,1661f98c0723aa2380cf32a15e0fb10ce5aab3fc,306
hair,wh354,명화아얌,master/assets/items/hair/wh354_명화아얌.webp,a4e80b1362470de69e85e210c068e5bb68c69c95,302
hair,wh355,명화아얌,master/assets/items/hair/wh355_명화아얌.webp,0e14991a42d76e0e5bc88d5e005c72e400ce7e2f,318
hair,wh356,큐이레스,master/assets/items/hair/wh356_큐이레스.webp,d83381fe3e7b91224dbb556d7fa408e898635231,380
hair,wh357,UNNAMED,master/assets/items/hair/wh357_UNNAMED.webp,201224989280a3efe07f4097527d89cd86b364aa,334
hair,wh358,반묶음헤어(여),master/assets/items/hair/wh358_반묶음헤어(여).webp,085b8bf255ee0e070b0861b15928907b12719b28,290
hair,wh359,UNNAMED,master/assets/items/hair/wh359_UNNAMED.webp,c06a09701b8ed94915bf30f11613cbc091597a87,238
hair,wh360,UNNAMED,master/assets/items/hair/wh360_UNNAMED.webp,861907b36a3aaef0d69e0a536f982b2ebc553fd3,222
hair,wh361,UNNAMED,master/assets/items/hair/wh361_UNNAMED.webp,cd304d009a09201fa35f967c67e3cc1c5d48b59a,212
hair,wh362,UNNAMED,master/assets/items/hair/wh362_UNNAMED.webp,532e35394570ab27756db8b99c8c2b11edfeb6cf,220
hair,wh363,UNNAMED,master/assets/items/hair/wh363_UNNAMED.webp,2f2c7f5495247951a616d704dc7af1351005107b,228
hair,wh364,아벨캐프린,master/assets/items/hair/wh364_아벨캐프린.webp,b2b59a663506638de56cc3058efbb5b25571d08c,220
hair,wh365,UNNAMED,master/assets/items/hair/wh365_UNNAMED.webp,df7ef5f12b2209d1aa48bbd406d6cc72c1f928e3,304
hair,wh366,UNNAMED,master/assets/items/hair/wh366_UNNAMED.webp,7cecaa981383375670cbc797e9d94dcc1d1bc07f,292
hair,wh367,UNNAMED,master/assets/items/hair/wh367_UNNAMED.webp,0d6dcf16d104f87e296152b4def8c191c891c134,310
hair,wh368,UNNAMED,master/assets/items/hair/wh368_UNNAMED.webp,8262ad55c0f521b8e650b0344d924177b0c4d390,314
hair,wh369,UNNAMED,master/assets/items/hair/wh369_UNNAMED.webp,d39dc5cd5c71c7c54d8a9e3d0c3e36ba9fe844b7,298
hair,wh370,UNNAMED,master/assets/items/hair/wh370_UNNAMED.webp,cfbd42a280839b394bf5aabaef05123299800b44,296
hair,wh371,UNNAMED,master/assets/items/hair/wh371_UNNAMED.webp,64b4be737763159e4a90da9dcc56b9172d00814d,298
hair,wh372,UNNAMED,master/assets/items/hair/wh372_UNNAMED.webp,450a5cacdec8aea31b5110b03a9e5541daabaeab,300
hair,wh373,발렌타인헤어핀,master/assets/items/hair/wh373_발렌타인헤어핀.webp,e7837433524d96dd667d654f4a5cd26b17be4f9f,308
hair,wh374,UNNAMED,master/assets/items/hair/wh374_UNNAMED.webp,bdb30ad99a81b85056e9b2b95a4517cdded7eb48,292
hair,wh375,종이봉투,master/assets/items/hair/wh375_종이봉투.webp,3c649d9076986a29c65a65a7d6260f1fe0653011,216
hair,wh376,전통전모FX,master/assets/items/hair/wh376_전통전모FX.webp,97809c5e603052a9cc3a0005f78021c0b8c21e86,524
hair,wh378,여자돼지마스크,master/assets/items/hair/wh378_여자돼지마스크.webp,bc7794bbf0c9907d398d7634912ee87234e70c59,464
hair,wh379,플라워윅(여)FX,master/assets/items/hair/wh379_플라워윅(여)FX.webp,21a735fd8fca2bcd68a8b60297fbbd3224fe60dc,274
hair,wh380,UNNAMED,master/assets/items/hair/wh380_UNNAMED.webp,e623e16f4de7138773c8a8ee89f1bff6b449a277,392
hair,wh381,명화아얌,master/assets/items/hair/wh381_명화아얌.webp,0491a23c5f16cca3135dad512f149a3339e4fd66,224
hair,wh382,적태극현(여),master/assets/items/hair/wh382_적태극현(여).webp,1b9b30ccd81d62deaf20802927dc84463d1ce69f,266
hair,wh383,UNNAMED,master/assets/items/hair/wh383_UNNAMED.webp,2441a484531c68a4a643d03638cadffd39ba4019,186
hair,wh384,트로피칼헤어(여)FX,master/assets/items/hair/wh384_트로피칼헤어(여)FX.webp,84d1f3c0ab0a1ee5d33bb4c6377dd24b48d2d01e,258
hair,wh385,UNNAMED,master/assets/items/hair/wh385_UNNAMED.webp,ba7ed61a5b7d2133073fca2aedea5bfd122fb813,350
hair,wh386,UNNAMED,master/assets/items/hair/wh386_UNNAMED.webp,e8ed0d6f81b95b8165fe1717f6683ba88d90e7ab,232
hair,wh387,UNNAMED,master/assets/items/hair/wh387_UNNAMED.webp,d181260a6f622459f4667680c7ab5bf043636615,394
hair,wh388,면사포,master/assets/items/hair/wh388_면사포.webp,fe5cec3df9ae5f0687fde17dda9ec0510924ba2e,190
hair,wh389,UNNAMED,master/assets/items/hair/wh389_UNNAMED.webp,930dba9a784d9901d0362fe8b5ee2790a3aa2374,294
hair,wh390,UNNAMED,master/assets/items/hair/wh390_UNNAMED.webp,88b2ef721581816edc5fc641306cd57790b95608,274
hair,wh391,석고마스크,master/assets/items/hair/wh391_석고마스크.webp,502d0ec2b6614b9b053c72b90968eb22093e3c21,378
hair,wh392,UNNAMED,master/assets/items/hair/wh392_UNNAMED.webp,3d8672ad17c712ec6ea71899a785c1116f14cc06,170
hair,wh393,UNNAMED,master/assets/items/hair/wh393_UNNAMED.webp,707f1865eb0863172f0228374ce77f8ea0d8635f,420
hair,wh394,UNNAMED,master/assets/items/hair/wh394_UNNAMED.webp,f82bb0095abb1be8e8ed483161751a79c761b204,268
hair,wh395,UNNAMED,master/assets/items/hair/wh395_UNNAMED.webp,1fd81932caa3a4482548c33a05f6219701d1ab87,270
hair,wh396,블루샤크헤드(여),master/assets/items/hair/wh396_블루샤크헤드(여).webp,52ffe7c57503c826d28c7c5e4efbfef1defa6f71,494
hair,wh397,UNNAMED,master/assets/items/hair/wh397_UNNAMED.webp,605ac6e7481074a218957076b1acdd432f36ce04,250
hair,wh398,UNNAMED,master/assets/items/hair/wh398_UNNAMED.webp,86650776ad9760543e4b3965e55941b788b7d265,200
hair,wh399,UNNAMED,master/assets/items/hair/wh399_UNNAMED.webp,1b0b2a9697ab9752556f0c465cd445bde6031644,246
hair,wh400,UNNAMED,master/assets/items/hair/wh400_UNNAMED.webp,fce17163979df132c967e6ff4512097029ed0750,278
hair,wh401,해적모자,master/assets/items/hair/wh401_해적모자.webp,20b1c1b3030a2c47a9c8729a4754b8f201b00718,372
hair,wh402,UNNAMED,master/assets/items/hair/wh402_UNNAMED.webp,fdfc45ebff2bb3dc3f993f142242816e89227474,298
hair,wh403,UNNAMED,master/assets/items/hair/wh403_UNNAMED.webp,ea9f97e79445b8cd3e8a61e7488ede9eda79e889,370
hair,wh404,UNNAMED,master/assets/items/hair/wh404_UNNAMED.webp,6bc1cd2afa61e1f1c406559c90619efa88fb3dac,396
hair,wh405,UNNAMED,master/assets/items/hair/wh405_UNNAMED.webp,fa729a3de6ad7a2dd4682e3ef316e4b6c2dce955,374
hair,wh406,UNNAMED,master/assets/items/hair/wh406_UNNAMED.webp,453a69516a7506be91778924ef24cff5bf358f1d,236
hair,wh407,UNNAMED,master/assets/items/hair/wh407_UNNAMED.webp,23d10ef8d079c2f3302fd949679ba845d97d21b8,250
hair,wh408,호엔캐프린,master/assets/items/hair/wh408_호엔캐프린.webp,bf07e2e6b759a9d6f84d2c5db348f3cefa69ca6d,238
hair,wh409,음유시인의리본,master/assets/items/hair/wh409_음유시인의리본.webp,a0781e468a0301f459925b424b43468de0add3f0,240
hair,wh410,UNNAMED,master/assets/items/hair/wh410_UNNAMED.webp,e4dadf1d84267f363d193952fa2157ea0c16fe24,226
hair,wh411,롱트위스트펌FX,master/assets/items/hair/wh411_롱트위스트펌FX.webp,0455f69f7ab69cda8fe1d4d6782637bebe7f6ebc,242
hair,wh412,UNNAMED,master/assets/items/hair/wh412_UNNAMED.webp,30a0f02bc4a3abd2b65ae29eaf483ab7934d7747,166
hair,wh413,UNNAMED,master/assets/items/hair/wh413_UNNAMED.webp,9f8b56f75f50ab6e5502c08709966ca94f17e4d5,288
hair,wh414,월영관,master/assets/items/hair/wh414_월영관.webp,95fdb1854e829333580e9a2d3e5fc738ea34447b,222
hair,wh415,UNNAMED,master/assets/items/hair/wh415_UNNAMED.webp,81aabd5390cc1c7f7d3f4326cddf781892e9f364,232
hair,wh416,UNNAMED,master/assets/items/hair/wh416_UNNAMED.webp,ed47bc35a3b9a05bdff5ffd5563fd0c7b31fa8d4,212
hair,wh417,UNNAMED,master/assets/items/hair/wh417_UNNAMED.webp,67eb7df32d9c971c2d427df381afd357d11eda22,428
hair,wh418,UNNAMED,master/assets/items/hair/wh418_UNNAMED.webp,44696cab6dc44abe7c46c657d6d2c09877c6847d,266
hair,wh419,적비현진건(여),master/assets/items/hair/wh419_적비현진건(여).webp,f283b21a024f144a7ec0141d887298b878414ad7,326
hair,wh420,흑태극현(여),master/assets/items/hair/wh420_흑태극현(여).webp,c191c34759de667619be333d40b0c80213ad34bf,356
hair,wh421,보드모자FX,master/assets/items/hair/wh421_보드모자FX.webp,6de674698b72e9404b97fb534d7c6db2c2321a5f,274
hair,wh422,UNNAMED,master/assets/items/hair/wh422_UNNAMED.webp,84dc25038fb9d0f96e1c6a4aec916b13c66f8f24,298
hair,wh423,트레이닝걸캡,master/assets/items/hair/wh423_트레이닝걸캡.webp,6ace79a1d0792756935511253bba500003dddd09,244
hair,wh424,UNNAMED,master/assets/items/hair/wh424_UNNAMED.webp,dda3962d2495b81a69aa9869f956cef473181542,532
hair,wh425,[꼬꼬알]쥐순이모자,master/assets/items/hair/wh425_[꼬꼬알]쥐순이모자.webp,b9a9a95e5788bd5cb2578e7f555ae1c88ff23478,324
hair,wh426,UNNAMED,master/assets/items/hair/wh426_UNNAMED.webp,8f5b1066fc1f2ba9e49a4e833137e1558bac71fc,250
hair,wh427,궁중어여머리FX,master/assets/items/hair/wh427_궁중어여머리FX.webp,10e7d0ed237f054f71278c4966203ddc535d3006,408
hair,wh428,UNNAMED,master/assets/items/hair/wh428_UNNAMED.webp,31cd5fae134517c034457e0ff7b940ae58462856,236
hair,wh429,UNNAMED,master/assets/items/hair/wh429_UNNAMED.webp,f5ae526fc74d92aef1e16bc403c18696b0339c93,202
hair,wh430,장난감병정모자(여)FX,master/assets/items/hair/wh430_장난감병정모자(여)FX.webp,02a7b363f975b6402d181375a8c2c8721888014b,290
hair,wh431,UNNAMED,master/assets/items/hair/wh431_UNNAMED.webp,c9bcdd59508100cdfe73809ccdfe556c2924eaf1,380
hair,wh432,손오공헤어(여),master/assets/items/hair/wh432_손오공헤어(여).webp,1d25c22555ed8ea70c03432173b950133c9d01f4,238
hair,wh433,UNNAMED,master/assets/items/hair/wh433_UNNAMED.webp,51d705013bc5ae2403b15e911c723b28ba2a5a4d,190
hair,wh434,UNNAMED,master/assets/items/hair/wh434_UNNAMED.webp,c2762e69fbd6361a75e2676b667b918e4226e725,198
hair,wh435,UNNAMED,master/assets/items/hair/wh435_UNNAMED.webp,e1310de180a80c2af51835d6f48157bff1849873,206
hair,wh436,UNNAMED,master/assets/items/hair/wh436_UNNAMED.webp,e92c8a9dd6aec4e4e063f1b8646845c015c98560,270
hair,wh437,가발 W29,master/assets/items/hair/wh437_가발 W29.webp,451238a6054170418de557f4851ad6197a936fb1,198
hair,wh438,UNNAMED,master/assets/items/hair/wh438_UNNAMED.webp,45945df8455b95a1c9c060d0bcd8c765b1dfcc2b,226
hair,wh439,UNNAMED,master/assets/items/hair/wh439_UNNAMED.webp,54548b0e80b72eca8be5c616617fc4fe4dd5bca2,416
hair,wh440,UNNAMED,master/assets/items/hair/wh440_UNNAMED.webp,ae20bdc0ecf51a657d0cf34b700789b4080250bd,338
hair,wh441,UNNAMED,master/assets/items/hair/wh441_UNNAMED.webp,fe39bea421f197e178b4229fcf875d5624d14085,244
hair,wh442,UNNAMED,master/assets/items/hair/wh442_UNNAMED.webp,93993108cf98eb7dfece0be01131b8a12224c4d9,336
hair,wh443,UNNAMED,master/assets/items/hair/wh443_UNNAMED.webp,02800ce2b58fe2668b7cb0fb8b3d18a260d9ac84,316
hair,wh444,UNNAMED,master/assets/items/hair/wh444_UNNAMED.webp,cf0324c635a0b095655b998829db693679d38bec,354
hair,wh445,UNNAMED,master/assets/items/hair/wh445_UNNAMED.webp,e5008d42f6d1c4ee0fc1ab7c41109feb8aa02f56,358
hair,wh446,UNNAMED,master/assets/items/hair/wh446_UNNAMED.webp,1da034a5e5e300c7c042de036475139907b6923d,346
hair,wh447,UNNAMED,master/assets/items/hair/wh447_UNNAMED.webp,406691e08c9a6aa6f8a384d62681f88196c876ba,342
hair,wh448,UNNAMED,master/assets/items/hair/wh448_UNNAMED.webp,2ba8cd11218a8d759a94ae4fe5409872b4f19e24,168
hair,wh449,[돌아온]봄바람신부헤어,master/assets/items/hair/wh449_[돌아온]봄바람신부헤어.webp,c82f7cc37b883c9faee368f3c873cf152451c81c,288
hair,wh450,UNNAMED,master/assets/items/hair/wh450_UNNAMED.webp,9915ab683b427ba64ca4eb4700b2f545d4d74d63,346
hair,wh451,UNNAMED,master/assets/items/hair/wh451_UNNAMED.webp,d80b7b70cdd227c233fee7172a5a778a6c6732d7,320
hair,wh452,UNNAMED,master/assets/items/hair/wh452_UNNAMED.webp,41e5bcf2bb9179d9c9f45d8429a87c4af60a180a,366
hair,wh453,UNNAMED,master/assets/items/hair/wh453_UNNAMED.webp,f6999bfa4b1a0a1671de3355a8d78b88dfff903c,380
hair,wh454,UNNAMED,master/assets/items/hair/wh454_UNNAMED.webp,5742105eacb9344e4f6197c42ac826dfce69d8d7,308
hair,wh455,무당모자(여),master/assets/items/hair/wh455_무당모자(여).webp,ff7800a4672ecf41063dba877a695eb4a2790f49,520
hair,wh456,UNNAMED,master/assets/items/hair/wh456_UNNAMED.webp,ca6ccebb28f75e6e46a2830d8744a78ac1b0edaa,430
hair,wh457,튜브수영모자(여),master/assets/items/hair/wh457_튜브수영모자(여).webp,ddbb658aaf88b52e787eac0f55d87245310fac32,234
hair,wh458,UNNAMED,master/assets/items/hair/wh458_UNNAMED.webp,fa6c8c8e9747e5389429df99f7d5636f012f0975,344
hair,wh459,UNNAMED,master/assets/items/hair/wh459_UNNAMED.webp,54f73b4380d689108793f4c03395e6e49dcbca6c,190
hair,wh460,UNNAMED,master/assets/items/hair/wh460_UNNAMED.webp,5f73876cd47bd753a360fd67dc0960cff4ddb19e,236
hair,wh461,UNNAMED,master/assets/items/hair/wh461_UNNAMED.webp,765561e4a77f810e04c38708b17f0f38f91714bd,260
hair,wh462,UNNAMED,master/assets/items/hair/wh462_UNNAMED.webp,0e41690658de0178b4100993dc7bcc7decd62f95,314
hair,wh463,UNNAMED,master/assets/items/hair/wh463_UNNAMED.webp,4a7cf2c22041a3b2a38560d82578f5514f621ca7,316
hair,wh464,UNNAMED,master/assets/items/hair/wh464_UNNAMED.webp,9f5271283f32fde5547aa84eb7bddf7c3ae91272,416
hair,wh465,카리브해적모자(여),master/assets/items/hair/wh465_카리브해적모자(여).webp,aededc558dc7f1ce9a4d7ac68d8393f8267819ed,276
hair,wh466,UNNAMED,master/assets/items/hair/wh466_UNNAMED.webp,bf8da43a188043f967164f4d7c5f8c7dbbca70c2,762
hair,wh467,UNNAMED,master/assets/items/hair/wh467_UNNAMED.webp,6745835ffeffb6eeb7e2b4c62c35c71d56b5a919,338
hair,wh468,UNNAMED,master/assets/items/hair/wh468_UNNAMED.webp,c587a2577bedea72848bfdd8e36557059a390309,294
hair,wh469,새너클로리보넷,master/assets/items/hair/wh469_새너클로리보넷.webp,69ec62725a298c70011f3acef6c8e0ad46bf3b02,212
hair,wh471,UNNAMED,master/assets/items/hair/wh471_UNNAMED.webp,9540a11c5863afbfa4a1112368ae969b9ea0e463,292
hair,wh472,타바리민속머리(여),master/assets/items/hair/wh472_타바리민속머리(여).webp,ad8d6adc96c0b58261194e6065f8d254740501a6,176
hair,wh473,팬더모자(여)FX,master/assets/items/hair/wh473_팬더모자(여)FX.webp,50f884b1637932c804881226d933f29fa2581176,354
hair,wh474,UNNAMED,master/assets/items/hair/wh474_UNNAMED.webp,a988ef7bdef46e20762ec8ad55f76c5aab57f9a3,318
hair,wh475,UNNAMED,master/assets/items/hair/wh475_UNNAMED.webp,68cfc4cc67bb73a84f474f24e89e06a0426e7834,360
hair,wh476,UNNAMED,master/assets/items/hair/wh476_UNNAMED.webp,e6d8387c45cebd81c09f311ea8c891afc7b1a81b,276
hair,wh477,UNNAMED,master/assets/items/hair/wh477_UNNAMED.webp,2a1985d6409c08f7c78715f2c39a8c8291066d12,278
hair,wh478,UNNAMED,master/assets/items/hair/wh478_UNNAMED.webp,1335ecb384841b6a737f7c038264726e4a88644b,286
hair,wh479,UNNAMED,master/assets/items/hair/wh479_UNNAMED.webp,9454dee1731c6b3f5d77ad5ed75323789af8a65b,434
hair,wh480,UNNAMED,master/assets/items/hair/wh480_UNNAMED.webp,4ba6e224ca837044e2e6fe3d52439304142fbe0a,494
hair,wh481,UNNAMED,master/assets/items/hair/wh481_UNNAMED.webp,ea746180e3678afde8e67f6395aed28e9d3a3c66,478
hair,wh482,UNNAMED,master/assets/items/hair/wh482_UNNAMED.webp,073c1a1dd7f64b6cc948869c3826f263595de2c2,210
hair,wh484,고고학자모자(여),master/assets/items/hair/wh484_고고학자모자(여).webp,0f17200b312a3bf721b85cbaa55a2bd77acb6897,288
hair,wh485,UNNAMED,master/assets/items/hair/wh485_UNNAMED.webp,72c9a9e27c1c11197760e71f5c71d397eb68873f,304
hair,wh486,UNNAMED,master/assets/items/hair/wh486_UNNAMED.webp,60bae20b6d5ce28066cf1812efab3396e6459d9d,416
hair,wh487,UNNAMED,master/assets/items/hair/wh487_UNNAMED.webp,b82b053323aee090b75fdf4602e340be750845da,402
hair,wh488,UNNAMED,master/assets/items/hair/wh488_UNNAMED.webp,76552b26acfc0b30cf46d7eb5cf7897732e95e4a,400
hair,wh489,UNNAMED,master/assets/items/hair/wh489_UNNAMED.webp,ae559131a038969158435cb16f2399e5e5880101,398
hair,wh490,UNNAMED,master/assets/items/hair/wh490_UNNAMED.webp,6be3efb8167fdccdac7a9ad3b075fa7a15af6ac9,394
hair,wh491,백비류선후(여),master/assets/items/hair/wh491_백비류선후(여).webp,b5f7f77c4ecd065eec251da93c1f0ea628c65e63,288
hair,wh492,백비화무투구(여),master/assets/items/hair/wh492_백비화무투구(여).webp,2a3330b197f8acf0ad534c8c81742cb8e3ee752b,360
hair,wh493,백태극현(여),master/assets/items/hair/wh493_백태극현(여).webp,45cc3ce718753a6dfbe4d567a1c4a508ae47db53,258
hair,wh494,UNNAMED,master/assets/items/hair/wh494_UNNAMED.webp,c201e3b8fb30cce2dc7c4815e9147a59171bf344,320
hair,wh495,백비화후관(여),master/assets/items/hair/wh495_백비화후관(여).webp,80af43406acbe9fdd2157af9808dd44bd4182e1f,316
hair,wh496,노란우비모자(여),master/assets/items/hair/wh496_노란우비모자(여).webp,1fc88afef041bec7467486f509d4bca9bc6437ff,228
hair,wh497,로즈데이헤어(여)FX,master/assets/items/hair/wh497_로즈데이헤어(여)FX.webp,63d53bbaa6cbe1e3ee98417b61d5d003af0853d0,208
hair,wh498,블루마린모자(여),master/assets/items/hair/wh498_블루마린모자(여).webp,1492c3c5a65a06cd8ce79dafec66b224915313c5,372
hair,wh499,UNNAMED,master/assets/items/hair/wh499_UNNAMED.webp,f0468976f0c5303aa34e3a2223d94a6bbcc7083a,322
hair,wh500,UNNAMED,master/assets/items/hair/wh500_UNNAMED.webp,5fdd216e04c5def3fd7777a6991748901be95553,276
hair,wh501,UNNAMED,master/assets/items/hair/wh501_UNNAMED.webp,1908d752ea8a634eb7beeeeba650ac79f720c65d,270
hair,wh502,UNNAMED,master/assets/items/hair/wh502_UNNAMED.webp,285cbd36219340f66ab0061f32840ccd2f080c2a,320
hair,wh503,UNNAMED,master/assets/items/hair/wh503_UNNAMED.webp,c3b24ef078fd79931f58249422e37295b6402c6a,302
hair,wh504,UNNAMED,master/assets/items/hair/wh504_UNNAMED.webp,84825c2bd0bdcda10cc0dac25f286188e95f994b,192
hair,wh505,UNNAMED,master/assets/items/hair/wh505_UNNAMED.webp,8302960a36ed9ef5362b43249a0581eebe844eca,130
hair,wh506,UNNAMED,master/assets/items/hair/wh506_UNNAMED.webp,cb3ee95cc5d61cc5c4d14ab432b2f6b610251836,164
hair,wh507,샤이닝헤어(여)FX,master/assets/items/hair/wh507_샤이닝헤어(여)FX.webp,34875366d60aaa22e68e83af6cf778c5440b6dd4,210
hair,wh508,UNNAMED,master/assets/items/hair/wh508_UNNAMED.webp,1d51830389a46f7a78960988ce85dc10f5ae6082,264
hair,wh509,UNNAMED,master/assets/items/hair/wh509_UNNAMED.webp,2d997bd7bc525c3e123f2f9a578761cf116f03d6,238
hair,wh510,UNNAMED,master/assets/items/hair/wh510_UNNAMED.webp,96f2a79d6df1d2a35afd27bad72cd68935a66797,242
hair,wh511,샤이닝헤어-핑크(여),master/assets/items/hair/wh511_샤이닝헤어-핑크(여).webp,ca3c91c2f635d46056db9ad8045fbefdb110351b,280
hair,wh512,UNNAMED,master/assets/items/hair/wh512_UNNAMED.webp,61bd700788d190033cfd05adf62318a199771e3f,260
hair,wh513,크라운조커모자(여),master/assets/items/hair/wh513_크라운조커모자(여).webp,a7ea4447e92c497a5f24e3112b83ea7157142a5f,258
hair,wh539,UNNAMED,master/assets/items/hair/wh539_UNNAMED.webp,777310d65022e53ceaadbd45eff0660e9f9f9309,342
hair,wh541,넥슨유튜브뮤레칸모자(여)FX,master/assets/items/hair/wh541_넥슨유튜브뮤레칸모자(여)FX.webp,569dcfff79d025d261c51b3eb8acd562cdb5fa64,410
hair,wh542,UNNAMED,master/assets/items/hair/wh542_UNNAMED.webp,b2ef98e774d2d85f9916c07cc6a6e2d189b5598b,286
hair,wh543,UNNAMED,master/assets/items/hair/wh543_UNNAMED.webp,8800d1c6f1cb51614c844d081809f457fbe5814d,222
hair,wh544,샤이닝헤어-블루(여),master/assets/items/hair/wh544_샤이닝헤어-블루(여).webp,0940a69d3df4775f56917eb5dc62219807a760e7,282
hair,wh545,UNNAMED,master/assets/items/hair/wh545_UNNAMED.webp,26e3a6ca79f3527ad8e607f1a95e755a7fa27207,248
hair,wh546,UNNAMED,master/assets/items/hair/wh546_UNNAMED.webp,89f48c6498246fe98d6b48beb2df76f6cab40712,262
hair,wh547,청룡머리장식(여)FX,master/assets/items/hair/wh547_청룡머리장식(여)FX.webp,f252c409cf472b1d6069de2550e21bb2c7ec7b11,400
hair,wh548,UNNAMED,master/assets/items/hair/wh548_UNNAMED.webp,dc38a3e2dd451d2d0cb1180a33b95199b9c32f18,734
hair,wh549,UNNAMED,master/assets/items/hair/wh549_UNNAMED.webp,8dfd2c464ab622ce91ff32cf1dc08e37560e53ae,770
hair,wh550,봄나들이모자(여)FX,master/assets/items/hair/wh550_봄나들이모자(여)FX.webp,16de80aafd0627bb831293f572721e0fae9a8874,296
hair,wh551,마신강림투구(여)FX,master/assets/items/hair/wh551_마신강림투구(여)FX.webp,82c4a85c3a040cfe7cadabf810669c70b1a720d1,378
hair,wh552,명화아얌FX,master/assets/items/hair/wh552_명화아얌FX.webp,bcb326c298a66eee8547efb0e90d65acffff728f,242
hair,wh553,명화아얌FX,master/assets/items/hair/wh553_명화아얌FX.webp,830fa06c8e576882e857d03706600e090803e632,238
hair,wh554,명화아얌FX,master/assets/items/hair/wh554_명화아얌FX.webp,2dcd1cbd2c5eaf55f813056a81a0bf8c71dccb50,232
hair,wh555,명화아얌FX,master/assets/items/hair/wh555_명화아얌FX.webp,99426bea0112829780eb5ecfeba071d31156f58c,236
hair,wh556,명화아얌FX,master/assets/items/hair/wh556_명화아얌FX.webp,50e5932e15c89abf73bd7b83b3f394a87a0d1ef7,238
hair,wh557,UNNAMED,master/assets/items/hair/wh557_UNNAMED.webp,c09c60f5d11f2daf84c5a874a97a625311cc26f0,228
hair,wh558,명화아얌FX,master/assets/items/hair/wh558_명화아얌FX.webp,bcb6175ecdb0f1e21f1918e81278a61d2211e1c0,238
hair,wh559,UNNAMED,master/assets/items/hair/wh559_UNNAMED.webp,cbce4a570a48c859a99dedfd4db5be5eb97b1b16,674
hair,wh560,UNNAMED,master/assets/items/hair/wh560_UNNAMED.webp,a9f0ca84f7daf2850e00fb5459cacaa4db6076c6,702
hair,wh561,청사헤어(여)FX,master/assets/items/hair/wh561_청사헤어(여)FX.webp,4218320fc49e54c4c19f0e3b8bef5b37724f8c5c,308
hair,wh562,UNNAMED,master/assets/items/hair/wh562_UNNAMED.webp,859c801a007817b06fb277298131531b3862aaed,284
hair,wh564,플라즈마기어(여)FX,master/assets/items/hair/wh564_플라즈마기어(여)FX.webp,93fb7fe3e5f1b86cf33168f26325eac8df3e2e39,236
hair,wh565,헤븐즈게이트헤어(여)FX,master/assets/items/hair/wh565_헤븐즈게이트헤어(여)FX.webp,61da2d965b216e75dc5c6d09ae8f17f300669826,264
hair,wh570,UNNAMED,master/assets/items/hair/wh570_UNNAMED.webp,1ee33475cb354b06c0c81b1c4250d93856c3c486,276
hair,wh573,UNNAMED,master/assets/items/hair/wh573_UNNAMED.webp,282cf41a70283898c078b711583a65164d641a12,348
shield,ms001,UNNAMED,master/assets/items/shield/ms001_UNNAMED.webp,15c3846b04f7e98f4c31b628ca383d22b8433a12,306
shield,ms002,UNNAMED,master/assets/items/shield/ms002_UNNAMED.webp,f5b76e8326f8762393bd2f4e16181e1b70d7be3e,294
shield,ms003,UNNAMED,master/assets/items/shield/ms003_UNNAMED.webp,3dc606e232b8ec1eb877275956b4a32842d17b79,334
shield,ms004,UNNAMED,master/assets/items/shield/ms004_UNNAMED.webp,1710bd4eea7e5cf6621e28ef940ffa806962646d,372
shield,ms005,UNNAMED,master/assets/items/shield/ms005_UNNAMED.webp,4ebba3ab4767993dd4e9051aeca8780c80c4c39e,378
shield,ms006,UNNAMED,master/assets/items/shield/ms006_UNNAMED.webp,84ba1b5d9e64cac3e801a39a08a495f84506d4bd,354
shield,ms007,UNNAMED,master/assets/items/shield/ms007_UNNAMED.webp,d3548b2f73dcb3c31e841a911970391f44b6dd40,312
shield,ms008,UNNAMED,master/assets/items/shield/ms008_UNNAMED.webp,95323602872faefef8570568212d7a9a8ff175cd,376
shield,ms009,UNNAMED,master/assets/items/shield/ms009_UNNAMED.webp,02e1ad1bcdab56b36ffa4a5da4fa2efa4bcc52a5,358
shield,ms010,UNNAMED,master/assets/items/shield/ms010_UNNAMED.webp,878cb4922defbc018f6c26551380d96baddcbdc2,284
shield,ms011,UNNAMED,master/assets/items/shield/ms011_UNNAMED.webp,18ca0c0e1ca48b69bca462c409ced713be53d20e,226
shield,ms012,UNNAMED,master/assets/items/shield/ms012_UNNAMED.webp,dfc116069ac5f814f6e171b2ab4aaa2fb4051cc3,302
shield,ms013,UNNAMED,master/assets/items/shield/ms013_UNNAMED.webp,4325491129d4bd12f79d53dadcd1770c68fbfe62,342
shield,ms014,UNNAMED,master/assets/items/shield/ms014_UNNAMED.webp,16e3c68c974fd340351efdc3c1a67325d2ea9cf9,344
shield,ms015,UNNAMED,master/assets/items/shield/ms015_UNNAMED.webp,abfda403ec8100858ba484aebd4b196e2ad80873,370
shield,ms016,UNNAMED,master/assets/items/shield/ms016_UNNAMED.webp,3f11bcab135e9125f0e24816c2afcf833e540629,368
shield,ms017,UNNAMED,master/assets/items/shield/ms017_UNNAMED.webp,19b31b94a3dff989891e48d5321dd06364fbdecc,318
shield,ms018,UNNAMED,master/assets/items/shield/ms018_UNNAMED.webp,3011b1805f3b51d5a6a4aeed3fcd3ab39eff4bdb,378
shield,ms019,UNNAMED,master/assets/items/shield/ms019_UNNAMED.webp,980024a3f62b21b92727cdb43dbf7a92494e2bc2,266
shield,ms020,UNNAMED,master/assets/items/shield/ms020_UNNAMED.webp,65f26346eda53b14e6d62e408c5fa899865041dc,514
shield,ms021,UNNAMED,master/assets/items/shield/ms021_UNNAMED.webp,8093d59dfd371a734b96fe0c82a654980664c6c3,242
shield,ms022,UNNAMED,master/assets/items/shield/ms022_UNNAMED.webp,905fb082f2305285755c01a550c004002601bacf,558
shield,ms023,UNNAMED,master/assets/items/shield/ms023_UNNAMED.webp,b86e2d1ed072daa2a936f193d26c0f7244b1e992,472
shield,ms024,UNNAMED,master/assets/items/shield/ms024_UNNAMED.webp,db56704c0babd36d96c8c4193febb721cb273c55,418
shoes,ml001,UNNAMED,master/assets/items/shoes/ml001_UNNAMED.webp,7910ab9d7ed6b6cbb46fd55b91e1f528460deb48,182
shoes,ml002,UNNAMED,master/assets/items/shoes/ml002_UNNAMED.webp,a83a2fdef81cf72c1e34a96d8d984a956f14addd,146
shoes,ml003,UNNAMED,master/assets/items/shoes/ml003_UNNAMED.webp,c6f92dfadaeed1426b8b29fd1e12621c9379b724,142
shoes,ml004,UNNAMED,master/assets/items/shoes/ml004_UNNAMED.webp,61973f7e3c1598f2776f9a134bd13da00040c8b6,262
shoes,ml005,UNNAMED,master/assets/items/shoes/ml005_UNNAMED.webp,c266bd954e0bcf6a14080c3461de3b278d9342e7,296
shoes,ml006,UNNAMED,master/assets/items/shoes/ml006_UNNAMED.webp,c4767404de50650ced12f336b493a4e82a421509,290
shoes,ml007,UNNAMED,master/assets/items/shoes/ml007_UNNAMED.webp,50b334044ea1ce4cb3c13f873c7061d488b3e049,232
shoes,ml008,UNNAMED,master/assets/items/shoes/ml008_UNNAMED.webp,d11992836fefa358207254e3f6c5508145de927d,156
shoes,ml009,UNNAMED,master/assets/items/shoes/ml009_UNNAMED.webp,d2c49a42f54367ac4dae7eedbee0fe2148313059,224
shoes,ml010,UNNAMED,master/assets/items/shoes/ml010_UNNAMED.webp,7373603fc085ca1908bc77da03955042f5e23f5b,156
shoes,ml011,UNNAMED,master/assets/items/shoes/ml011_UNNAMED.webp,bfe7fed952e0faa899bbea5cff3760d5eab69860,242
shoes,ml012,UNNAMED,master/assets/items/shoes/ml012_UNNAMED.webp,5132575faf6baaa61edf7fe7ba0ffd73f623558e,166
shoes,ml013,UNNAMED,master/assets/items/shoes/ml013_UNNAMED.webp,809401a1422866cc9c5e2116d999e8e6aedfe44c,216
shoes,ml014,UNNAMED,master/assets/items/shoes/ml014_UNNAMED.webp,5b3bd78dd6530953dab2f921d3536d2b4d36d2ee,218
shoes,ml015,UNNAMED,master/assets/items/shoes/ml015_UNNAMED.webp,67e88dcf95b22336a62ffe2c86e619cfee495c82,194
shoes,ml016,UNNAMED,master/assets/items/shoes/ml016_UNNAMED.webp,f40e7d35553f91e2ec9a37ed746b9270d6b4b915,222
shoes,ml017,UNNAMED,master/assets/items/shoes/ml017_UNNAMED.webp,3ee45da4609984512768d748500a95d3effe98a1,146
shoes,ml018,UNNAMED,master/assets/items/shoes/ml018_UNNAMED.webp,d6e24dfbfa8ba1bcb5502bca845fd90fc1fa226d,180
shoes,ml019,UNNAMED,master/assets/items/shoes/ml019_UNNAMED.webp,83e5923345ca96c7c100e84e6c1789457b1f8fa0,184
shoes,ml020,UNNAMED,master/assets/items/shoes/ml020_UNNAMED.webp,dfa2b63195cca13bd2a0ce67b168c18a051de65a,180
shoes,ml021,UNNAMED,master/assets/items/shoes/ml021_UNNAMED.webp,ff575d39be1c83b350a9d6b9e54327d95996e52b,180
shoes,ml022,UNNAMED,master/assets/items/shoes/ml022_UNNAMED.webp,ea11aa3791d9277f6b5147bd4f4aed8cd29a4dc8,174
shoes,ml217,UNNAMED,master/assets/items/shoes/ml217_UNNAMED.webp,53dce7bb40d1d639b684a13caf55c2838c3817ce,176
shoes,ml223,UNNAMED,master/assets/items/shoes/ml223_UNNAMED.webp,c6923129cc6b3ee547205ee603e2590d9e3a04cc,208
shoes,ml224,UNNAMED,master/assets/items/shoes/ml224_UNNAMED.webp,469a8433750603d229156ae0e95ba44b91c3647f,170
shoes,ml225,UNNAMED,master/assets/items/shoes/ml225_UNNAMED.webp,6c0691bce967862d6442062deb8344728092a886,232
shoes,ml226,UNNAMED,master/assets/items/shoes/ml226_UNNAMED.webp,be520b3914841ff8b3ebf3526da5b6693666ab3d,172
shoes,ml227,UNNAMED,master/assets/items/shoes/ml227_UNNAMED.webp,621bd21599389bd9b827bac731190ed55703e5ca,296
shoes,ml228,UNNAMED,master/assets/items/shoes/ml228_UNNAMED.webp,2519b310fd77b76fd288846e29e188bcf7a75178,300
shoes,ml229,UNNAMED,master/assets/items/shoes/ml229_UNNAMED.webp,1b15529ca405df7262e7a1f63df51cf9dfe0dfd8,130
shoes,ml230,UNNAMED,master/assets/items/shoes/ml230_UNNAMED.webp,456fa240af01abbeba9847271080abdf6f7cebbe,220
shoes,ml231,UNNAMED,master/assets/items/shoes/ml231_UNNAMED.webp,0aaf9a3a5ede0ec117077cb4919b30559d5076c5,252
shoes,ml232,UNNAMED,master/assets/items/shoes/ml232_UNNAMED.webp,47c65f481b548c036c551ecdd89d487b080c1533,202
shoes,ml233,UNNAMED,master/assets/items/shoes/ml233_UNNAMED.webp,d8def9f993f8d31161f041372965dc0591899d4a,220
shoes,ml234,UNNAMED,master/assets/items/shoes/ml234_UNNAMED.webp,fe9dccf769f45135d70f53fa1777cc51b1a7a6f3,220
shoes,ml235,UNNAMED,master/assets/items/shoes/ml235_UNNAMED.webp,52f411ffcb6575161bd0da3f317911d7377640ce,206
shoes,ml236,UNNAMED,master/assets/items/shoes/ml236_UNNAMED.webp,62f56efbe5aefa03c7e7256965412ca78e344696,132
shoes,ml237,UNNAMED,master/assets/items/shoes/ml237_UNNAMED.webp,25125590928d3987a49821a58b275d92b30f3023,184
shoes,ml238,UNNAMED,master/assets/items/shoes/ml238_UNNAMED.webp,587b49dc7987c1808ff50f6ce25d9b85d34b9018,266
shoes,ml239,UNNAMED,master/assets/items/shoes/ml239_UNNAMED.webp,e4abb8e8a17744113dbeb5ada94bfdfc831c71d7,158
shoes,ml240,UNNAMED,master/assets/items/shoes/ml240_UNNAMED.webp,da088f6a1ffcbe34f1a66ea434ed03b34eabe6bc,338
shoes,ml241,UNNAMED,master/assets/items/shoes/ml241_UNNAMED.webp,fe862030a5c00a841d5165631dbf82d7266a7399,164
shoes,ml242,UNNAMED,master/assets/items/shoes/ml242_UNNAMED.webp,37f8cf2abc8df5df588135ecc62acb4a144eddaa,270
shoes,ml243,UNNAMED,master/assets/items/shoes/ml243_UNNAMED.webp,e28f58d43809eba5f84f89c622b4dba1f067cdbd,210
shoes,ml244,UNNAMED,master/assets/items/shoes/ml244_UNNAMED.webp,8202a24d8b79773cb01a02ba82ea6e4abe8723cf,214
shoes,ml245,UNNAMED,master/assets/items/shoes/ml245_UNNAMED.webp,59920ca643bbb53d4217034b28a327c1b1ef3d86,204
shoes,ml246,UNNAMED,master/assets/items/shoes/ml246_UNNAMED.webp,0546d689de7354dbf8ee6d92c35c8505d9992b6e,160
shoes,ml247,UNNAMED,master/assets/items/shoes/ml247_UNNAMED.webp,cebbcbc1050fcc4bb3384e4268011e2563ff4391,192
shoes,ml248,UNNAMED,master/assets/items/shoes/ml248_UNNAMED.webp,b9b306aff812353ccaddeac9a647960cc5258546,178
shoes,ml249,UNNAMED,master/assets/items/shoes/ml249_UNNAMED.webp,db5b2014eb1b8d51f025f2856790002851f6c9d7,180
shoes,ml250,UNNAMED,master/assets/items/shoes/ml250_UNNAMED.webp,f7f11086ff02e29e2b3bd42d6c24eb5212c58265,198
shoes,ml251,UNNAMED,master/assets/items/shoes/ml251_UNNAMED.webp,1726899ac0ec5310ce1e50d9b9ec0b77ac43b097,228
shoes,ml252,UNNAMED,master/assets/items/shoes/ml252_UNNAMED.webp,dea8313ad0ab32e25c7fcd0e01875d47586b275f,134
shoes,ml253,UNNAMED,master/assets/items/shoes/ml253_UNNAMED.webp,8c57391a71b47c2015d69291df457294f4a2838d,154
shoes,ml254,UNNAMED,master/assets/items/shoes/ml254_UNNAMED.webp,2aa8f004363554d8ff0c7ec860e712a03298fa1e,110
shoes,ml255,UNNAMED,master/assets/items/shoes/ml255_UNNAMED.webp,1fd087373161c186e5d89f3366c42c6dc69737f3,158
shoes,ml256,UNNAMED,master/assets/items/shoes/ml256_UNNAMED.webp,e3c0c46add396fcf2bee00cb4ee7d022baa37bf7,134
shoes,ml257,UNNAMED,master/assets/items/shoes/ml257_UNNAMED.webp,ec6f71130eaa785a83cc940948b78bf29ecb2cdc,236
shoes,ml258,UNNAMED,master/assets/items/shoes/ml258_UNNAMED.webp,7949530dfab8e3cfea81572a69202d74ce404ff2,206
shoes,ml259,UNNAMED,master/assets/items/shoes/ml259_UNNAMED.webp,fbc07e1b47c3ec08a38844e7609177cb55adcab1,248
shoes,ml260,UNNAMED,master/assets/items/shoes/ml260_UNNAMED.webp,fff1e3dcb24a5d812f96d7cb7047793b7a09f6de,248
shoes,ml261,UNNAMED,master/assets/items/shoes/ml261_UNNAMED.webp,d9fee84e99a100b19874aa2bc7a7e044d3d15fe5,192
shoes,wl001,UNNAMED,master/assets/items/shoes/wl001_UNNAMED.webp,2abcf911d8c624623831022d4667c8891d1854a9,164
shoes,wl002,UNNAMED,master/assets/items/shoes/wl002_UNNAMED.webp,36bac5158b565524bb7a1e10dc91c3f5218f113b,130
shoes,wl003,UNNAMED,master/assets/items/shoes/wl003_UNNAMED.webp,81d56e996bdbc8c46b32d4348c0e5f306883af8e,136
shoes,wl004,UNNAMED,master/assets/items/shoes/wl004_UNNAMED.webp,fc5d24abe06bf49ae10c581f908be07aec0d000e,240
shoes,wl005,UNNAMED,master/assets/items/shoes/wl005_UNNAMED.webp,c4ee8f08c4fa8451cc4bd6cd4363e5048a37a53b,248
shoes,wl006,UNNAMED,master/assets/items/shoes/wl006_UNNAMED.webp,c657744326bf62350374c1e38a0fe0823c0a4c13,284
shoes,wl007,UNNAMED,master/assets/items/shoes/wl007_UNNAMED.webp,f147731f4595e7bebf518b7899de14b789b3a307,214
shoes,wl008,UNNAMED,master/assets/items/shoes/wl008_UNNAMED.webp,6c8845b440478b06077212391368098a38b8974d,136
shoes,wl009,UNNAMED,master/assets/items/shoes/wl009_UNNAMED.webp,afae4f917c8177ffa2a561209836f9b22c1a72be,204
shoes,wl010,UNNAMED,master/assets/items/shoes/wl010_UNNAMED.webp,60d230d88a3791491f8d445e23c2e2c01b871035,142
shoes,wl011,UNNAMED,master/assets/items/shoes/wl011_UNNAMED.webp,2d276aa78ee209bd92ed74694efa7c1b5bad34a7,210
shoes,wl012,UNNAMED,master/assets/items/shoes/wl012_UNNAMED.webp,78d0a7e0af8b009e035575851cb6c56b61a91bd7,158
shoes,wl013,UNNAMED,master/assets/items/shoes/wl013_UNNAMED.webp,968b34208fd8c58ace3cf5fb5cf099a25653a7d9,204
shoes,wl014,UNNAMED,master/assets/items/shoes/wl014_UNNAMED.webp,374253f52d7659b69f5bcd5aba323683f7e4b17d,198
shoes,wl015,UNNAMED,master/assets/items/shoes/wl015_UNNAMED.webp,1f695825493fad180b7198e7ac6cdaf7fca59c4c,172
shoes,wl016,UNNAMED,master/assets/items/shoes/wl016_UNNAMED.webp,000eec2a24026642ee3c07a1ab377d0cc7a994b5,206
shoes,wl017,UNNAMED,master/assets/items/shoes/wl017_UNNAMED.webp,ed82ce947139428431d54281644d6f105ceb713e,210
shoes,wl018,UNNAMED,master/assets/items/shoes/wl018_UNNAMED.webp,1491d5ea9ce2260bd0e3fac3565eb22ac5f98c08,212
shoes,wl019,UNNAMED,master/assets/items/shoes/wl019_UNNAMED.webp,3a9b21051f5d4aa1a77ff16756703c1cbe8f9309,212
shoes,wl020,UNNAMED,master/assets/items/shoes/wl020_UNNAMED.webp,4fa83a9471875cf57b27eee29f71c35d5df2743c,214
shoes,wl021,UNNAMED,master/assets/items/shoes/wl021_UNNAMED.webp,8def346c7d7bea9ed21aef55e9a3956f6d7e3824,214
shoes,wl022,UNNAMED,master/assets/items/shoes/wl022_UNNAMED.webp,2b1a711162e952382de23b9c6955aa28b780019e,156
shoes,wl217,UNNAMED,master/assets/items/shoes/wl217_UNNAMED.webp,cb9b294775c1a751bce70715b73a45316ea9576e,166
shoes,wl223,UNNAMED,master/assets/items/shoes/wl223_UNNAMED.webp,8126472fe415293940a1957e48663593c212e6e3,172
shoes,wl224,UNNAMED,master/assets/items/shoes/wl224_UNNAMED.webp,589ab9a0fce8502f6964808e41048a3a5c95c7c1,168
shoes,wl225,UNNAMED,master/assets/items/shoes/wl225_UNNAMED.webp,720bff383c4b13a3056b8675c82d6edceaf044b2,220
shoes,wl226,UNNAMED,master/assets/items/shoes/wl226_UNNAMED.webp,c2868a2eb5080609b395ee8b682c7a3790f303b8,178
shoes,wl227,UNNAMED,master/assets/items/shoes/wl227_UNNAMED.webp,f6759b08ea83279d53d092f51397c8e152b60e1d,256
shoes,wl228,UNNAMED,master/assets/items/shoes/wl228_UNNAMED.webp,3f967556cc29c31e7b1d5e1a0e8958333a28a2a6,296
shoes,wl229,UNNAMED,master/assets/items/shoes/wl229_UNNAMED.webp,7e16773a51f0172337cd8e0ab99997f8b084e386,116
shoes,wl230,UNNAMED,master/assets/items/shoes/wl230_UNNAMED.webp,cfb23b269d19811c8825646b458fc7070f0566c4,228
shoes,wl231,UNNAMED,master/assets/items/shoes/wl231_UNNAMED.webp,82308af21f195375047dcddc1fc720c6e77cdee5,204
shoes,wl232,UNNAMED,master/assets/items/shoes/wl232_UNNAMED.webp,c07072c3dbb8602f5ec08dd79c0369437f5b741a,208
shoes,wl233,UNNAMED,master/assets/items/shoes/wl233_UNNAMED.webp,245a7940b8188aa7321b9abb29bbd736ed2f3820,220
shoes,wl234,UNNAMED,master/assets/items/shoes/wl234_UNNAMED.webp,df83f0ea331ddd8f50d0b6364d511c0a6693d18e,200
shoes,wl235,UNNAMED,master/assets/items/shoes/wl235_UNNAMED.webp,e4f5d3bfe3f10ac44fcaf2124d9e662091d7d0a3,186
shoes,wl236,UNNAMED,master/assets/items/shoes/wl236_UNNAMED.webp,f6a9bf5f1d8c84748d279b39bef9e2bbfaa0d2d5,120
shoes,wl237,UNNAMED,master/assets/items/shoes/wl237_UNNAMED.webp,d7add11535f4f3532ff676acb88f291989464069,172
shoes,wl238,UNNAMED,master/assets/items/shoes/wl238_UNNAMED.webp,e2e61cbf2022e4037adf8fc235dc906fa0b7c799,222
shoes,wl239,UNNAMED,master/assets/items/shoes/wl239_UNNAMED.webp,da64de16a4be654470717633feba1646abcdbb59,184
shoes,wl240,UNNAMED,master/assets/items/shoes/wl240_UNNAMED.webp,19e2596c7db0c684183e44cc7325b70f482964e3,324
shoes,wl241,UNNAMED,master/assets/items/shoes/wl241_UNNAMED.webp,c0d2aea1f4a61a36af7ea003db96fbac9c745dfc,148
shoes,wl242,UNNAMED,master/assets/items/shoes/wl242_UNNAMED.webp,7727d30d98c8137e207650482c3ec5d0da62103c,250
shoes,wl243,UNNAMED,master/assets/items/shoes/wl243_UNNAMED.webp,9674ebe5382bc56c82c3ced1a99952e3e0bb5749,200
shoes,wl244,UNNAMED,master/assets/items/shoes/wl244_UNNAMED.webp,f7a6a49d2373d7fa2d608be0a0d69d03e886b9a4,196
shoes,wl245,UNNAMED,master/assets/items/shoes/wl245_UNNAMED.webp,b463fbf38529e2371388250971dbbcb737a960b4,202
shoes,wl246,UNNAMED,master/assets/items/shoes/wl246_UNNAMED.webp,ec3486c8ed98b04dc098ded32f4a64446957a8c8,126
shoes,wl247,UNNAMED,master/assets/items/shoes/wl247_UNNAMED.webp,27854c706fa99d85e0c0f80e7561af864765923b,186
shoes,wl248,UNNAMED,master/assets/items/shoes/wl248_UNNAMED.webp,2b2dfe063c4d041745217c21582ca711669162eb,162
shoes,wl249,UNNAMED,master/assets/items/shoes/wl249_UNNAMED.webp,24a2848a12348d53efce7b5c06cc482dc29bfa8e,172
shoes,wl250,UNNAMED,master/assets/items/shoes/wl250_UNNAMED.webp,a29bd0a7a0dc4683e996e214849364110eab0f98,182
shoes,wl251,UNNAMED,master/assets/items/shoes/wl251_UNNAMED.webp,6163d4b181678317a5ed60b46fd014e7d22b1293,214
shoes,wl252,UNNAMED,master/assets/items/shoes/wl252_UNNAMED.webp,e33b60a95e7d837008bc5f23f6e46824ac60f2b7,132
shoes,wl253,UNNAMED,master/assets/items/shoes/wl253_UNNAMED.webp,0fa420262fb70bc2e1f5a1c48bef0db8fe62f790,142
shoes,wl254,UNNAMED,master/assets/items/shoes/wl254_UNNAMED.webp,87da3f4e2da4f63c7d7104259b0f255c7d4dad60,112
shoes,wl255,UNNAMED,master/assets/items/shoes/wl255_UNNAMED.webp,649a91a5b0fc1f43bcbdca5b81d9ea246986299e,142
shoes,wl256,UNNAMED,master/assets/items/shoes/wl256_UNNAMED.webp,d3600a9bf61c94bae414d3825ce9f8bdebad57b2,128
shoes,wl257,UNNAMED,master/assets/items/shoes/wl257_UNNAMED.webp,809d30a1d568f58defa69e5c15316e48c477cc1a,220
shoes,wl258,UNNAMED,master/assets/items/shoes/wl258_UNNAMED.webp,e57d1266508313474b5ebf5eeafa9ee292a6bcb6,200
shoes,wl259,UNNAMED,master/assets/items/shoes/wl259_UNNAMED.webp,ce776057e5b0868d78272473c6249380a1a9529b,230
shoes,wl260,UNNAMED,master/assets/items/shoes/wl260_UNNAMED.webp,3d4cca1f2c0cb3a6d9e73930e1716e0d7d9a3dff,228
shoes,wl261,UNNAMED,master/assets/items/shoes/wl261_UNNAMED.webp,6df35a1bc00e00f31b6453f07b27d0b82cbb9b58,184
weapon,MW200,무형무기,master/assets/items/weapon/MW200_무형무기.webp,489f2b7d4acd4624eb1a61b377ddcd3f54c6109f,218
weapon,MW201,UNNAMED,master/assets/items/weapon/MW201_UNNAMED.webp,906fe0fcacc4b126a50daa959e271feaaaeb832c,242
weapon,MW202,신의길드소드,master/assets/items/weapon/MW202_신의길드소드.webp,d54a928355abc8e940a3a5783b7930a231032f00,274
weapon,WW200,UNNAMED,master/assets/items/weapon/WW200_UNNAMED.webp,489f2b7d4acd4624eb1a61b377ddcd3f54c6109f,218
weapon,WW201,UNNAMED,master/assets/items/weapon/WW201_UNNAMED.webp,906fe0fcacc4b126a50daa959e271feaaaeb832c,242
weapon,WW202,UNNAMED,master/assets/items/weapon/WW202_UNNAMED.webp,d54a928355abc8e940a3a5783b7930a231032f00,274
weapon,Ww243,UNNAMED,master/assets/items/weapon/Ww243_UNNAMED.webp,503f6a38e4149a9e26c365bc80f762e717961661,314
weapon,mw001,목도,master/assets/items/weapon/mw001_목도.webp,be25130ce3c619975126c7a896b67c59d8df1578,116
weapon,mw002,에페,master/assets/items/weapon/mw002_에페.webp,8155c048713ea2eabf63915e0e724ba89cbff743,158
weapon,mw003,커틀라스,master/assets/items/weapon/mw003_커틀라스.webp,3b4f437707aa0fcbf3954a6c3110e571629a6aa8,172
weapon,mw004,세이버,master/assets/items/weapon/mw004_세이버.webp,388e63b2bcb3ac2c2adf976795aae2c270ce1d91,220
weapon,mw005,그라디우스,master/assets/items/weapon/mw005_그라디우스.webp,251fe36bb59b21931a6d36d0454dff04d22b3b56,226
weapon,mw006,UNNAMED,master/assets/items/weapon/mw006_UNNAMED.webp,c8d538587637401ac61385752f722a19273e308d,112
weapon,mw007,매직마르시아,master/assets/items/weapon/mw007_매직마르시아.webp,c399c47658cd554aab7d8265c8d48ac430a01d8e,144
weapon,mw008,홀리머큐리아,master/assets/items/weapon/mw008_홀리머큐리아.webp,747a46d26260b2818fbcc7baec4a20aefedea8b4,188
weapon,mw009,매직쥬피티아,master/assets/items/weapon/mw009_매직쥬피티아.webp,cbd6c33a2a62ead709a6ff2411629d69d99cd55d,148
weapon,mw010,매스커레이드,master/assets/items/weapon/mw010_매스커레이드.webp,136280a1917e04a56cc50548a745fb42b58ee14b,282
weapon,mw011,매스케이드,master/assets/items/weapon/mw011_매스케이드.webp,c7cdeda7e11fbf5314a68034dc696e066bd053d9,258
weapon,mw012,배틀소드,master/assets/items/weapon/mw012_배틀소드.webp,6f265a3ced0dfd8fe836ae9644f64ef2586c7a6a,228
weapon,mw013,블랙데쓰,master/assets/items/weapon/mw013_블랙데쓰.webp,5463a51410fe18bf277978bf2eb4794a4336c921,204
weapon,mw014,프렘벨,master/assets/items/weapon/mw014_프렘벨.webp,7b201629f02222f4f1a528b610da66f171ddeba4,170
weapon,mw015,롱소드,master/assets/items/weapon/mw015_롱소드.webp,bc08abc045dadcca0b265d1610082747d35ab564,142
weapon,mw016,투핸드크레이모어,master/assets/items/weapon/mw016_투핸드크레이모어.webp,f6957b3dba810a9651ca946e7df05bebf1b3306c,244
weapon,mw017,스틸라,master/assets/items/weapon/mw017_스틸라.webp,14b00f8748fe50b778613faa85547a76656ba3c1,162
weapon,mw018,투핸드에메랄드소드,master/assets/items/weapon/mw018_투핸드에메랄드소드.webp,52f38e205ae4fea7bc9671bc0e903760730a5ff9,226
weapon,mw019,투핸드드래곤크로어,master/assets/items/weapon/mw019_투핸드드래곤크로어.webp,5703aa537393547039eaaa9cb8753c9f621d21d9,180
weapon,mw020,드래곤슬레이어,master/assets/items/weapon/mw020_드래곤슬레이어.webp,6aa93f4994e2184cef3f4dda2d9febf2253d0bbe,198
weapon,mw021,투핸드그레이트소드,master/assets/items/weapon/mw021_투핸드그레이트소드.webp,1acc0e3b7d0cef658f6fa3a748ec93921de7886e,190
weapon,mw022,투핸드엑시큐터,master/assets/items/weapon/mw022_투핸드엑시큐터.webp,ab337680c5c8e934c3d6b67a2a060c4aa563e396,222
weapon,mw023,투핸드가이아두스,master/assets/items/weapon/mw023_투핸드가이아두스.webp,8a3c5dbd6289d79623ec59e7ca7c663796250f22,276
weapon,mw024,매직새티아,master/assets/items/weapon/mw024_매직새티아.webp,ec060729ca9b8ce106d890263bfc26e627df563c,170
weapon,mw025,UNNAMED,master/assets/items/weapon/mw025_UNNAMED.webp,14615d9984a32ef3e2a03b41b205f1486c518c91,152
weapon,mw026,매직루나,master/assets/items/weapon/mw026_매직루나.webp,57c37e4307ab60cf483a8abafb85f3f3d204165f,208
weapon,mw027,매직가이아,master/assets/items/weapon/mw027_매직가이아.webp,bb6650a515a7af37bbf4f0836b6d8c3e763c3d3a,188
weapon,mw028,UNNAMED,master/assets/items/weapon/mw028_UNNAMED.webp,6fe51fb015efbbff6a1baa1adb1b63aefc229d64,82
weapon,mw029,채찍,master/assets/items/weapon/mw029_채찍.webp,43c76ce15f04f32fe36a047ac900730572d6972b,78
weapon,mw030,광단검,master/assets/items/weapon/mw030_광단검.webp,48368cddf0b8a3422a5e7e0d551b65481a5f65af,114
weapon,mw031,월단검,master/assets/items/weapon/mw031_월단검.webp,797885fdcbcfa1ca8b789a24f5d2bb97b9cd0ec2,100
weapon,mw032,UNNAMED,master/assets/items/weapon/mw032_UNNAMED.webp,8173b0ab11d42a126119f334c65762459faaaa8c,104
weapon,mw033,UNNAMED,master/assets/items/weapon/mw033_UNNAMED.webp,a7b02631e58214c751108b3276c379a945d07477,100
weapon,mw034,우든클럽,master/assets/items/weapon/mw034_우든클럽.webp,9a7f0f499fab74bfef3b6403307e2f7d78216c39,122
weapon,mw035,스파이크클럽,master/assets/items/weapon/mw035_스파이크클럽.webp,f787e3b8972be312767aa8267c725215325cbc4a,142
weapon,mw036,자이언트클럽,master/assets/items/weapon/mw036_자이언트클럽.webp,254d01814a0029a777bdc653f439bc04faf4c094,240
weapon,mw037,자이언트스톤클럽,master/assets/items/weapon/mw037_자이언트스톤클럽.webp,2bd20d8556f1747b5b396b90a59b814d4e7acc97,276
weapon,mw038,핸드액스,master/assets/items/weapon/mw038_핸드액스.webp,830605e42a05731d8708150a6b553aacce4c8382,130
weapon,mw039,액스,master/assets/items/weapon/mw039_액스.webp,43d66f5deb7d9bd1fb0acc9e00eb6c093137f392,210
weapon,mw040,하이브레이질액스,master/assets/items/weapon/mw040_하이브레이질액스.webp,be0fa22c969cb471f35c07d5983a060067e33a0c,208
weapon,mw041,자이언트스톤액스,master/assets/items/weapon/mw041_자이언트스톤액스.webp,7cdf4323beb5e7ec00c4f69ffdc292adced7c6d9,442
weapon,mw042,스톤액스,master/assets/items/weapon/mw042_스톤액스.webp,792a48dc2a304c127830d5f9194d5c18cf5867da,172
weapon,mw043,배틀액스,master/assets/items/weapon/mw043_배틀액스.webp,b3a8379580b640e12ecb323577f06637b428f2ce,234
weapon,mw044,자이언트스톤해머,master/assets/items/weapon/mw044_자이언트스톤해머.webp,b08eaf8ea6906f740dc57900471d1ecdd239861c,410
weapon,mw045,UNNAMED,master/assets/items/weapon/mw045_UNNAMED.webp,e0fcd346c26929f82c2e0367558065688f7d2553,154
weapon,mw046,곡단도,master/assets/items/weapon/mw046_곡단도.webp,98a998d4851d689aa9ab28f2a3563c46004b1d27,114
weapon,mw047,시미터,master/assets/items/weapon/mw047_시미터.webp,ed6197471c4eab41550eabe0085983d775835d21,140
weapon,mw048,더브릴,master/assets/items/weapon/mw048_더브릴.webp,cbba86d2cdff5ad3481baf06124505e00f8a90ce,124
weapon,mw049,타고나이트채찍,master/assets/items/weapon/mw049_타고나이트채찍.webp,3cc6ab9e485b6ef66ec888502949e8f1b98fbd59,70
weapon,mw050,미스릴채찍,master/assets/items/weapon/mw050_미스릴채찍.webp,2cb6c4018b2b6b1ec3fcf76ef0601d7635e4919e,84
weapon,mw051,루비채찍,master/assets/items/weapon/mw051_루비채찍.webp,d1478a75770121529cf80d83ac47b03fbfe9df94,84
weapon,mw052,체인,master/assets/items/weapon/mw052_체인.webp,b959a68f0b391ceac409c836917fee057a3f4260,84
weapon,mw053,타고나이트액스,master/assets/items/weapon/mw053_타고나이트액스.webp,ad22702f7963dcc9a831e8509937356d31e721ed,230
weapon,mw054,토마호크,master/assets/items/weapon/mw054_토마호크.webp,bedcdf2f25f90bd784b4804773e13f713065cd97,136
weapon,mw055,하이브레이질배틀액스,master/assets/items/weapon/mw055_하이브레이질배틀액스.webp,53ec42c8bb34b385d468ff2bdcb510a5fe6c0f10,330
weapon,mw056,실버시미터,master/assets/items/weapon/mw056_실버시미터.webp,0b01d99b88dd34ae87c93e94898dc054d2004b5a,160
weapon,mw057,UNNAMED,master/assets/items/weapon/mw057_UNNAMED.webp,eca43b87234ad6aaf0c86a40284851c575bba7e7,140
weapon,mw058,UNNAMED,master/assets/items/weapon/mw058_UNNAMED.webp,9ceb00571356591e84cc8e5317647ce4b0659dba,140
weapon,mw059,매직솔라,master/assets/items/weapon/mw059_매직솔라.webp,9826c1e54ccf371a00dd47944e4e8861a39db70a,128
weapon,mw060,아리펠스탭,master/assets/items/weapon/mw060_아리펠스탭.webp,daca154ecadb19d0e69613acb796111004048ab9,140
weapon,mw061,UNNAMED,master/assets/items/weapon/mw061_UNNAMED.webp,1034f0cfba6ce2478da20452c04833163fb32c48,140
weapon,mw062,매직파나,master/assets/items/weapon/mw062_매직파나.webp,4c2a93a748c05107ab72d8483d2eb50ade4fb6b5,146
weapon,mw063,UNNAMED,master/assets/items/weapon/mw063_UNNAMED.webp,a7dfe473e59bc6a5d241f35f4d27b80f21824bf4,144
weapon,mw064,UNNAMED,master/assets/items/weapon/mw064_UNNAMED.webp,76ef15de26fcd03f582bdab371f502f1be17f093,144
weapon,mw065,UNNAMED,master/assets/items/weapon/mw065_UNNAMED.webp,5acc1e0af95f2e035c67466d3f512e6d8eb713fa,152
weapon,mw066,UNNAMED,master/assets/items/weapon/mw066_UNNAMED.webp,4488e33d7895cafa1253ffba7417cc44cce4893e,156
weapon,mw067,매단검,master/assets/items/weapon/mw067_매단검.webp,ea968102775485bdc1966b46298a164f08f399d7,208
weapon,mw068,사랑의꽃다발,master/assets/items/weapon/mw068_사랑의꽃다발.webp,3c1613b628076a806e50632c7a691a3dc8b3c59e,356
weapon,mw069,피닉스크로어,master/assets/items/weapon/mw069_피닉스크로어.webp,f920b33f0c0be472b8dc00b65a2273ad4aa694cd,176
weapon,mw070,뤼케시온길드소드,master/assets/items/weapon/mw070_뤼케시온길드소드.webp,f4736aa790dc3acfa6530781d73d49998d12ac2b,204
weapon,mw071,아벨길드소드,master/assets/items/weapon/mw071_아벨길드소드.webp,d73247bc0027006ab1258a9ff3368011a5c666c5,196
weapon,mw072,루어스길드소드,master/assets/items/weapon/mw072_루어스길드소드.webp,6fdee9cf940529d244fcd88e2093928f16d2ba7f,200
weapon,mw073,수오미길드소드,master/assets/items/weapon/mw073_수오미길드소드.webp,d76e6b688b651030d31b7e15ff9c3ea2d3d7b903,200
weapon,mw074,밀레스길드소드,master/assets/items/weapon/mw074_밀레스길드소드.webp,edeec829fcc3211e3990317f5f48961c78718fe4,194
weapon,mw075,이아의은총,master/assets/items/weapon/mw075_이아의은총.webp,45bf68c44fe325acf57fedaa414ed7f6aaf161d9,182
weapon,mw076,아스카론,master/assets/items/weapon/mw076_아스카론.webp,8c72af36a32205d8d10e1774562d69da3d7e1658,214
weapon,mw077,UNNAMED,master/assets/items/weapon/mw077_UNNAMED.webp,79a21332317f5994c3aa817c370aa52b6016429b,144
weapon,mw078,로오의은총,master/assets/items/weapon/mw078_로오의은총.webp,ee379b4b335afb8fb58bef7e2a59626f4eafd2b0,152
weapon,mw080,좀비창,master/assets/items/weapon/mw080_좀비창.webp,ef1de0418a90a215ffe7f3f74a9eb46b4217ce18,118
weapon,mw081,007가방,master/assets/items/weapon/mw081_007가방.webp,8324d9e9168227cca4c24480501cade9126fe186,208
weapon,mw082,낫,master/assets/items/weapon/mw082_낫.webp,2ff2108140b3ce4dbb49de3a336524e099242df7,212
weapon,mw083,UNNAMED,master/assets/items/weapon/mw083_UNNAMED.webp,ce7e2f9f4f81dcc7ae682d7fdaa43939e42d1c6b,186
weapon,mw084,삽,master/assets/items/weapon/mw084_삽.webp,fab6914836b1f05d4e354f1ca3f95b55590c2693,174
weapon,mw085,웨어렛단검,master/assets/items/weapon/mw085_웨어렛단검.webp,84c3a41b22cb41ccacb2e542fcf99e5a746cd5f7,118
weapon,mw086,UNNAMED,master/assets/items/weapon/mw086_UNNAMED.webp,cc439d519394ab2af8aafc7c8e945a91e03c015f,72
weapon,mw087,이아의빛,master/assets/items/weapon/mw087_이아의빛.webp,abaeddd112e8a3da9d8eba35103e4a5621db7375,218
weapon,mw088,아룬다이트,master/assets/items/weapon/mw088_아룬다이트.webp,d0f1488e5c80a0b82d0aa1c0804bebba3dcfe258,210
weapon,mw089,프람베르그,master/assets/items/weapon/mw089_프람베르그.webp,91de73b39b4fdbe94920bb5f4f17eca278408864,126
weapon,mw090,로오의빛,master/assets/items/weapon/mw090_로오의빛.webp,b15654278e0f2a4616a9702dabcad0b88f951f04,162
weapon,mw091,홀리디아나,master/assets/items/weapon/mw091_홀리디아나.webp,b609661585e297efd1ce1d4e5fa8035401e7009d,206
weapon,mw092,앵거바딜,master/assets/items/weapon/mw092_앵거바딜.webp,95e28ca104def4f3aaf2d35c11693bfa2f0cb201,232
weapon,mw093,크리샤오르,master/assets/items/weapon/mw093_크리샤오르.webp,00388da6a99c440af017214736200495538d44ea,148
weapon,mw094,다크디아나,master/assets/items/weapon/mw094_다크디아나.webp,0d12731ec34ee1454a930742b6a2f29394b22373,162
weapon,mw095,피닉스소울크로어,master/assets/items/weapon/mw095_피닉스소울크로어.webp,1a4fdf7da24152dd52e8a692f1dd62c3a1875179,208
weapon,mw096,UNNAMED,master/assets/items/weapon/mw096_UNNAMED.webp,66bdc6d7e32d227acab8114fa5b5b6b9a4f0f7fe,376
weapon,mw097,헬피닉스크로어,master/assets/items/weapon/mw097_헬피닉스크로어.webp,9d8fbfbdb909c959b0734d3850850849735b6326,236
weapon,mw098,헬브레이질레이업배틀액스,master/assets/items/weapon/mw098_헬브레이질레이업배틀액스.webp,d412d6a4f07ded377c844a52045f5f10c8d07c66,330
weapon,mw099,피닉스레이업크로어,master/assets/items/weapon/mw099_피닉스레이업크로어.webp,c5886344133514e9814ca9a95bb14017dc1f85f2,266
weapon,mw100,그레이트헬피닉스크로어,master/assets/items/weapon/mw100_그레이트헬피닉스크로어.webp,e89b48f1c2cfff8e220fb70e9b5cb030ab54c33e,230
weapon,mw101,UNNAMED,master/assets/items/weapon/mw101_UNNAMED.webp,b5452acae9f475afd7c346085bdc533848f0e111,168
weapon,mw102,인월도,master/assets/items/weapon/mw102_인월도.webp,1364f3109996903cd4662c7254b85c0b568c6c42,110
weapon,mw103,신월도,master/assets/items/weapon/mw103_신월도.webp,63f87cb610c3e8d814cd3082bdd06eae1c2c4713,168
weapon,mw104,혈단검풍,master/assets/items/weapon/mw104_혈단검풍.webp,383e488a5742c4c00ac516164ee2937688eeb5fb,132
weapon,mw105,UNNAMED,master/assets/items/weapon/mw105_UNNAMED.webp,6cf1a4fa41be9b37b01b7e10d222e0e2896981dc,174
weapon,mw106,UNNAMED,master/assets/items/weapon/mw106_UNNAMED.webp,37a94efc0c510301ad9e624e9fdfffa28d31356f,368
weapon,mw107,UNNAMED,master/assets/items/weapon/mw107_UNNAMED.webp,07cf48727464f2a2e2ad08c9500c41fc5e0c1b34,248
weapon,mw108,UNNAMED,master/assets/items/weapon/mw108_UNNAMED.webp,3131ec4c10c31b530f7ad199242b179e7bc943f0,222
weapon,mw109,뿅망치,master/assets/items/weapon/mw109_뿅망치.webp,055e7d20b48fddd53cba222dee81b833b701bb5b,338
weapon,mw110,매직세페우스,master/assets/items/weapon/mw110_매직세페우스.webp,9a29e42d5f27016cbf278c8de25b0bad9d79e247,204
weapon,mw111,퐁퐁이,master/assets/items/weapon/mw111_퐁퐁이.webp,ed076b6666f9b18314c33a25c30ad157b44f69ba,282
weapon,mw112,UNNAMED,master/assets/items/weapon/mw112_UNNAMED.webp,4b676cc59692e7d40b2caab2420f79720ddc9094,180
weapon,mw113,일단검,master/assets/items/weapon/mw113_일단검.webp,b1887ff6849af621137ac3673483e3f57b81c804,278
weapon,mw114,노랑팜팻,master/assets/items/weapon/mw114_노랑팜팻.webp,5df21dbee14aa7dc13ee62d91195560cf3595175,378
weapon,mw115,그린팜팻,master/assets/items/weapon/mw115_그린팜팻.webp,ac5e30ab06d3f6d15805f82329bde6905c8e91b1,304
weapon,mw116,UNNAMED,master/assets/items/weapon/mw116_UNNAMED.webp,f917b7bd3190d20a036a1ad678af62ae683eac45,122
weapon,mw117,미스릴배틀핸드,master/assets/items/weapon/mw117_미스릴배틀핸드.webp,80d5f720ea86389b0d962cf9f6b5fdf7a1fa92d1,150
weapon,mw118,꼬마펭귄,master/assets/items/weapon/mw118_꼬마펭귄.webp,8034ce9c34bf71e2bd87102bcd5a0b571fdbbfe5,462
weapon,mw119,빨간색풍선,master/assets/items/weapon/mw119_빨간색풍선.webp,5eb18122d0cccfaa2b42fc42d1db29c2be50c5c2,244
weapon,mw120,노랑색풍선,master/assets/items/weapon/mw120_노랑색풍선.webp,4b00f51d77dd3d5b9c7288ffe8d208962b25f0b4,254
weapon,mw121,녹색색풍선,master/assets/items/weapon/mw121_녹색색풍선.webp,81bbb1eb7bfd10a2422ceb1d79f0b2ff0973ffc2,244
weapon,mw122,주황색풍선,master/assets/items/weapon/mw122_주황색풍선.webp,145cb562887183d49ca7a759a5389cfba44caab1,242
weapon,mw123,하늘색풍선,master/assets/items/weapon/mw123_하늘색풍선.webp,9a22ed9838cec11bc52fd4766296412160d33134,248
weapon,mw124,남색풍선,master/assets/items/weapon/mw124_남색풍선.webp,32f31c4fbf0b3b363c8e00919628f518e2272e4c,258
weapon,mw125,보라색풍선,master/assets/items/weapon/mw125_보라색풍선.webp,6d8c019521c79f9d632a00bc04188e8a23fd7658,254
weapon,mw126,풍선다발,master/assets/items/weapon/mw126_풍선다발.webp,06a4409c98cdea29ad227dfdc984c52592f1540c,488
weapon,mw127,UNNAMED,master/assets/items/weapon/mw127_UNNAMED.webp,fb001180df87eea28f2f7099844e1ce57090e03d,194
weapon,mw128,바크,master/assets/items/weapon/mw128_바크.webp,58ea0b486170283f50d5db2801266c4323b991ba,348
weapon,mw129,애완용거미(5일),master/assets/items/weapon/mw129_애완용거미(5일).webp,6d8aae49ee803762f2575da213c33d294a89ce13,356
weapon,mw130,UNNAMED,master/assets/items/weapon/mw130_UNNAMED.webp,ffbcc582ddc486b4dadc7a9d14c9baeeefe3828c,274
weapon,mw131,UNNAMED,master/assets/items/weapon/mw131_UNNAMED.webp,e1b3cce21a1e58a500b1a4b7f1963577c6ef2662,120
weapon,mw132,UNNAMED,master/assets/items/weapon/mw132_UNNAMED.webp,008eb9d818f47387ba521550d4d6b4cce752e228,170
weapon,mw133,다인블레이드,master/assets/items/weapon/mw133_다인블레이드.webp,4e3c151104ae3fdfb58da9c01b63791a466dbb31,246
weapon,mw134,UNNAMED,master/assets/items/weapon/mw134_UNNAMED.webp,b91b16f00d5eb4797985dce9d658c1a7f7157750,206
weapon,mw135,로운,master/assets/items/weapon/mw135_로운.webp,5363edb6d9e2b80aa86bd768c2e8b1b9edd425fb,252
weapon,mw136,UNNAMED,master/assets/items/weapon/mw136_UNNAMED.webp,6565f790254ce6cea036a56b607efc2074a13053,198
weapon,mw137,바스타드블레이드,master/assets/items/weapon/mw137_바스타드블레이드.webp,3d78016ac25738fd7d6af6cb97146fc187352221,266
weapon,mw138,UNNAMED,master/assets/items/weapon/mw138_UNNAMED.webp,5834c843e91d90e015aa17330106d04c7797fecd,202
weapon,mw139,샤인,master/assets/items/weapon/mw139_샤인.webp,8e895ba8fd0f409bff78f0d7784e3c0f228aba7d,256
weapon,mw140,프린세스하프,master/assets/items/weapon/mw140_프린세스하프.webp,eefc876cc95043b731495201a019bd5c6774dd1a,224
weapon,mw141,UNNAMED,master/assets/items/weapon/mw141_UNNAMED.webp,e27a4e391d294a3f4ebfb8b0ceb177e394af1d97,504
weapon,mw142,반보우,master/assets/items/weapon/mw142_반보우.webp,85b1863108dfa956cd2ea5283eef937610f2c96f,296
weapon,mw143,마론비쥬,master/assets/items/weapon/mw143_마론비쥬.webp,0b3aa7ef590f6dec7647fdc65501b1acb08ba4e9,250
weapon,mw144,황금나무의하프,master/assets/items/weapon/mw144_황금나무의하프.webp,e97917eda070a6a799610fb751e6cb11af5459b1,276
weapon,mw145,UNNAMED,master/assets/items/weapon/mw145_UNNAMED.webp,2e6b44b450a345153aa139037719e5ff71564fec,332
weapon,mw146,UNNAMED,master/assets/items/weapon/mw146_UNNAMED.webp,e8f8359bf74b7c90b5d9ac318337d73b8841f289,250
weapon,mw147,림피드비쥬,master/assets/items/weapon/mw147_림피드비쥬.webp,aec290759027e4210b469883501546534170732c,174
weapon,mw148,UNNAMED,master/assets/items/weapon/mw148_UNNAMED.webp,ece935b9a91d51681722c273d532a43c98c4b8f6,474
weapon,mw149,암닭,master/assets/items/weapon/mw149_암닭.webp,984aa22750f2862a6a6e8e6aefafd8972641b053,658
weapon,mw150,UNNAMED,master/assets/items/weapon/mw150_UNNAMED.webp,c6769c702ff843e99ad06df1decabd8798ee6d68,176
weapon,mw151,홀리빅토리아,master/assets/items/weapon/mw151_홀리빅토리아.webp,7841c7c1f1570386155e9d1806a51cec27ff7c31,198
weapon,mw152,홀리넵튜나,master/assets/items/weapon/mw152_홀리넵튜나.webp,7a46bde49e20f9093916a41df33682de0b9b7efa,184
weapon,mw153,홀리야누시아,master/assets/items/weapon/mw153_홀리야누시아.webp,b3b51e1751eb99304f3374ff1513b583d00689db,184
weapon,mw154,홀리플루토나,master/assets/items/weapon/mw154_홀리플루토나.webp,1bdacc4705a235307af2662d106e0cb1173acce7,172
weapon,mw155,UNNAMED,master/assets/items/weapon/mw155_UNNAMED.webp,bad06ddd6552adcf8791bd4fef9504e6877253d0,220
weapon,mw156,홀리쥬노아,master/assets/items/weapon/mw156_홀리쥬노아.webp,e64ddf1916d1ea2da683333a805333a56d3161b7,226
weapon,mw157,홀리미네르바,master/assets/items/weapon/mw157_홀리미네르바.webp,2168fe4a22f922f9fa3d926080cd20f19a9ca9f3,214
weapon,mw158,매직빅토리아,master/assets/items/weapon/mw158_매직빅토리아.webp,9798cb2ab2b690af4a70bc3affe0b71f6e2f2418,224
weapon,mw159,매직넵튜나,master/assets/items/weapon/mw159_매직넵튜나.webp,66bf3cb0c893f3411b0695e134931387ccc20a0a,216
weapon,mw160,매직야누시아,master/assets/items/weapon/mw160_매직야누시아.webp,e21d96a3d28644069cec7a9fb81686fbace124da,210
weapon,mw161,제조지팡이,master/assets/items/weapon/mw161_제조지팡이.webp,fd99feeeb804507921fa7b9cca750f3c834a3334,206
weapon,mw162,홀리완드,master/assets/items/weapon/mw162_홀리완드.webp,13f2624279c888f48af6d61bb11261a06266c97f,154
weapon,mw163,UNNAMED,master/assets/items/weapon/mw163_UNNAMED.webp,003f13012bb2e6c3fbeb5638b9ff036fba73e614,238
weapon,mw164,[식목일]농약뿌리개,master/assets/items/weapon/mw164_[식목일]농약뿌리개.webp,1466f7b66b01cf1e2346c87e25805e8edf893069,120
weapon,mw165,루돌프전구인형,master/assets/items/weapon/mw165_루돌프전구인형.webp,81a7113d297ccc607ee4cafa6daae0147010b4b0,500
weapon,mw166,UNNAMED,master/assets/items/weapon/mw166_UNNAMED.webp,4d3d26e3dd9b147068091172f9dafdbd2dff88a8,722
weapon,mw167,UNNAMED,master/assets/items/weapon/mw167_UNNAMED.webp,ca702d4eb67dc8b0ed03d0da26f9aeac67929f98,230
weapon,mw168,회색고양이글러브,master/assets/items/weapon/mw168_회색고양이글러브.webp,83af8e3827d410beb6c732844c3d24dbed25728c,218
weapon,mw169,낚시대,master/assets/items/weapon/mw169_낚시대.webp,5d35c4894538b1033470d1265267ab8ae7ed3332,254
weapon,mw170,투핸드다크크로어,master/assets/items/weapon/mw170_투핸드다크크로어.webp,b8ae9a9e3d18f3c6e5cc3648accb7c758e303675,256
weapon,mw171,UNNAMED,master/assets/items/weapon/mw171_UNNAMED.webp,b0df1eb2585597bcf17dfdfc5754d1b90f187cc0,384
weapon,mw172,UNNAMED,master/assets/items/weapon/mw172_UNNAMED.webp,708a55f48c90c9611edf2053f7b94d74e1fb3380,316
weapon,mw173,벼이삭,master/assets/items/weapon/mw173_벼이삭.webp,46b65fcea8589527ca88abdd5a20dd6ea80520f5,182
weapon,mw174,영월충,master/assets/items/weapon/mw174_영월충.webp,8e84bec41fec1d03643cc0e633be9c7d607a593a,252
weapon,mw175,영월궁,master/assets/items/weapon/mw175_영월궁.webp,cef0a6c4375d4af9a8d4dba252c194f700e7e5cd,230
weapon,mw176,프로포즈의꽃다발,master/assets/items/weapon/mw176_프로포즈의꽃다발.webp,7a5157496b21886da785a16cd4c54a8972a2ee48,404
weapon,mw177,노란곰돌이풍선,master/assets/items/weapon/mw177_노란곰돌이풍선.webp,8847aee75a9e81b02dd7bc2eacd6563d22f151be,314
weapon,mw178,초록곰돌이풍선,master/assets/items/weapon/mw178_초록곰돌이풍선.webp,fc44fc793fd3e3dd815639cd11516ed3a20c68dc,302
weapon,mw179,다홍색풍선,master/assets/items/weapon/mw179_다홍색풍선.webp,3298a043efdbb6b26706e07ca5c91562e199a1fd,244
weapon,mw180,물빛풍선,master/assets/items/weapon/mw180_물빛풍선.webp,cd533f6a30a13139dbc9716a8f50ea20ef92244c,258
weapon,mw181,빨간하트풍선,master/assets/items/weapon/mw181_빨간하트풍선.webp,4b2909a8f5aeab4b6246ffd187fa11907be535dc,254
weapon,mw182,보라하트풍선,master/assets/items/weapon/mw182_보라하트풍선.webp,b82a02ea8c6eece7ab1d9c3891e025f79180f2e1,234
weapon,mw183,스위트하트풍선,master/assets/items/weapon/mw183_스위트하트풍선.webp,4e12973e2334d8d234baa6ab7b65bf1064148de7,470
weapon,mw184,왕풍선,master/assets/items/weapon/mw184_왕풍선.webp,c0cafaab9f3a5a691c4c9271810f8bfa0d982c78,556
weapon,mw186,가디언바스타드액스,master/assets/items/weapon/mw186_가디언바스타드액스.webp,59e0bad51fa7a8078c65cf98b42f7239aebefdb3,466
weapon,mw187,매직가디언스태프,master/assets/items/weapon/mw187_매직가디언스태프.webp,1cd19c0ad01d48859675d9c174df63fd00e14752,218
weapon,mw188,UNNAMED,master/assets/items/weapon/mw188_UNNAMED.webp,b86a85cc61712f5bc29ee57e876d9bb0850b9bfa,330
weapon,mw189,[2012설날]가오리연,master/assets/items/weapon/mw189_[2012설날]가오리연.webp,0cf5aa8154d0830044d7c3dd56134f7fd3124d20,170
weapon,mw190,가디언롬파이어,master/assets/items/weapon/mw190_가디언롬파이어.webp,b208a9d3a9341225a6f6dd4318dbca3a0e2a6ffa,216
weapon,mw191,UNNAMED,master/assets/items/weapon/mw191_UNNAMED.webp,462f5dcb8e9e9416305fe5277f7d9f98b4edfc96,506
weapon,mw192,스톤배트,master/assets/items/weapon/mw192_스톤배트.webp,64ba391443f366f5443ca39f37cbe417eb7084da,242
weapon,mw193,미투입무기3308,master/assets/items/weapon/mw193_미투입무기3308.webp,f930d163247530d12f011b6d5cffb2bcfa127343,220
weapon,mw194,커스아룬다이트,master/assets/items/weapon/mw194_커스아룬다이트.webp,1b18877d78af650b24456ece631787c2193b3b22,232
weapon,mw195,매직아룬다이트,master/assets/items/weapon/mw195_매직아룬다이트.webp,c82bbc851269d078202f3d4a1ccb273b684536a4,216
weapon,mw196,UNNAMED,master/assets/items/weapon/mw196_UNNAMED.webp,cf4078307c15a4ed06ec9ac404ea643be8f6970f,232
weapon,mw197,커스프람베르그,master/assets/items/weapon/mw197_커스프람베르그.webp,db33ba8033954ae9e248c30a901cc27f79b9eade,124
weapon,mw198,매직프람베르그,master/assets/items/weapon/mw198_매직프람베르그.webp,7f5e1c7a8ee93419d9b44e3853207e32ba5766de,134
weapon,mw199,UNNAMED,master/assets/items/weapon/mw199_UNNAMED.webp,e7c12d1764627bcd3b7b09011f1516a04ce0d1e6,136
weapon,mw203,투핸드샤크블레이드,master/assets/items/weapon/mw203_투핸드샤크블레이드.webp,1066f5c46239e56a45b9c3ed5293ac3a5be9fb94,342
weapon,mw205,낚시대(Master),master/assets/items/weapon/mw205_낚시대(Master).webp,6b05c94e682af82f56e1ca94b81674e15157e1e1,226
weapon,mw206,낚시대(Lev8),master/assets/items/weapon/mw206_낚시대(Lev8).webp,8dd503e0f91bc715e9b9bf9382796f0b2c4b033d,244
weapon,mw207,낚시대(Lev7),master/assets/items/weapon/mw207_낚시대(Lev7).webp,50be44749a4d89d923bc9128f0788bd91164d338,236
weapon,mw208,낚시대(Lev3),master/assets/items/weapon/mw208_낚시대(Lev3).webp,c65982133ce97ba94071e03442e77ce61ae2a16f,244
weapon,mw209,UNNAMED,master/assets/items/weapon/mw209_UNNAMED.webp,cc39896fb7133604a86998e8cd130909a4339a3e,258
weapon,mw210,UNNAMED,master/assets/items/weapon/mw210_UNNAMED.webp,1eeb0940e4bf34545c26df0a0d4797627eef6c2e,258
weapon,mw211,낚시대(Lev5),master/assets/items/weapon/mw211_낚시대(Lev5).webp,de1c4bf6a4d5ceae4a60c3d6995527449257719c,236
weapon,mw212,낚시대(Lev9),master/assets/items/weapon/mw212_낚시대(Lev9).webp,625d8ca5c28fcb1ac851d1c029ba5314be86d4e9,218
weapon,mw213,낚시대(Lev6),master/assets/items/weapon/mw213_낚시대(Lev6).webp,2057802ffbc0a7e75cbdcddde984006b898ef4b0,226
weapon,mw214,낚시대(Lev2),master/assets/items/weapon/mw214_낚시대(Lev2).webp,40cbe2608aae949d34b748be476f09b8f0857873,238
weapon,mw215,돈파,master/assets/items/weapon/mw215_돈파.webp,1597ede4f12c4859d15ae126fe157aee887e3614,216
weapon,mw216,흰우산,master/assets/items/weapon/mw216_흰우산.webp,4c9bade6943421c234305238eb56a78052a49da4,216
weapon,mw217,크리스마스벌룬,master/assets/items/weapon/mw217_크리스마스벌룬.webp,b410a9f02c88e74f2cd1931ef7b72e148f8ad588,424
weapon,mw218,UNNAMED,master/assets/items/weapon/mw218_UNNAMED.webp,565441b11f839a74114b7d6c70343d1d540ad43a,360
weapon,mw219,축구공2006,master/assets/items/weapon/mw219_축구공2006.webp,8ca6ca57af178f44e3f1a080b9fe2376ff49a704,194
weapon,mw224,왕빨강풍선,master/assets/items/weapon/mw224_왕빨강풍선.webp,5d654010a1afec8c49bebc6c0a4437278fde3fb1,566
weapon,mw225,에드벌룬,master/assets/items/weapon/mw225_에드벌룬.webp,3d05f11ed6d31fbd3a8b87a495c80ff4e861355a,584
weapon,mw226,채집망,master/assets/items/weapon/mw226_채집망.webp,7af7884bafb073a23b7cce4968d6bfc51dbf2757,244
weapon,mw227,UNNAMED,master/assets/items/weapon/mw227_UNNAMED.webp,8b09fe07c95b9d9d72b0e47d52f41fcf755419c6,252
weapon,mw228,UNNAMED,master/assets/items/weapon/mw228_UNNAMED.webp,6b57bc4cc87da06f61ace3356cb4ee1774cda6fa,242
weapon,mw229,UNNAMED,master/assets/items/weapon/mw229_UNNAMED.webp,06ba915cf13804ec76226c2055d4fc455dbfa8af,242
weapon,mw230,UNNAMED,master/assets/items/weapon/mw230_UNNAMED.webp,6089991b9b2eb0ab492634035abed8c3b7836757,186
weapon,mw231,UNNAMED,master/assets/items/weapon/mw231_UNNAMED.webp,f2636a7c42bd219b982d75d7d903e751c2e7dccc,232
weapon,mw232,UNNAMED,master/assets/items/weapon/mw232_UNNAMED.webp,f848ff8d2c1c98a5a88e9bcfcd9c5738c539e67e,242
weapon,mw233,UNNAMED,master/assets/items/weapon/mw233_UNNAMED.webp,0fb52a57dff7e0902ff9797aeb0646bb2dd6d3a5,254
weapon,mw234,UNNAMED,master/assets/items/weapon/mw234_UNNAMED.webp,d171a6fe4bf6fd37eb7e9918af809b991a21bfe5,256
weapon,mw235,UNNAMED,master/assets/items/weapon/mw235_UNNAMED.webp,8a962d4da252ba1b35aae7ee0a5e14e81c4ef2bb,232
weapon,mw236,UNNAMED,master/assets/items/weapon/mw236_UNNAMED.webp,ac9b4344b83f328e24ce201e557fc40d8197f6f6,230
weapon,mw238,UNNAMED,master/assets/items/weapon/mw238_UNNAMED.webp,78a6ebfee57aa9e19ddcb2d83a673a5f39d4775c,408
weapon,mw239,UNNAMED,master/assets/items/weapon/mw239_UNNAMED.webp,39d6b143504f4f43b3d4f8b1b98ccc7832cb544e,296
weapon,mw240,호박램프,master/assets/items/weapon/mw240_호박램프.webp,00ab252a331aacc9c2f0f404c95dd249b9579835,338
weapon,mw241,합격축하,master/assets/items/weapon/mw241_합격축하.webp,a10180fdec3a90db9b0b29ab7fe129ae81be34a7,344
weapon,mw242,쵸코막대,master/assets/items/weapon/mw242_쵸코막대.webp,1df70807d5f35f6ca77a670bed5ad0296c60bb3d,148
weapon,mw243,마술사빗자루,master/assets/items/weapon/mw243_마술사빗자루.webp,d92a4f833df58c58cecf11b74e84dc83ce161765,252
weapon,mw248,화이트막대사탕,master/assets/items/weapon/mw248_화이트막대사탕.webp,b5aee03e71d8ec05f5564372d050d78b8b1f6615,190
weapon,mw249,UNNAMED,master/assets/items/weapon/mw249_UNNAMED.webp,f8ebf21891a16475d1d6ac27fa7a7c16922b1b85,318
weapon,mw250,UNNAMED,master/assets/items/weapon/mw250_UNNAMED.webp,bd75c15efd42897c2c82b62c5c9e33cdd1187fd0,228
weapon,mw251,토이엑스,master/assets/items/weapon/mw251_토이엑스.webp,ce594b5aee94d1b823d6519b03fb60f4d9e265c7,334
weapon,mw252,토이암,master/assets/items/weapon/mw252_토이암.webp,e205663330fd6c0a78121606151a4fcfc30caa5b,196
weapon,mw253,분홍토끼풍선,master/assets/items/weapon/mw253_분홍토끼풍선.webp,3f424ff76822b772bf89959ea5c138e75e2780bc,166
weapon,mw254,피크닉바구니,master/assets/items/weapon/mw254_피크닉바구니.webp,872cef11917d38fe82150fbb9ef9b6edd71f4e0e,270
weapon,mw255,UNNAMED,master/assets/items/weapon/mw255_UNNAMED.webp,e269019e42035a84760b2732576100980b0913fc,136
weapon,mw256,UNNAMED,master/assets/items/weapon/mw256_UNNAMED.webp,5ecc9ec03da441ed16a5cc4eb53fe3a3b71dc3e9,332
weapon,mw257,월요검,master/assets/items/weapon/mw257_월요검.webp,69911b9979bf8e6f5cc46d02a2dc174cd6e11dc8,356
weapon,mw258,파이어럿세이버,master/assets/items/weapon/mw258_파이어럿세이버.webp,5ddf1cf937a6e98ec0907f10dd6add26af3e9133,256
weapon,mw259,아기오리,master/assets/items/weapon/mw259_아기오리.webp,02b4d9a1469cf0b28589c2723701967ac65f0846,202
weapon,mw260,UNNAMED,master/assets/items/weapon/mw260_UNNAMED.webp,b7ee55335ae00e91d90ee4a73608c81194e9edfc,414
weapon,mw261,홍봉선,master/assets/items/weapon/mw261_홍봉선.webp,743b2520e982d75fe1532b405cc166824b1c69c1,264
weapon,mw262,UNNAMED,master/assets/items/weapon/mw262_UNNAMED.webp,3ce658324525a8b6d40a5ae3237d7cbe389e8373,148
weapon,mw263,UNNAMED,master/assets/items/weapon/mw263_UNNAMED.webp,b0b22823a1ec6bc007c6dca1225bcf5b24c9531f,156
weapon,mw264,라이트닝소울액스,master/assets/items/weapon/mw264_라이트닝소울액스.webp,7bc3c60a11d3315dd9149078ae2916fbf5eebbba,600
weapon,mw265,에고소드,master/assets/items/weapon/mw265_에고소드.webp,70515b7cb98eee425b97e8c4a3de8c3eba599ce0,524
weapon,mw266,에고블레이드,master/assets/items/weapon/mw266_에고블레이드.webp,f3aa885a5448e4ef4334bc5e180f94c0ff9f3bdc,598
weapon,mw267,지존무기직자,master/assets/items/weapon/mw267_지존무기직자.webp,616cb03ae3cb287c645a3611e173efc436810f74,376
weapon,mw268,지존무기전사,master/assets/items/weapon/mw268_지존무기전사.webp,54d04f6a5788a0118f00796ea2cb0eeccdcf7c0b,436
weapon,mw269,UNNAMED,master/assets/items/weapon/mw269_UNNAMED.webp,82c057b3197b338a70cc95dd306d70f331a06381,212
weapon,mw270,파워글러브,master/assets/items/weapon/mw270_파워글러브.webp,6cc0f761764d6a65c1792437e5e4ffcece6dc90c,210
weapon,mw271,지존무기법사,master/assets/items/weapon/mw271_지존무기법사.webp,25936d3d3153a7d0d5f925369081665b3c77c379,356
weapon,mw272,스플릿소울,master/assets/items/weapon/mw272_스플릿소울.webp,233452630c8e34de399531113be53f9cfd7989af,464
weapon,mw273,스쿼시더아이언,master/assets/items/weapon/mw273_스쿼시더아이언.webp,bdd0ad02f5d4b205008632069ceaea7380f667dd,462
weapon,mw274,펄스비트,master/assets/items/weapon/mw274_펄스비트.webp,2c2290549cb7cb3ccf6a4386e6e398d348eca45c,360
weapon,mw275,UNNAMED,master/assets/items/weapon/mw275_UNNAMED.webp,2b3e992221d3f8bf583227f5c5bd016a0d4b91fd,360
weapon,mw276,블로우웨이브,master/assets/items/weapon/mw276_블로우웨이브.webp,f16acb3643ccc4c19cf8f38bc172b395df699bee,428
weapon,mw277,UNNAMED,master/assets/items/weapon/mw277_UNNAMED.webp,9ac8538d48bd813ec7ef493838caf00731cbaabd,306
weapon,mw279,[마법사]뮤레칸의지팡이(1단계),master/assets/items/weapon/mw279_[마법사]뮤레칸의지팡이(1단계).webp,670e7e58d72f7e5c04d5d7778617f9f443c16bb7,360
weapon,mw280,[성직자]뮤레칸의스태프(1단계),master/assets/items/weapon/mw280_[성직자]뮤레칸의스태프(1단계).webp,e6cd1a662519d37751a759caa2d2337fda82521b,554
weapon,mw281,[전사]뮤레칸의스냅(1단계),master/assets/items/weapon/mw281_[전사]뮤레칸의스냅(1단계).webp,e78ba92672cf8b539250af701aa407a8a684691a,572
weapon,mw282,[돌아온]오딘의창,master/assets/items/weapon/mw282_[돌아온]오딘의창.webp,e6d11ce7776a73fa061f39e088bb60414c283811,184
weapon,mw283,추모풍선,master/assets/items/weapon/mw283_추모풍선.webp,31108b1fb12fa770879b4e4e39dc3fff8ef8b384,220
weapon,mw284,히야트디그,master/assets/items/weapon/mw284_히야트디그.webp,c4e600e79cc0b7f8b4bcfb35b589e204b9acf458,210
weapon,mw285,히야트글러브,master/assets/items/weapon/mw285_히야트글러브.webp,20bfe506521c281ed816184973ad6ed700647f24,224
weapon,mw286,UNNAMED,master/assets/items/weapon/mw286_UNNAMED.webp,fb359bffcc24e6aea67cb6c053ed8762da171618,542
weapon,mw287,히야트홀리스태프,master/assets/items/weapon/mw287_히야트홀리스태프.webp,eb141194877cedbc653dcb992bcf6f13a519be36,262
weapon,mw288,히야트스냅,master/assets/items/weapon/mw288_히야트스냅.webp,cfb76280952848c91710ce804cb820b07c0c8a2a,392
weapon,mw289,UNNAMED,master/assets/items/weapon/mw289_UNNAMED.webp,b3f802fafdb27277488d6981cbbd804564f5f2f2,278
weapon,mw290,템플나이트스피어,master/assets/items/weapon/mw290_템플나이트스피어.webp,dc9ff3c6b961e43a38682aa05fec0d25bee3c819,358
weapon,mw291,칠지도,master/assets/items/weapon/mw291_칠지도.webp,355f6877ac9806c0d1edf4b0a5bc56f505f4b0f7,190
weapon,mw292,UNNAMED,master/assets/items/weapon/mw292_UNNAMED.webp,2a22fbfad767ff80c90ff5ba16a4a9d1f02deab9,172
weapon,mw294,다크로열디스트로이어,master/assets/items/weapon/mw294_다크로열디스트로이어.webp,b7c7470b5ec0f35d692693dd93551b085fbdd8e2,426
weapon,mw295,마스터피닉스크로어,master/assets/items/weapon/mw295_마스터피닉스크로어.webp,5af4833c2e7c7d153c89e3e7eef813ba06ee7c6d,324
weapon,mw296,동목도,master/assets/items/weapon/mw296_동목도.webp,40208e1e751ed1aeea4a606b63a3b3bc8b4b7093,150
weapon,mw297,UNNAMED,master/assets/items/weapon/mw297_UNNAMED.webp,dad80aa83f6c14f77cd05a8eb38a4580d25fda1a,138
weapon,mw298,금목도,master/assets/items/weapon/mw298_금목도.webp,95dad22c9d0bfd4223bbfa1ba21058a8a20f806a,140
weapon,mw299,UNNAMED,master/assets/items/weapon/mw299_UNNAMED.webp,8ab65c2a26bb6ff2b849d9e5f91ada6481aa943e,224
weapon,mw300,(삼일절)태극기,master/assets/items/weapon/mw300_(삼일절)태극기.webp,a6b54a7bbf05452bd0799579a9c2dd05ebd883a1,220
weapon,mw301,꿀꿀돼지풍선,master/assets/items/weapon/mw301_꿀꿀돼지풍선.webp,5cc18d8e0eba9127247c360068ddc3abc08eb645,366
weapon,mw302,UNNAMED,master/assets/items/weapon/mw302_UNNAMED.webp,8d27d652f60fffb493c83c5cde22d7e33c186faa,140
weapon,mw303,홀리루딘길드소드,master/assets/items/weapon/mw303_홀리루딘길드소드.webp,9b2a9f01a1613b1eb16f3e6c865efadf6d8b7918,218
weapon,mw304,오월사탕무기,master/assets/items/weapon/mw304_오월사탕무기.webp,9340db89118541b8153282f8334fbc1980af8886,308
weapon,mw305,UNNAMED,master/assets/items/weapon/mw305_UNNAMED.webp,26cdbbd8254ae1f1b1ae8fbc9ea1631fae5a6248,328
weapon,mw306,바람개비무기,master/assets/items/weapon/mw306_바람개비무기.webp,090146e94020c92a01eb33fad558d4cb41132ed1,316
weapon,mw307,UNNAMED,master/assets/items/weapon/mw307_UNNAMED.webp,4a1b609bfe5c034e7e9a69733c6924133f152a91,346
weapon,mw308,전사무기테스트2,master/assets/items/weapon/mw308_전사무기테스트2.webp,c09ded0f5f180113c82edcee9f9fee4217edf7ce,288
weapon,mw309,도가무기테스트2,master/assets/items/weapon/mw309_도가무기테스트2.webp,227aa8fa5a24c27925e85784f58a541a3f70411b,240
weapon,mw310,UNNAMED,master/assets/items/weapon/mw310_UNNAMED.webp,a5654673317237b08e7aa450aa582ededcc4b18d,248
weapon,mw311,UNNAMED,master/assets/items/weapon/mw311_UNNAMED.webp,4eb2920a5507e756e5db0ee5a4be0754103fe983,280
weapon,mw312,UNNAMED,master/assets/items/weapon/mw312_UNNAMED.webp,3d41cb0639ec641c6663ecfbdfb569880c32532d,376
weapon,mw313,UNNAMED,master/assets/items/weapon/mw313_UNNAMED.webp,7880a06cebd0bbba41606528b0129140e52d1648,344
weapon,mw314,UNNAMED,master/assets/items/weapon/mw314_UNNAMED.webp,d6e05301936ca529f650b11caa0465f5686a839c,284
weapon,mw315,도적무기테스트,master/assets/items/weapon/mw315_도적무기테스트.webp,d67cb18b1c9d6d004a99319028ca16d2c7c250ca,264
weapon,mw316,UNNAMED,master/assets/items/weapon/mw316_UNNAMED.webp,c9adfb96331586fe620578ebd62c0416600d43df,382
weapon,mw317,캐시무기테스트,master/assets/items/weapon/mw317_캐시무기테스트.webp,aed522be4ecdf0979f66442c9856c8801147a6bd,264
weapon,mw328,UNNAMED,master/assets/items/weapon/mw328_UNNAMED.webp,1eae7f95ba2c75dcf533bb877ddc7ada9a10d538,194
weapon,mw329,당근풍선,master/assets/items/weapon/mw329_당근풍선.webp,41290f7aeb541a427e70b0df15a6fea47df40fe8,308
weapon,mw330,흑염룡,master/assets/items/weapon/mw330_흑염룡.webp,c8a0aeeb2d0043fdbfa80fa628618f9c88a92222,216
weapon,mw331,클레릭스태프(Lev1),master/assets/items/weapon/mw331_클레릭스태프(Lev1).webp,ff5d0715e9be3ae51fc5cd5d45b7c36bd9021a49,530
weapon,mw332,나이트소드(Lev1),master/assets/items/weapon/mw332_나이트소드(Lev1).webp,6f3b2ff8531d56243207e7d8cc2872ee6ffb3b24,540
weapon,mw333,UNNAMED,master/assets/items/weapon/mw333_UNNAMED.webp,a607435920f64ea9acae01ae8fc05ca1c2fe0648,344
weapon,mw334,UNNAMED,master/assets/items/weapon/mw334_UNNAMED.webp,f2e878611d953a7220973712b157e17e994c4f78,340
weapon,mw335,UNNAMED,master/assets/items/weapon/mw335_UNNAMED.webp,ee511070703043ee40020678586aac82abc887e3,426
weapon,mw351,펌킨스틱,master/assets/items/weapon/mw351_펌킨스틱.webp,4e514de670294dca509486769579390361dbfff2,278
weapon,mw352,스노우볼,master/assets/items/weapon/mw352_스노우볼.webp,77d0a9ddab88abe26961aeb52899a4d87b0615f6,414
weapon,mw353,청룡의숨결,master/assets/items/weapon/mw353_청룡의숨결.webp,361f399813a9e14614b3fa5795937f88de759c0f,1146
weapon,mw354,UNNAMED,master/assets/items/weapon/mw354_UNNAMED.webp,95c2eb3cf4467ef942ec176cdfae7fe81085ff1b,370
weapon,mw355,마신의편린,master/assets/items/weapon/mw355_마신의편린.webp,821e9cc6d0c10e990b853d09f4e78dcb0b083827,708
weapon,mw356,냥냥FX,master/assets/items/weapon/mw356_냥냥FX.webp,14f091db27efa7c452cbba3b30e0637896b8a742,236
weapon,mw357,UNNAMED,master/assets/items/weapon/mw357_UNNAMED.webp,20a587028da26e1ad66e2a0dd57c9f5b5ae68f7a,80
weapon,mw358,UNNAMED,master/assets/items/weapon/mw358_UNNAMED.webp,6d83b6846dbd531a6eded1a9be6ec70d0e7db2e7,100
weapon,mw363,헤븐즈게이트소드,master/assets/items/weapon/mw363_헤븐즈게이트소드.webp,77ea7d48e2a83d965acece5d134c90fba782e0d9,798
weapon,mw364,달토끼,master/assets/items/weapon/mw364_달토끼.webp,0797e2ae6bb69fce163b2a94ccbbd6c567ca78f9,744
weapon,mw365,UNNAMED,master/assets/items/weapon/mw365_UNNAMED.webp,e69f86f7d3d33593b893f6d9cc4aab57896ea2a4,190
weapon,ww001,UNNAMED,master/assets/items/weapon/ww001_UNNAMED.webp,be25130ce3c619975126c7a896b67c59d8df1578,116
weapon,ww002,UNNAMED,master/assets/items/weapon/ww002_UNNAMED.webp,8155c048713ea2eabf63915e0e724ba89cbff743,158
weapon,ww003,UNNAMED,master/assets/items/weapon/ww003_UNNAMED.webp,3b4f437707aa0fcbf3954a6c3110e571629a6aa8,172
weapon,ww004,UNNAMED,master/assets/items/weapon/ww004_UNNAMED.webp,388e63b2bcb3ac2c2adf976795aae2c270ce1d91,220
weapon,ww005,UNNAMED,master/assets/items/weapon/ww005_UNNAMED.webp,251fe36bb59b21931a6d36d0454dff04d22b3b56,226
weapon,ww006,UNNAMED,master/assets/items/weapon/ww006_UNNAMED.webp,cd1b535ce9ce76e8f69d6a669100459425f84673,108
weapon,ww007,UNNAMED,master/assets/items/weapon/ww007_UNNAMED.webp,c399c47658cd554aab7d8265c8d48ac430a01d8e,144
weapon,ww008,UNNAMED,master/assets/items/weapon/ww008_UNNAMED.webp,8108ef5d7555c7831564e13b187beaef2feda760,188
weapon,ww009,UNNAMED,master/assets/items/weapon/ww009_UNNAMED.webp,cbd6c33a2a62ead709a6ff2411629d69d99cd55d,148
weapon,ww010,UNNAMED,master/assets/items/weapon/ww010_UNNAMED.webp,136280a1917e04a56cc50548a745fb42b58ee14b,282
weapon,ww011,UNNAMED,master/assets/items/weapon/ww011_UNNAMED.webp,c7cdeda7e11fbf5314a68034dc696e066bd053d9,258
weapon,ww012,UNNAMED,master/assets/items/weapon/ww012_UNNAMED.webp,6f265a3ced0dfd8fe836ae9644f64ef2586c7a6a,228
weapon,ww013,UNNAMED,master/assets/items/weapon/ww013_UNNAMED.webp,5463a51410fe18bf277978bf2eb4794a4336c921,204
weapon,ww014,UNNAMED,master/assets/items/weapon/ww014_UNNAMED.webp,7b201629f02222f4f1a528b610da66f171ddeba4,170
weapon,ww015,UNNAMED,master/assets/items/weapon/ww015_UNNAMED.webp,bc08abc045dadcca0b265d1610082747d35ab564,142
weapon,ww016,UNNAMED,master/assets/items/weapon/ww016_UNNAMED.webp,f6957b3dba810a9651ca946e7df05bebf1b3306c,244
weapon,ww017,UNNAMED,master/assets/items/weapon/ww017_UNNAMED.webp,14b00f8748fe50b778613faa85547a76656ba3c1,162
weapon,ww018,UNNAMED,master/assets/items/weapon/ww018_UNNAMED.webp,cbeee2a3ee232b99118132999b923cd36653703f,214
weapon,ww019,UNNAMED,master/assets/items/weapon/ww019_UNNAMED.webp,5703aa537393547039eaaa9cb8753c9f621d21d9,180
weapon,ww020,UNNAMED,master/assets/items/weapon/ww020_UNNAMED.webp,6aa93f4994e2184cef3f4dda2d9febf2253d0bbe,198
weapon,ww021,UNNAMED,master/assets/items/weapon/ww021_UNNAMED.webp,1acc0e3b7d0cef658f6fa3a748ec93921de7886e,190
weapon,ww022,UNNAMED,master/assets/items/weapon/ww022_UNNAMED.webp,ab337680c5c8e934c3d6b67a2a060c4aa563e396,222
weapon,ww023,UNNAMED,master/assets/items/weapon/ww023_UNNAMED.webp,8a3c5dbd6289d79623ec59e7ca7c663796250f22,276
weapon,ww024,매직세티아_홀리세티아,master/assets/items/weapon/ww024_매직세티아_홀리세티아.webp,ec060729ca9b8ce106d890263bfc26e627df563c,170
weapon,ww025,매직솔라_홀리솔라,master/assets/items/weapon/ww025_매직솔라_홀리솔라.webp,14615d9984a32ef3e2a03b41b205f1486c518c91,152
weapon,ww026,매직루나_홀리루나,master/assets/items/weapon/ww026_매직루나_홀리루나.webp,57c37e4307ab60cf483a8abafb85f3f3d204165f,208
weapon,ww027,매직가이아_홀리가이아,master/assets/items/weapon/ww027_매직가이아_홀리가이아.webp,bb6650a515a7af37bbf4f0836b6d8c3e763c3d3a,188
weapon,ww028,UNNAMED,master/assets/items/weapon/ww028_UNNAMED.webp,6fe51fb015efbbff6a1baa1adb1b63aefc229d64,82
weapon,ww029,UNNAMED,master/assets/items/weapon/ww029_UNNAMED.webp,43c76ce15f04f32fe36a047ac900730572d6972b,78
weapon,ww030,UNNAMED,master/assets/items/weapon/ww030_UNNAMED.webp,48368cddf0b8a3422a5e7e0d551b65481a5f65af,114
weapon,ww031,UNNAMED,master/assets/items/weapon/ww031_UNNAMED.webp,797885fdcbcfa1ca8b789a24f5d2bb97b9cd0ec2,100
weapon,ww032,혈단검,master/assets/items/weapon/ww032_혈단검.webp,8173b0ab11d42a126119f334c65762459faaaa8c,104
weapon,ww033,UNNAMED,master/assets/items/weapon/ww033_UNNAMED.webp,a7b02631e58214c751108b3276c379a945d07477,100
weapon,ww034,우든클럽,master/assets/items/weapon/ww034_우든클럽.webp,9a7f0f499fab74bfef3b6403307e2f7d78216c39,122
weapon,ww035,스파이크클럽,master/assets/items/weapon/ww035_스파이크클럽.webp,f787e3b8972be312767aa8267c725215325cbc4a,142
weapon,ww036,UNNAMED,master/assets/items/weapon/ww036_UNNAMED.webp,254d01814a0029a777bdc653f439bc04faf4c094,240
weapon,ww037,UNNAMED,master/assets/items/weapon/ww037_UNNAMED.webp,2bd20d8556f1747b5b396b90a59b814d4e7acc97,276
weapon,ww038,UNNAMED,master/assets/items/weapon/ww038_UNNAMED.webp,830605e42a05731d8708150a6b553aacce4c8382,130
weapon,ww039,UNNAMED,master/assets/items/weapon/ww039_UNNAMED.webp,43d66f5deb7d9bd1fb0acc9e00eb6c093137f392,210
weapon,ww040,UNNAMED,master/assets/items/weapon/ww040_UNNAMED.webp,be0fa22c969cb471f35c07d5983a060067e33a0c,208
weapon,ww041,UNNAMED,master/assets/items/weapon/ww041_UNNAMED.webp,7cdf4323beb5e7ec00c4f69ffdc292adced7c6d9,442
weapon,ww042,UNNAMED,master/assets/items/weapon/ww042_UNNAMED.webp,792a48dc2a304c127830d5f9194d5c18cf5867da,172
weapon,ww043,UNNAMED,master/assets/items/weapon/ww043_UNNAMED.webp,b3a8379580b640e12ecb323577f06637b428f2ce,234
weapon,ww044,UNNAMED,master/assets/items/weapon/ww044_UNNAMED.webp,b08eaf8ea6906f740dc57900471d1ecdd239861c,410
weapon,ww045,UNNAMED,master/assets/items/weapon/ww045_UNNAMED.webp,e0fcd346c26929f82c2e0367558065688f7d2553,154
weapon,ww046,UNNAMED,master/assets/items/weapon/ww046_UNNAMED.webp,98a998d4851d689aa9ab28f2a3563c46004b1d27,114
weapon,ww047,시미터,master/assets/items/weapon/ww047_시미터.webp,ed6197471c4eab41550eabe0085983d775835d21,140
weapon,ww048,더브릴,master/assets/items/weapon/ww048_더브릴.webp,cbba86d2cdff5ad3481baf06124505e00f8a90ce,124
weapon,ww049,UNNAMED,master/assets/items/weapon/ww049_UNNAMED.webp,3cc6ab9e485b6ef66ec888502949e8f1b98fbd59,70
weapon,ww050,미스릴채찍,master/assets/items/weapon/ww050_미스릴채찍.webp,2cb6c4018b2b6b1ec3fcf76ef0601d7635e4919e,84
weapon,ww051,루비채찍,master/assets/items/weapon/ww051_루비채찍.webp,d1478a75770121529cf80d83ac47b03fbfe9df94,84
weapon,ww052,체인,master/assets/items/weapon/ww052_체인.webp,b959a68f0b391ceac409c836917fee057a3f4260,84
weapon,ww053,UNNAMED,master/assets/items/weapon/ww053_UNNAMED.webp,ad22702f7963dcc9a831e8509937356d31e721ed,230
weapon,ww054,토마호크,master/assets/items/weapon/ww054_토마호크.webp,bedcdf2f25f90bd784b4804773e13f713065cd97,136
weapon,ww055,UNNAMED,master/assets/items/weapon/ww055_UNNAMED.webp,53ec42c8bb34b385d468ff2bdcb510a5fe6c0f10,330
weapon,ww056,실버시미터,master/assets/items/weapon/ww056_실버시미터.webp,0b01d99b88dd34ae87c93e94898dc054d2004b5a,160
weapon,ww057,UNNAMED,master/assets/items/weapon/ww057_UNNAMED.webp,eca43b87234ad6aaf0c86a40284851c575bba7e7,140
weapon,ww058,UNNAMED,master/assets/items/weapon/ww058_UNNAMED.webp,9ceb00571356591e84cc8e5317647ce4b0659dba,140
weapon,ww059,UNNAMED,master/assets/items/weapon/ww059_UNNAMED.webp,9826c1e54ccf371a00dd47944e4e8861a39db70a,128
weapon,ww060,UNNAMED,master/assets/items/weapon/ww060_UNNAMED.webp,daca154ecadb19d0e69613acb796111004048ab9,140
weapon,ww061,UNNAMED,master/assets/items/weapon/ww061_UNNAMED.webp,1034f0cfba6ce2478da20452c04833163fb32c48,140
weapon,ww062,매직파나_홀리파나,master/assets/items/weapon/ww062_매직파나_홀리파나.webp,4c2a93a748c05107ab72d8483d2eb50ade4fb6b5,146
weapon,ww063,UNNAMED,master/assets/items/weapon/ww063_UNNAMED.webp,a7dfe473e59bc6a5d241f35f4d27b80f21824bf4,144
weapon,ww064,UNNAMED,master/assets/items/weapon/ww064_UNNAMED.webp,76ef15de26fcd03f582bdab371f502f1be17f093,144
weapon,ww065,UNNAMED,master/assets/items/weapon/ww065_UNNAMED.webp,5acc1e0af95f2e035c67466d3f512e6d8eb713fa,152
weapon,ww066,UNNAMED,master/assets/items/weapon/ww066_UNNAMED.webp,4488e33d7895cafa1253ffba7417cc44cce4893e,156
weapon,ww067,복실이,master/assets/items/weapon/ww067_복실이.webp,ea968102775485bdc1966b46298a164f08f399d7,208
weapon,ww068,UNNAMED,master/assets/items/weapon/ww068_UNNAMED.webp,3c1613b628076a806e50632c7a691a3dc8b3c59e,356
weapon,ww069,UNNAMED,master/assets/items/weapon/ww069_UNNAMED.webp,f920b33f0c0be472b8dc00b65a2273ad4aa694cd,176
weapon,ww070,UNNAMED,master/assets/items/weapon/ww070_UNNAMED.webp,f4736aa790dc3acfa6530781d73d49998d12ac2b,204
weapon,ww071,UNNAMED,master/assets/items/weapon/ww071_UNNAMED.webp,d73247bc0027006ab1258a9ff3368011a5c666c5,196
weapon,ww072,UNNAMED,master/assets/items/weapon/ww072_UNNAMED.webp,6fdee9cf940529d244fcd88e2093928f16d2ba7f,200
weapon,ww073,UNNAMED,master/assets/items/weapon/ww073_UNNAMED.webp,d76e6b688b651030d31b7e15ff9c3ea2d3d7b903,200
weapon,ww074,UNNAMED,master/assets/items/weapon/ww074_UNNAMED.webp,edeec829fcc3211e3990317f5f48961c78718fe4,194
weapon,ww075,UNNAMED,master/assets/items/weapon/ww075_UNNAMED.webp,45bf68c44fe325acf57fedaa414ed7f6aaf161d9,182
weapon,ww076,UNNAMED,master/assets/items/weapon/ww076_UNNAMED.webp,8c72af36a32205d8d10e1774562d69da3d7e1658,214
weapon,ww077,아조스,master/assets/items/weapon/ww077_아조스.webp,acf489ce8bcbd03fe6892964f9bf7bada3decd8d,142
weapon,ww078,UNNAMED,master/assets/items/weapon/ww078_UNNAMED.webp,ee379b4b335afb8fb58bef7e2a59626f4eafd2b0,152
weapon,ww080,UNNAMED,master/assets/items/weapon/ww080_UNNAMED.webp,0c1ea82979376427540d630c76df336a2552d8be,120
weapon,ww081,다크클레릭십자가,master/assets/items/weapon/ww081_다크클레릭십자가.webp,65e90bc8194c9552ba64842309411c3ba4929f69,210
weapon,ww082,UNNAMED,master/assets/items/weapon/ww082_UNNAMED.webp,5246403ca58cb013ca506cb874d645b9a95be542,208
weapon,ww083,니크르창,master/assets/items/weapon/ww083_니크르창.webp,f4fcee60eab4ea5a55853ee8729eb4308612acc7,188
weapon,ww084,UNNAMED,master/assets/items/weapon/ww084_UNNAMED.webp,ab1dcf3d97b49e1c9ba26f6d0d6d5fe063f32eee,192
weapon,ww085,UNNAMED,master/assets/items/weapon/ww085_UNNAMED.webp,84c3a41b22cb41ccacb2e542fcf99e5a746cd5f7,118
weapon,ww086,UNNAMED,master/assets/items/weapon/ww086_UNNAMED.webp,e1abe5ac17e7ca5dcb52ab3d5e3bfb382c514560,76
weapon,ww087,UNNAMED,master/assets/items/weapon/ww087_UNNAMED.webp,abaeddd112e8a3da9d8eba35103e4a5621db7375,218
weapon,ww088,UNNAMED,master/assets/items/weapon/ww088_UNNAMED.webp,d0f1488e5c80a0b82d0aa1c0804bebba3dcfe258,210
weapon,ww089,UNNAMED,master/assets/items/weapon/ww089_UNNAMED.webp,91de73b39b4fdbe94920bb5f4f17eca278408864,126
weapon,ww090,UNNAMED,master/assets/items/weapon/ww090_UNNAMED.webp,b15654278e0f2a4616a9702dabcad0b88f951f04,162
weapon,ww091,UNNAMED,master/assets/items/weapon/ww091_UNNAMED.webp,b609661585e297efd1ce1d4e5fa8035401e7009d,206
weapon,ww092,UNNAMED,master/assets/items/weapon/ww092_UNNAMED.webp,95e28ca104def4f3aaf2d35c11693bfa2f0cb201,232
weapon,ww093,UNNAMED,master/assets/items/weapon/ww093_UNNAMED.webp,00388da6a99c440af017214736200495538d44ea,148
weapon,ww094,UNNAMED,master/assets/items/weapon/ww094_UNNAMED.webp,0d12731ec34ee1454a930742b6a2f29394b22373,162
weapon,ww095,UNNAMED,master/assets/items/weapon/ww095_UNNAMED.webp,1a4fdf7da24152dd52e8a692f1dd62c3a1875179,208
weapon,ww096,하이브레이질그래이트배틀액스,master/assets/items/weapon/ww096_하이브레이질그래이트배틀액스.webp,6b4333eeeb580b4bde92bd026b68623179b38207,372
weapon,ww097,UNNAMED,master/assets/items/weapon/ww097_UNNAMED.webp,9d8fbfbdb909c959b0734d3850850849735b6326,236
weapon,ww098,UNNAMED,master/assets/items/weapon/ww098_UNNAMED.webp,d412d6a4f07ded377c844a52045f5f10c8d07c66,330
weapon,ww099,UNNAMED,master/assets/items/weapon/ww099_UNNAMED.webp,c5886344133514e9814ca9a95bb14017dc1f85f2,266
weapon,ww100,UNNAMED,master/assets/items/weapon/ww100_UNNAMED.webp,e89b48f1c2cfff8e220fb70e9b5cb030ab54c33e,230
weapon,ww101,[무도가]뮤레칸의글러브(1단계),master/assets/items/weapon/ww101_[무도가]뮤레칸의글러브(1단계).webp,cb75e3a7c8fdafb9db4c7f497524bcc861e96a42,160
weapon,ww102,UNNAMED,master/assets/items/weapon/ww102_UNNAMED.webp,1364f3109996903cd4662c7254b85c0b568c6c42,110
weapon,ww103,UNNAMED,master/assets/items/weapon/ww103_UNNAMED.webp,63f87cb610c3e8d814cd3082bdd06eae1c2c4713,168
weapon,ww104,UNNAMED,master/assets/items/weapon/ww104_UNNAMED.webp,383e488a5742c4c00ac516164ee2937688eeb5fb,132
weapon,ww105,아수라,master/assets/items/weapon/ww105_아수라.webp,92fde7fd3b44a755025c2e91fbd3a8ef791f456d,176
weapon,ww106,UNNAMED,master/assets/items/weapon/ww106_UNNAMED.webp,2d8462a55c1e1aa4c4a3abcf0c8abd88cca1edbd,362
weapon,ww107,UNNAMED,master/assets/items/weapon/ww107_UNNAMED.webp,07cf48727464f2a2e2ad08c9500c41fc5e0c1b34,248
weapon,ww108,UNNAMED,master/assets/items/weapon/ww108_UNNAMED.webp,3131ec4c10c31b530f7ad199242b179e7bc943f0,222
weapon,ww109,UNNAMED,master/assets/items/weapon/ww109_UNNAMED.webp,055e7d20b48fddd53cba222dee81b833b701bb5b,338
weapon,ww110,UNNAMED,master/assets/items/weapon/ww110_UNNAMED.webp,9a29e42d5f27016cbf278c8de25b0bad9d79e247,204
weapon,ww111,UNNAMED,master/assets/items/weapon/ww111_UNNAMED.webp,ed076b6666f9b18314c33a25c30ad157b44f69ba,282
weapon,ww112,UNNAMED,master/assets/items/weapon/ww112_UNNAMED.webp,4b676cc59692e7d40b2caab2420f79720ddc9094,180
weapon,ww113,UNNAMED,master/assets/items/weapon/ww113_UNNAMED.webp,b1887ff6849af621137ac3673483e3f57b81c804,278
weapon,ww114,UNNAMED,master/assets/items/weapon/ww114_UNNAMED.webp,6436785792cee1e4f261f2178f0c4cf8025f7848,378
weapon,ww115,UNNAMED,master/assets/items/weapon/ww115_UNNAMED.webp,ac5e30ab06d3f6d15805f82329bde6905c8e91b1,304
weapon,ww116,토이휩,master/assets/items/weapon/ww116_토이휩.webp,e1c5ae27f32da482799d62a47f86e2b92623fa3b,128
weapon,ww117,UNNAMED,master/assets/items/weapon/ww117_UNNAMED.webp,432ece18e6589f15a6c9fb0ffa93a23674337410,148
weapon,ww118,UNNAMED,master/assets/items/weapon/ww118_UNNAMED.webp,8034ce9c34bf71e2bd87102bcd5a0b571fdbbfe5,462
weapon,ww119,UNNAMED,master/assets/items/weapon/ww119_UNNAMED.webp,5eb18122d0cccfaa2b42fc42d1db29c2be50c5c2,244
weapon,ww120,UNNAMED,master/assets/items/weapon/ww120_UNNAMED.webp,4b00f51d77dd3d5b9c7288ffe8d208962b25f0b4,254
weapon,ww121,UNNAMED,master/assets/items/weapon/ww121_UNNAMED.webp,81bbb1eb7bfd10a2422ceb1d79f0b2ff0973ffc2,244
weapon,ww122,UNNAMED,master/assets/items/weapon/ww122_UNNAMED.webp,145cb562887183d49ca7a759a5389cfba44caab1,242
weapon,ww123,UNNAMED,master/assets/items/weapon/ww123_UNNAMED.webp,9a22ed9838cec11bc52fd4766296412160d33134,248
weapon,ww124,UNNAMED,master/assets/items/weapon/ww124_UNNAMED.webp,32f31c4fbf0b3b363c8e00919628f518e2272e4c,258
weapon,ww125,UNNAMED,master/assets/items/weapon/ww125_UNNAMED.webp,6d8c019521c79f9d632a00bc04188e8a23fd7658,254
weapon,ww126,UNNAMED,master/assets/items/weapon/ww126_UNNAMED.webp,06a4409c98cdea29ad227dfdc984c52592f1540c,488
weapon,ww127,브레이스글러브,master/assets/items/weapon/ww127_브레이스글러브.webp,ea31761cf6a040dceb635f2b028900eeed7b3fe1,216
weapon,ww128,UNNAMED,master/assets/items/weapon/ww128_UNNAMED.webp,58ea0b486170283f50d5db2801266c4323b991ba,348
weapon,ww129,애완검은토끼,master/assets/items/weapon/ww129_애완검은토끼.webp,ae2776476946f6b31d1de8ff177f1277b1ecee75,366
weapon,ww130,UNNAMED,master/assets/items/weapon/ww130_UNNAMED.webp,ed2e1bd007b85a47219a8f98802820ab8e28d705,158
weapon,ww131,UNNAMED,master/assets/items/weapon/ww131_UNNAMED.webp,2de6f6c2e0ab42f13d818d795d44a4b437b18dc0,134
weapon,ww132,우드하프,master/assets/items/weapon/ww132_우드하프.webp,ddc0c0249cd4a10529de6615ffdacef9cdb3d796,198
weapon,ww133,UNNAMED,master/assets/items/weapon/ww133_UNNAMED.webp,c6a2f6777aecee631b2155f1f7aa4f0562fd847e,244
weapon,ww134,우드보우,master/assets/items/weapon/ww134_우드보우.webp,f2701a2faa4fa4b290f37b925aa11175ff9deecf,226
weapon,ww135,UNNAMED,master/assets/items/weapon/ww135_UNNAMED.webp,5363edb6d9e2b80aa86bd768c2e8b1b9edd425fb,252
weapon,ww136,골드베리하프,master/assets/items/weapon/ww136_골드베리하프.webp,cf1c93e53167a46faff00d4154e9a6cb4dbf3364,208
weapon,ww137,UNNAMED,master/assets/items/weapon/ww137_UNNAMED.webp,2ea2134cc2593e78a3d9663398ca0fedc694b38e,264
weapon,ww138,프린세스보우,master/assets/items/weapon/ww138_프린세스보우.webp,cb2df7f6c77080a2ca562abc0f35900b673da141,210
weapon,ww139,UNNAMED,master/assets/items/weapon/ww139_UNNAMED.webp,8e895ba8fd0f409bff78f0d7784e3c0f228aba7d,256
weapon,ww140,UNNAMED,master/assets/items/weapon/ww140_UNNAMED.webp,bc92c595cb64cb5ce8a923c0b4f537d8978dec99,212
weapon,ww141,본브레이크,master/assets/items/weapon/ww141_본브레이크.webp,f1d91ff1220a823e9add79cf7b74c499e1cd2444,502
weapon,ww142,UNNAMED,master/assets/items/weapon/ww142_UNNAMED.webp,be2acc81f5c1d6c3947fd0bc972f6f8f72115243,308
weapon,ww143,UNNAMED,master/assets/items/weapon/ww143_UNNAMED.webp,0b3aa7ef590f6dec7647fdc65501b1acb08ba4e9,250
weapon,ww144,UNNAMED,master/assets/items/weapon/ww144_UNNAMED.webp,3d907dbc78a4fc566089e1e45af4d44ef9b42b1d,234
weapon,ww145,다크본브레이크,master/assets/items/weapon/ww145_다크본브레이크.webp,0c597bc9bc5c949b324d0a31376806c214c36cec,340
weapon,ww146,UNNAMED,master/assets/items/weapon/ww146_UNNAMED.webp,f68e97347d23093b192f9b377574c7383d1ded7b,260
weapon,ww147,UNNAMED,master/assets/items/weapon/ww147_UNNAMED.webp,aec290759027e4210b469883501546534170732c,174
weapon,ww148,UNNAMED,master/assets/items/weapon/ww148_UNNAMED.webp,5efa92b1a18eb02c0b349ea46b6710a59bd979ea,482
weapon,ww149,UNNAMED,master/assets/items/weapon/ww149_UNNAMED.webp,ee17e61d438e574ad9c0e7199fae1e745957329a,694
weapon,ww150,UNNAMED,master/assets/items/weapon/ww150_UNNAMED.webp,58052997a953368fbc9a9a5b81426fe637dace51,248
weapon,ww151,UNNAMED,master/assets/items/weapon/ww151_UNNAMED.webp,7841c7c1f1570386155e9d1806a51cec27ff7c31,198
weapon,ww152,UNNAMED,master/assets/items/weapon/ww152_UNNAMED.webp,7a46bde49e20f9093916a41df33682de0b9b7efa,184
weapon,ww153,UNNAMED,master/assets/items/weapon/ww153_UNNAMED.webp,b3b51e1751eb99304f3374ff1513b583d00689db,184
weapon,ww154,UNNAMED,master/assets/items/weapon/ww154_UNNAMED.webp,1bdacc4705a235307af2662d106e0cb1173acce7,172
weapon,ww155,UNNAMED,master/assets/items/weapon/ww155_UNNAMED.webp,bad06ddd6552adcf8791bd4fef9504e6877253d0,220
weapon,ww156,UNNAMED,master/assets/items/weapon/ww156_UNNAMED.webp,e64ddf1916d1ea2da683333a805333a56d3161b7,226
weapon,ww157,UNNAMED,master/assets/items/weapon/ww157_UNNAMED.webp,2168fe4a22f922f9fa3d926080cd20f19a9ca9f3,214
weapon,ww158,UNNAMED,master/assets/items/weapon/ww158_UNNAMED.webp,9798cb2ab2b690af4a70bc3affe0b71f6e2f2418,224
weapon,ww159,UNNAMED,master/assets/items/weapon/ww159_UNNAMED.webp,66bf3cb0c893f3411b0695e134931387ccc20a0a,216
weapon,ww160,UNNAMED,master/assets/items/weapon/ww160_UNNAMED.webp,e21d96a3d28644069cec7a9fb81686fbace124da,210
weapon,ww161,UNNAMED,master/assets/items/weapon/ww161_UNNAMED.webp,fd99feeeb804507921fa7b9cca750f3c834a3334,206
weapon,ww162,UNNAMED,master/assets/items/weapon/ww162_UNNAMED.webp,13f2624279c888f48af6d61bb11261a06266c97f,154
weapon,ww163,UNNAMED,master/assets/items/weapon/ww163_UNNAMED.webp,58052997a953368fbc9a9a5b81426fe637dace51,248
weapon,ww164,UNNAMED,master/assets/items/weapon/ww164_UNNAMED.webp,43565291ca2e81c5ad8a3877ba1a112d60b124a9,128
weapon,ww165,UNNAMED,master/assets/items/weapon/ww165_UNNAMED.webp,54888e465cf47e6055d61178ec2fff357e7f5f21,542
weapon,ww166,클쓰마쓰트리,master/assets/items/weapon/ww166_클쓰마쓰트리.webp,f773c077558be9f881a702f810d2024ebdb1fd34,730
weapon,ww167,루루인형,master/assets/items/weapon/ww167_루루인형.webp,60bedfbcf08259359e663df1c34a5a8e77a9a1c0,240
weapon,ww168,UNNAMED,master/assets/items/weapon/ww168_UNNAMED.webp,ac780ebce6ed994acff14c43d21ff7b6586e7edf,218
weapon,ww169,UNNAMED,master/assets/items/weapon/ww169_UNNAMED.webp,5d35c4894538b1033470d1265267ab8ae7ed3332,254
weapon,ww170,UNNAMED,master/assets/items/weapon/ww170_UNNAMED.webp,b8ae9a9e3d18f3c6e5cc3648accb7c758e303675,256
weapon,ww171,금월도,master/assets/items/weapon/ww171_금월도.webp,3838625dc98a37d4c66a16411278842f1e1ac7a3,390
weapon,ww172,UNNAMED,master/assets/items/weapon/ww172_UNNAMED.webp,63a7bca0b11bc8117847752d9ed3a0661761c987,332
weapon,ww173,비파,master/assets/items/weapon/ww173_비파.webp,1883b27771440a4203b14564e877485039896253,190
weapon,ww174,UNNAMED,master/assets/items/weapon/ww174_UNNAMED.webp,8e84bec41fec1d03643cc0e633be9c7d607a593a,252
weapon,ww175,UNNAMED,master/assets/items/weapon/ww175_UNNAMED.webp,0e45e3806b1f46ee95c41fc3e9376369b06010e6,238
weapon,ww176,UNNAMED,master/assets/items/weapon/ww176_UNNAMED.webp,7a5157496b21886da785a16cd4c54a8972a2ee48,404
weapon,ww177,UNNAMED,master/assets/items/weapon/ww177_UNNAMED.webp,8847aee75a9e81b02dd7bc2eacd6563d22f151be,314
weapon,ww178,UNNAMED,master/assets/items/weapon/ww178_UNNAMED.webp,fc44fc793fd3e3dd815639cd11516ed3a20c68dc,302
weapon,ww179,UNNAMED,master/assets/items/weapon/ww179_UNNAMED.webp,3298a043efdbb6b26706e07ca5c91562e199a1fd,244
weapon,ww180,UNNAMED,master/assets/items/weapon/ww180_UNNAMED.webp,cd533f6a30a13139dbc9716a8f50ea20ef92244c,258
weapon,ww181,UNNAMED,master/assets/items/weapon/ww181_UNNAMED.webp,4b2909a8f5aeab4b6246ffd187fa11907be535dc,254
weapon,ww182,UNNAMED,master/assets/items/weapon/ww182_UNNAMED.webp,b82a02ea8c6eece7ab1d9c3891e025f79180f2e1,234
weapon,ww183,UNNAMED,master/assets/items/weapon/ww183_UNNAMED.webp,4e12973e2334d8d234baa6ab7b65bf1064148de7,470
weapon,ww184,UNNAMED,master/assets/items/weapon/ww184_UNNAMED.webp,c0cafaab9f3a5a691c4c9271810f8bfa0d982c78,556
weapon,ww186,UNNAMED,master/assets/items/weapon/ww186_UNNAMED.webp,bb1de3ef5e35311b74ec59d4729586e59787614b,472
weapon,ww187,UNNAMED,master/assets/items/weapon/ww187_UNNAMED.webp,60a1a01978db2e324ace257b3d245982551fcc3a,216
weapon,ww188,홀리가디언스태프,master/assets/items/weapon/ww188_홀리가디언스태프.webp,f6811b76af10039344d95c4e0f922b87c68abf8a,348
weapon,ww189,UNNAMED,master/assets/items/weapon/ww189_UNNAMED.webp,24cf1eb307b2f57ab4cc1041332176ade5d0c5be,168
weapon,ww190,UNNAMED,master/assets/items/weapon/ww190_UNNAMED.webp,91f3c754976e6bf2bdd81e8eb4450675d07e3622,216
weapon,ww191,UNNAMED,master/assets/items/weapon/ww191_UNNAMED.webp,16fb5f675219d843dbfbe3180a8e5a3584980268,520
weapon,ww192,UNNAMED,master/assets/items/weapon/ww192_UNNAMED.webp,64ba391443f366f5443ca39f37cbe417eb7084da,242
weapon,ww193,UNNAMED,master/assets/items/weapon/ww193_UNNAMED.webp,f930d163247530d12f011b6d5cffb2bcfa127343,220
weapon,ww194,UNNAMED,master/assets/items/weapon/ww194_UNNAMED.webp,1b18877d78af650b24456ece631787c2193b3b22,232
weapon,ww195,UNNAMED,master/assets/items/weapon/ww195_UNNAMED.webp,c82bbc851269d078202f3d4a1ccb273b684536a4,216
weapon,ww196,UNNAMED,master/assets/items/weapon/ww196_UNNAMED.webp,cf4078307c15a4ed06ec9ac404ea643be8f6970f,232
weapon,ww197,UNNAMED,master/assets/items/weapon/ww197_UNNAMED.webp,db33ba8033954ae9e248c30a901cc27f79b9eade,124
weapon,ww198,UNNAMED,master/assets/items/weapon/ww198_UNNAMED.webp,7f5e1c7a8ee93419d9b44e3853207e32ba5766de,134
weapon,ww199,UNNAMED,master/assets/items/weapon/ww199_UNNAMED.webp,e7c12d1764627bcd3b7b09011f1516a04ce0d1e6,136
weapon,ww203,UNNAMED,master/assets/items/weapon/ww203_UNNAMED.webp,1066f5c46239e56a45b9c3ed5293ac3a5be9fb94,342
weapon,ww205,UNNAMED,master/assets/items/weapon/ww205_UNNAMED.webp,6b05c94e682af82f56e1ca94b81674e15157e1e1,226
weapon,ww206,UNNAMED,master/assets/items/weapon/ww206_UNNAMED.webp,8dd503e0f91bc715e9b9bf9382796f0b2c4b033d,244
weapon,ww207,UNNAMED,master/assets/items/weapon/ww207_UNNAMED.webp,50be44749a4d89d923bc9128f0788bd91164d338,236
weapon,ww208,UNNAMED,master/assets/items/weapon/ww208_UNNAMED.webp,c65982133ce97ba94071e03442e77ce61ae2a16f,244
weapon,ww209,UNNAMED,master/assets/items/weapon/ww209_UNNAMED.webp,cc39896fb7133604a86998e8cd130909a4339a3e,258
weapon,ww210,UNNAMED,master/assets/items/weapon/ww210_UNNAMED.webp,1eeb0940e4bf34545c26df0a0d4797627eef6c2e,258
weapon,ww211,UNNAMED,master/assets/items/weapon/ww211_UNNAMED.webp,de1c4bf6a4d5ceae4a60c3d6995527449257719c,236
weapon,ww212,UNNAMED,master/assets/items/weapon/ww212_UNNAMED.webp,625d8ca5c28fcb1ac851d1c029ba5314be86d4e9,218
weapon,ww213,UNNAMED,master/assets/items/weapon/ww213_UNNAMED.webp,2057802ffbc0a7e75cbdcddde984006b898ef4b0,226
weapon,ww214,UNNAMED,master/assets/items/weapon/ww214_UNNAMED.webp,40cbe2608aae949d34b748be476f09b8f0857873,238
weapon,ww215,검은우산,master/assets/items/weapon/ww215_검은우산.webp,d7b9a01ea810c90027ac371880ebc90b33c5bc6d,218
weapon,ww216,UNNAMED,master/assets/items/weapon/ww216_UNNAMED.webp,4c9bade6943421c234305238eb56a78052a49da4,216
weapon,ww217,UNNAMED,master/assets/items/weapon/ww217_UNNAMED.webp,b410a9f02c88e74f2cd1931ef7b72e148f8ad588,424
weapon,ww218,미미인형,master/assets/items/weapon/ww218_미미인형.webp,4ded75a7996d1b238e3e9f2a33413fa3b63c9d21,436
weapon,ww219,UNNAMED,master/assets/items/weapon/ww219_UNNAMED.webp,8ca6ca57af178f44e3f1a080b9fe2376ff49a704,194
weapon,ww224,UNNAMED,master/assets/items/weapon/ww224_UNNAMED.webp,5d654010a1afec8c49bebc6c0a4437278fde3fb1,566
weapon,ww225,UNNAMED,master/assets/items/weapon/ww225_UNNAMED.webp,255a2f10a16f6c93b283b6fd301cf2c7bd8c9802,584
weapon,ww226,UNNAMED,master/assets/items/weapon/ww226_UNNAMED.webp,7af7884bafb073a23b7cce4968d6bfc51dbf2757,244
weapon,ww227,UNNAMED,master/assets/items/weapon/ww227_UNNAMED.webp,8b09fe07c95b9d9d72b0e47d52f41fcf755419c6,252
weapon,ww228,UNNAMED,master/assets/items/weapon/ww228_UNNAMED.webp,6b57bc4cc87da06f61ace3356cb4ee1774cda6fa,242
weapon,ww229,UNNAMED,master/assets/items/weapon/ww229_UNNAMED.webp,06ba915cf13804ec76226c2055d4fc455dbfa8af,242
weapon,ww230,UNNAMED,master/assets/items/weapon/ww230_UNNAMED.webp,6089991b9b2eb0ab492634035abed8c3b7836757,186
weapon,ww231,UNNAMED,master/assets/items/weapon/ww231_UNNAMED.webp,f2636a7c42bd219b982d75d7d903e751c2e7dccc,232
weapon,ww232,UNNAMED,master/assets/items/weapon/ww232_UNNAMED.webp,f848ff8d2c1c98a5a88e9bcfcd9c5738c539e67e,242
weapon,ww233,UNNAMED,master/assets/items/weapon/ww233_UNNAMED.webp,0fb52a57dff7e0902ff9797aeb0646bb2dd6d3a5,254
weapon,ww234,UNNAMED,master/assets/items/weapon/ww234_UNNAMED.webp,d171a6fe4bf6fd37eb7e9918af809b991a21bfe5,256
weapon,ww235,UNNAMED,master/assets/items/weapon/ww235_UNNAMED.webp,8a962d4da252ba1b35aae7ee0a5e14e81c4ef2bb,232
weapon,ww236,UNNAMED,master/assets/items/weapon/ww236_UNNAMED.webp,ac9b4344b83f328e24ce201e557fc40d8197f6f6,230
weapon,ww238,라라인형,master/assets/items/weapon/ww238_라라인형.webp,f278ce4ec6316fae917e345b802276fe16436161,408
weapon,ww239,UNNAMED,master/assets/items/weapon/ww239_UNNAMED.webp,39d6b143504f4f43b3d4f8b1b98ccc7832cb544e,296
weapon,ww240,UNNAMED,master/assets/items/weapon/ww240_UNNAMED.webp,00ab252a331aacc9c2f0f404c95dd249b9579835,338
weapon,ww241,UNNAMED,master/assets/items/weapon/ww241_UNNAMED.webp,8e7e163f7e8d003a061025fb4e341957bc9d7bb2,344
weapon,ww242,UNNAMED,master/assets/items/weapon/ww242_UNNAMED.webp,1df70807d5f35f6ca77a670bed5ad0296c60bb3d,148
weapon,ww248,UNNAMED,master/assets/items/weapon/ww248_UNNAMED.webp,b5aee03e71d8ec05f5564372d050d78b8b1f6615,190
weapon,ww249,연단검,master/assets/items/weapon/ww249_연단검.webp,a0c340aa348eb2fcff01c907ab43b7405ee9ee7e,330
weapon,ww250,토이건,master/assets/items/weapon/ww250_토이건.webp,e1b723cc17b808a5b7f1bbdeffae84eeb9b3e4b5,232
weapon,ww251,UNNAMED,master/assets/items/weapon/ww251_UNNAMED.webp,5a013660157885cf0237f6a383000176c7a39614,342
weapon,ww252,UNNAMED,master/assets/items/weapon/ww252_UNNAMED.webp,1e7b9fddfb6a75720ea6a53781c360c634579b57,178
weapon,ww253,UNNAMED,master/assets/items/weapon/ww253_UNNAMED.webp,3f424ff76822b772bf89959ea5c138e75e2780bc,166
weapon,ww254,UNNAMED,master/assets/items/weapon/ww254_UNNAMED.webp,2cefb2d6d14caba5ea11ba06f69640bf9ee0c310,280
weapon,ww255,UNNAMED,master/assets/items/weapon/ww255_UNNAMED.webp,46bb9237d4c2f3e14545f1762d4bc0a43bff90df,136
weapon,ww256,레드루비스태프,master/assets/items/weapon/ww256_레드루비스태프.webp,fe16174777eca1ca124ca72b02c232783c6f8da3,334
weapon,ww257,UNNAMED,master/assets/items/weapon/ww257_UNNAMED.webp,74e89e7dd208903d465a784cfeb4eb0cfebb6d5f,346
weapon,ww258,UNNAMED,master/assets/items/weapon/ww258_UNNAMED.webp,5ddf1cf937a6e98ec0907f10dd6add26af3e9133,256
weapon,ww259,UNNAMED,master/assets/items/weapon/ww259_UNNAMED.webp,02b4d9a1469cf0b28589c2723701967ac65f0846,202
weapon,ww260,UNNAMED,master/assets/items/weapon/ww260_UNNAMED.webp,b7ee55335ae00e91d90ee4a73608c81194e9edfc,414
weapon,ww261,UNNAMED,master/assets/items/weapon/ww261_UNNAMED.webp,fc81e6dfcc6ef8cbed153c02f0cdaf80ae68304b,270
weapon,ww262,여의봉,master/assets/items/weapon/ww262_여의봉.webp,f6334ce853857e4eb5d0b467d2364d4c3f0fe810,156
weapon,ww263,UNNAMED,master/assets/items/weapon/ww263_UNNAMED.webp,b335351f0f095ce8dcfa269e63e1343cc2dd98ec,154
weapon,ww264,UNNAMED,master/assets/items/weapon/ww264_UNNAMED.webp,7bc3c60a11d3315dd9149078ae2916fbf5eebbba,600
weapon,ww265,UNNAMED,master/assets/items/weapon/ww265_UNNAMED.webp,ccf35c22475c7b1ca015f9406e8adfb9113c8ce7,522
weapon,ww266,UNNAMED,master/assets/items/weapon/ww266_UNNAMED.webp,f3aa885a5448e4ef4334bc5e180f94c0ff9f3bdc,598
weapon,ww267,UNNAMED,master/assets/items/weapon/ww267_UNNAMED.webp,a10147b3a9eb8a0d477e3a2d06c972e965e354a3,382
weapon,ww268,비광표,master/assets/items/weapon/ww268_비광표.webp,f503b05467932e7818fa6a78085817d41e21fffb,438
weapon,ww269,지존무기무도가,master/assets/items/weapon/ww269_지존무기무도가.webp,66bc58a79071175e8cc13e9c6e328b781e87abcb,210
weapon,ww270,지존무기도적,master/assets/items/weapon/ww270_지존무기도적.webp,57c111cd6430bf1d65ecaccab8ec0e7397188431,208
weapon,ww271,UNNAMED,master/assets/items/weapon/ww271_UNNAMED.webp,06a1782deba5b74a778a14373497558eb157d484,360
weapon,ww272,UNNAMED,master/assets/items/weapon/ww272_UNNAMED.webp,233452630c8e34de399531113be53f9cfd7989af,464
weapon,ww273,UNNAMED,master/assets/items/weapon/ww273_UNNAMED.webp,bdd0ad02f5d4b205008632069ceaea7380f667dd,462
weapon,ww274,UNNAMED,master/assets/items/weapon/ww274_UNNAMED.webp,d59a26900c945398ea29aaf942fce143e6ab1631,346
weapon,ww275,블라인드아이즈,master/assets/items/weapon/ww275_블라인드아이즈.webp,7e2a31a02a8911af5d4c0f79188fab1b44223f73,350
weapon,ww276,UNNAMED,master/assets/items/weapon/ww276_UNNAMED.webp,f16acb3643ccc4c19cf8f38bc172b395df699bee,428
weapon,ww277,[도적]뮤레칸의디그(1단계),master/assets/items/weapon/ww277_[도적]뮤레칸의디그(1단계).webp,022da71c87c2fb083f2a46e385d69566798cb85b,304
weapon,ww279,UNNAMED,master/assets/items/weapon/ww279_UNNAMED.webp,670e7e58d72f7e5c04d5d7778617f9f443c16bb7,360
weapon,ww280,UNNAMED,master/assets/items/weapon/ww280_UNNAMED.webp,e6cd1a662519d37751a759caa2d2337fda82521b,554
weapon,ww281,UNNAMED,master/assets/items/weapon/ww281_UNNAMED.webp,e78ba92672cf8b539250af701aa407a8a684691a,572
weapon,ww282,UNNAMED,master/assets/items/weapon/ww282_UNNAMED.webp,e6d11ce7776a73fa061f39e088bb60414c283811,184
weapon,ww283,UNNAMED,master/assets/items/weapon/ww283_UNNAMED.webp,31108b1fb12fa770879b4e4e39dc3fff8ef8b384,220
weapon,ww284,UNNAMED,master/assets/items/weapon/ww284_UNNAMED.webp,c4e600e79cc0b7f8b4bcfb35b589e204b9acf458,210
weapon,ww285,UNNAMED,master/assets/items/weapon/ww285_UNNAMED.webp,20bfe506521c281ed816184973ad6ed700647f24,224
weapon,ww286,히야트마법가지,master/assets/items/weapon/ww286_히야트마법가지.webp,0e79923b59f611eae96d103af00ae1deb990ebb1,552
weapon,ww287,UNNAMED,master/assets/items/weapon/ww287_UNNAMED.webp,eb141194877cedbc653dcb992bcf6f13a519be36,262
weapon,ww288,UNNAMED,master/assets/items/weapon/ww288_UNNAMED.webp,cfb76280952848c91710ce804cb820b07c0c8a2a,392
weapon,ww289,엠퍼러나이트소드,master/assets/items/weapon/ww289_엠퍼러나이트소드.webp,93ad787e24a77cd103e7666be99b8cccf14530e7,278
weapon,ww290,UNNAMED,master/assets/items/weapon/ww290_UNNAMED.webp,d8d0b03c54a8103f80fdba8a1c9eb5da7288cfcd,376
weapon,ww291,UNNAMED,master/assets/items/weapon/ww291_UNNAMED.webp,355f6877ac9806c0d1edf4b0a5bc56f505f4b0f7,190
weapon,ww292,UNNAMED,master/assets/items/weapon/ww292_UNNAMED.webp,2a22fbfad767ff80c90ff5ba16a4a9d1f02deab9,172
weapon,ww293,UNNAMED,master/assets/items/weapon/ww293_UNNAMED.webp,9da289f147bea312f3781d65cb7a75f7ae2bf9e2,218
weapon,ww294,UNNAMED,master/assets/items/weapon/ww294_UNNAMED.webp,b7c7470b5ec0f35d692693dd93551b085fbdd8e2,426
weapon,ww295,UNNAMED,master/assets/items/weapon/ww295_UNNAMED.webp,5af4833c2e7c7d153c89e3e7eef813ba06ee7c6d,324
weapon,ww296,UNNAMED,master/assets/items/weapon/ww296_UNNAMED.webp,40208e1e751ed1aeea4a606b63a3b3bc8b4b7093,150
weapon,ww297,UNNAMED,master/assets/items/weapon/ww297_UNNAMED.webp,dad80aa83f6c14f77cd05a8eb38a4580d25fda1a,138
weapon,ww298,UNNAMED,master/assets/items/weapon/ww298_UNNAMED.webp,95dad22c9d0bfd4223bbfa1ba21058a8a20f806a,140
weapon,ww299,호랭이글러브,master/assets/items/weapon/ww299_호랭이글러브.webp,14c306e2c312478004a160ffd9278ed5476e878d,220
weapon,ww300,UNNAMED,master/assets/items/weapon/ww300_UNNAMED.webp,a6b54a7bbf05452bd0799579a9c2dd05ebd883a1,220
weapon,ww301,UNNAMED,master/assets/items/weapon/ww301_UNNAMED.webp,5cc18d8e0eba9127247c360068ddc3abc08eb645,366
weapon,ww302,L2소총,master/assets/items/weapon/ww302_L2소총.webp,a66317f61c49a62c85cc8e98300cdbcffa4ebb1e,146
weapon,ww303,[블랙데이]철가방,master/assets/items/weapon/ww303_[블랙데이]철가방.webp,cff278c25107aa7da8d3f43ae62a3bdf4b8af35a,236
weapon,ww304,UNNAMED,master/assets/items/weapon/ww304_UNNAMED.webp,9340db89118541b8153282f8334fbc1980af8886,308
weapon,ww305,탐험가의횃불,master/assets/items/weapon/ww305_탐험가의횃불.webp,880500a502fcc63a4231509c43a3f11d391dd303,340
weapon,ww306,UNNAMED,master/assets/items/weapon/ww306_UNNAMED.webp,d982726532fed87aad42aecd914bab8e0d31df45,312
weapon,ww307,직자무기테스트2,master/assets/items/weapon/ww307_직자무기테스트2.webp,06e1169bb3e34187a88f5ffeb437c8228442d839,376
weapon,ww308,UNNAMED,master/assets/items/weapon/ww308_UNNAMED.webp,76b8231bf3ea97cf1147c092e6e7b9e0e8a02223,286
weapon,ww309,UNNAMED,master/assets/items/weapon/ww309_UNNAMED.webp,c0cb58cbb4df1f40d2d0e9f246bc8b75dfb915ba,234
weapon,ww310,도적무기테스트2,master/assets/items/weapon/ww310_도적무기테스트2.webp,42cb61e9ba9af5a59e3ace2d5741a1a85b27ca9c,250
weapon,ww311,법사무기테스트2,master/assets/items/weapon/ww311_법사무기테스트2.webp,1417225421d6a8d3a91f38a8973e3280856c3c4c,286
weapon,ww312,직자무기테스트,master/assets/items/weapon/ww312_직자무기테스트.webp,52260f6c22feb392f7cd5a0840286bddd0added1,380
weapon,ww313,전사무기테스트,master/assets/items/weapon/ww313_전사무기테스트.webp,1a0536020521509c8bf75703bb6c61db8a41a50b,342
weapon,ww314,도가무기테스트,master/assets/items/weapon/ww314_도가무기테스트.webp,d4192fb970d95534f46da2f2a3fe2e1c1ddeb585,284
weapon,ww315,UNNAMED,master/assets/items/weapon/ww315_UNNAMED.webp,f0a79602024ee885a2c832a589e6eaff6d48d350,270
weapon,ww316,법사무기테스트,master/assets/items/weapon/ww316_법사무기테스트.webp,5a0e3eeb148fb4e722c580f58a5615302a4accb8,390
weapon,ww317,UNNAMED,master/assets/items/weapon/ww317_UNNAMED.webp,aed522be4ecdf0979f66442c9856c8801147a6bd,264
weapon,ww328,부케,master/assets/items/weapon/ww328_부케.webp,a8fd990f0496be0200c829bafa043c38e7ca6ac2,192
weapon,ww329,UNNAMED,master/assets/items/weapon/ww329_UNNAMED.webp,41290f7aeb541a427e70b0df15a6fea47df40fe8,308
weapon,ww330,UNNAMED,master/assets/items/weapon/ww330_UNNAMED.webp,c8a0aeeb2d0043fdbfa80fa628618f9c88a92222,216
weapon,ww331,UNNAMED,master/assets/items/weapon/ww331_UNNAMED.webp,6c2a5949a2712783844e03df90e7a62befbf25f5,532
weapon,ww332,UNNAMED,master/assets/items/weapon/ww332_UNNAMED.webp,aa9003d29abe9c22509469b538830876cddf85d9,538
weapon,ww333,UNNAMED,master/assets/items/weapon/ww333_UNNAMED.webp,744b3a3a3b13f67ea4a60497db23796d2add36ff,340
weapon,ww334,UNNAMED,master/assets/items/weapon/ww334_UNNAMED.webp,cd8426faf771039b1c384b239327b4a5ef170f33,346
weapon,ww335,엘리멘탈스태프(Lev1),master/assets/items/weapon/ww335_엘리멘탈스태프(Lev1).webp,67d5a9e98ece003a42cbf799cf7f988095c7fdf5,432
weapon,ww351,UNNAMED,master/assets/items/weapon/ww351_UNNAMED.webp,4e514de670294dca509486769579390361dbfff2,278
weapon,ww352,UNNAMED,master/assets/items/weapon/ww352_UNNAMED.webp,77d0a9ddab88abe26961aeb52899a4d87b0615f6,414
weapon,ww353,UNNAMED,master/assets/items/weapon/ww353_UNNAMED.webp,361f399813a9e14614b3fa5795937f88de759c0f,1146
weapon,ww354,데이지,master/assets/items/weapon/ww354_데이지.webp,385304ac7e2808885f9cbf7e14bfcabf48f83690,368
weapon,ww355,UNNAMED,master/assets/items/weapon/ww355_UNNAMED.webp,821e9cc6d0c10e990b853d09f4e78dcb0b083827,708
weapon,ww356,UNNAMED,master/assets/items/weapon/ww356_UNNAMED.webp,14f091db27efa7c452cbba3b30e0637896b8a742,236
weapon,ww357,UNNAMED,master/assets/items/weapon/ww357_UNNAMED.webp,a0dbd9ad8dfc7d015284ed18031b0dadf2ebf76a,94
weapon,ww358,UNNAMED,master/assets/items/weapon/ww358_UNNAMED.webp,6d83b6846dbd531a6eded1a9be6ec70d0e7db2e7,100
weapon,ww363,UNNAMED,master/assets/items/weapon/ww363_UNNAMED.webp,74fbaeb700580eb6a89608144251c976ad113d10,792
weapon,ww364,플라즈마소드FX,master/assets/items/weapon/ww364_플라즈마소드FX.webp,7ca12a2eedf8971287ff503a841583c7c5603770,762
weapon,ww365,UNNAMED,master/assets/items/weapon/ww365_UNNAMED.webp,5e2bbf11b475523ecbf1877503cf79b7b5c42a78,194
