id,name,job,standalonePresentationAllowed,runtimeBranch,sourceCandidates,channels,reviewedSourceWithoutChannel,warnings,originalFourFacingPixels,device,visualAcceptance
SK_전사_001,숏블레이드,전사,True,warrior,"[""warrior""]","[{""phase"": ""RECIPIENT_CONTACT"", ""anchor"": ""RECIPIENT"", ""path"": ""warrior/81a6dc2a993c9ba5.png"", ""source"": ""master/source/skill_fx/naver_cafe_archive_20261001/media/1fdf399eb1163c0507c756a7bb952d2c5b60805f042f3b805b073601beae5a0c.jpg"", ""sourceSha256"": ""1fdf399eb1163c0507c756a7bb952d2c5b60805f042f3b805b073601beae5a0c"", ""atlasSha256"": ""76cfa5e387b3e925ec298cb43361963714576e78a13e2dcf348a21f87cbae1a9"", ""frames"": 4, ""durationMs"": 360, ""peakPixels"": 165, ""blend"": ""SCREEN"", ""directional"": false, ""flags"": [""STATIC_SOURCE_PROJECT_TIMING""]}]",,"[""SOURCE_MATTING_OCCLUSION_APPROXIMATE""]",NOT_PROVEN,PENDING,PENDING
SK_전사_002,더블어택,전사,False,NO_PARTICLE,[],[],,"[""NO_DECLARED_PARTICLE"", ""SERVICE_PASSIVE_LINKED_NOT_STANDALONE_CAST""]",NOT_PROVEN,PENDING,PENDING
SK_전사_003,윈드블레이드,전사,True,warrior,"[""warrior""]","[{""phase"": ""RECIPIENT_CONTACT"", ""anchor"": ""RECIPIENT"", ""path"": ""warrior/97ea2f20135b07e9.png"", ""source"": ""master/source/skill_fx/naver_cafe_archive_20261001/media/856c8939468bb6d6afc32e9d371b13d08daf5e9693bb5b400a3f6dc4d347fca5.jpg"", ""sourceSha256"": ""856c8939468bb6d6afc32e9d371b13d08daf5e9693bb5b400a3f6dc4d347fca5"", ""atlasSha256"": ""cc090831d30a69e6e3492b5b355a59c1fdf30b742e2f0aa38c3a7457133c8bf1"", ""frames"": 4, ""durationMs"": 360, ""peakPixels"": 461, ""blend"": ""SCREEN"", ""directional"": false, ""flags"": [""STATIC_SOURCE_PROJECT_TIMING""]}]",,"[""SOURCE_MATTING_OCCLUSION_APPROXIMATE""]",NOT_PROVEN,PENDING,PENDING
SK_전사_004,디바투,전사,True,warrior,"[""warrior""]","[{""phase"": ""RECIPIENT_CONTACT"", ""anchor"": ""CASTER"", ""path"": ""warrior/2664e14c5585a6b9.png"", ""source"": ""master/source/skill_fx/naver_cafe_archive_20261001/media/bcb0f2d4d6d8bdeaa6f46d0fd90890fb09d8cb174f933083948e9704fe8bc02c.jpg"", ""sourceSha256"": ""bcb0f2d4d6d8bdeaa6f46d0fd90890fb09d8cb174f933083948e9704fe8bc02c"", ""atlasSha256"": ""c9571afbe51fb7a00ebf31b4a7fd7fd17f85e7cb88456b70e5d4cb691c191d9d"", ""frames"": 4, ""durationMs"": 360, ""peakPixels"": 233, ""blend"": ""SCREEN"", ""directional"": false, ""flags"": [""STATIC_SOURCE_PROJECT_TIMING""]}]",,"[""SOURCE_MATTING_OCCLUSION_APPROXIMATE""]",NOT_PROVEN,PENDING,PENDING
SK_전사_005,트리플어택,전사,False,NO_PARTICLE,[],[],,"[""NO_DECLARED_PARTICLE"", ""SERVICE_PASSIVE_LINKED_NOT_STANDALONE_CAST""]",NOT_PROVEN,PENDING,PENDING
SK_전사_006,메가블레이드,전사,True,warrior,"[""warrior""]","[{""phase"": ""RECIPIENT_CONTACT"", ""anchor"": ""RECIPIENT"", ""path"": ""warrior/971b74a2fb06e6f2.png"", ""source"": ""master/source/skill_fx/naver_cafe_archive_20261001/media/1454125b20293958d9a52c162100b11b53936adeefdd27408927849494d48d01.jpg"", ""sourceSha256"": ""1454125b20293958d9a52c162100b11b53936adeefdd27408927849494d48d01"", ""atlasSha256"": ""32cd9ad6ff3510e10377293cd9bf12fb34410439338356cacee8176973ca255d"", ""frames"": 4, ""durationMs"": 360, ""peakPixels"": 380, ""blend"": ""SCREEN"", ""directional"": false, ""flags"": [""STATIC_SOURCE_PROJECT_TIMING""]}]",,"[""SOURCE_MATTING_OCCLUSION_APPROXIMATE""]",NOT_PROVEN,PENDING,PENDING
SK_전사_007,바투,전사,True,warrior,"[""warrior""]","[{""phase"": ""RECIPIENT_CONTACT"", ""anchor"": ""RECIPIENT"", ""path"": ""warrior/3a777f7e978d86f2.png"", ""source"": ""master/source/skill_fx/naver_cafe_archive_20261001/media/d33c2a9b73ea7f063bc4f8f3faabcbece174994f27387f8c1e534f38396b1c69.jpg"", ""sourceSha256"": ""d33c2a9b73ea7f063bc4f8f3faabcbece174994f27387f8c1e534f38396b1c69"", ""atlasSha256"": ""1ae063243af4e5bcb99ef41b91310c0cecb28c870d09f338c67a250d11a5baa4"", ""frames"": 4, ""durationMs"": 360, ""peakPixels"": 38, ""blend"": ""SCREEN"", ""directional"": false, ""flags"": [""STATIC_SOURCE_PROJECT_TIMING""]}]",,"[""SOURCE_MATTING_OCCLUSION_APPROXIMATE""]",NOT_PROVEN,PENDING,PENDING
SK_전사_008,투핸드어택,전사,False,NO_PARTICLE,[],[],,"[""NO_DECLARED_PARTICLE"", ""SERVICE_PASSIVE_LINKED_NOT_STANDALONE_CAST""]",NOT_PROVEN,PENDING,PENDING
SK_전사_009,드래곤모드,전사,True,ADAPTED,[],[],,"[""PROJECT_DRAWN_FALLBACK_NOT_SUPPLIED_ORIGINAL""]",NOT_PROVEN,PENDING,PENDING
SK_전사_010,피닉스모드,전사,True,warrior,"[""warrior""]","[{""phase"": ""RECIPIENT_CONTACT"", ""anchor"": ""CASTER"", ""path"": ""warrior/0a8f8b4352e0495d.png"", ""source"": ""master/source/skill_fx/naver_cafe_archive_20261001/media/f99ffd1446d25ff360921eb49649f41be1af691161a1c5d43bcfd596fa20780e.jpg"", ""sourceSha256"": ""f99ffd1446d25ff360921eb49649f41be1af691161a1c5d43bcfd596fa20780e"", ""atlasSha256"": ""8583b1929bbd5f1cc7fb8421e87b427bc68bfd8d183e09548bb939cce1bd286c"", ""frames"": 4, ""durationMs"": 360, ""peakPixels"": 4682, ""blend"": ""SCREEN"", ""directional"": false, ""flags"": [""STATIC_SOURCE_PROJECT_TIMING""]}]",,"[""SOURCE_MATTING_OCCLUSION_APPROXIMATE""]",NOT_PROVEN,PENDING,PENDING
SK_전사_011,적무기쳐내기,전사,True,ADAPTED,[],[],,"[""PROJECT_DRAWN_FALLBACK_NOT_SUPPLIED_ORIGINAL""]",NOT_PROVEN,PENDING,PENDING
SK_전사_012,레스큐,전사,True,warrior,"[""warrior""]","[{""phase"": ""RECIPIENT_CONTACT"", ""anchor"": ""RECIPIENT"", ""path"": ""rogue/99b28299cb50fe9e.png"", ""source"": ""master/source/skill_fx/naver_cafe_archive_20261001/media/68cf124c18a9db0997670d3589a788c9786aec6c7fca726bb8dcb660a7cc8872.gif"", ""sourceSha256"": ""68cf124c18a9db0997670d3589a788c9786aec6c7fca726bb8dcb660a7cc8872"", ""atlasSha256"": ""59b2849d5d285a61582db24735df4f020306ce639d20e7bc431cb770d4fdbfc0"", ""frames"": 4, ""durationMs"": 600, ""peakPixels"": 138, ""blend"": ""SCREEN"", ""directional"": false, ""flags"": []}]",,"[""SOURCE_MATTING_OCCLUSION_APPROXIMATE""]",NOT_PROVEN,PENDING,PENDING
SK_전사_013,매드소울,전사,True,captured,"[""captured""]","[{""phase"": ""RECIPIENT_CONTACT"", ""anchor"": ""CASTER_AT_CONTACT"", ""path"": ""captured/mad_soul.png"", ""source"": ""master/source/skill_fx/naver_401229/mad_soul.gif"", ""sourceSha256"": ""64cfb71e2815df494991b09b7c9d57d82f98f03fe1e8611deb57e4a514730367"", ""atlasSha256"": ""4ac31746c28a858b9da73165dd9d8e436dd2903b0f7317602d0dc2b0b77aa479"", ""frames"": 14, ""durationMs"": 780, ""peakPixels"": 35782, ""blend"": ""SCREEN"", ""directional"": true, ""flags"": []}]",,"[""SOURCE_MATTING_OCCLUSION_APPROXIMATE""]",NOT_PROVEN,USER_REPORTED_FAILURE,PENDING
SK_전사_014,완전방어,전사,True,warrior,"[""warrior""]","[{""phase"": ""RECIPIENT_CONTACT"", ""anchor"": ""CASTER"", ""path"": ""warrior/defense_video.png"", ""source"": ""master/source/skill_fx/user_defense_20261001/source_frames.png"", ""sourceSha256"": ""54f61f4ab7bbc2571646d3dfc7f0ce87219b12355389a1ed14acf41f98e89871"", ""atlasSha256"": ""984fea05302472ec7544692efb006108899840ade34544e387e9792a1419ed47"", ""frames"": 66, ""durationMs"": 2200, ""peakPixels"": 45633, ""blend"": ""SCREEN"", ""directional"": false, ""flags"": []}]",,"[""SOURCE_MATTING_OCCLUSION_APPROXIMATE""]",NOT_PROVEN,USER_REPORTED_FAILURE,SHAPE_USER_ACCEPTED_QUALITY_PENDING
SK_전사_015,크래셔,전사,True,captured,"[""captured""]","[{""phase"": ""RECIPIENT_CONTACT"", ""anchor"": ""CASTER_AT_CONTACT"", ""path"": ""captured/crasher.png"", ""source"": ""master/source/skill_fx/naver_401229/crasher.gif"", ""sourceSha256"": ""42e0ac503f65989ac27935815c7b367db4b9a79e60649ff293335d88ac6f5d84"", ""atlasSha256"": ""eb31aeb505bf19a4ef5c539d5c07d61340a7597807dd28b1d32303b1b6301ca1"", ""frames"": 8, ""durationMs"": 570, ""peakPixels"": 12757, ""blend"": ""SCREEN"", ""directional"": false, ""flags"": []}]",,"[""SOURCE_MATTING_OCCLUSION_APPROXIMATE""]",NOT_PROVEN,USER_REPORTED_FAILURE,PENDING
SK_전사_016,스톰블레이드,전사,True,warrior,"[""warrior""]","[{""phase"": ""RECIPIENT_CONTACT"", ""anchor"": ""RECIPIENT"", ""path"": ""warrior/204490436e8ad060.png"", ""source"": ""master/source/skill_fx/naver_cafe_archive_20261001/media/c8c2e9945188f47e70715797ee9610e9a0e6e0dde26b518e26d5577b8818b582.jpg"", ""sourceSha256"": ""c8c2e9945188f47e70715797ee9610e9a0e6e0dde26b518e26d5577b8818b582"", ""atlasSha256"": ""771c88e7d1f078aca2547ff1ea467d10ebd42e6f4e458ea760f3e08b8f2f1db5"", ""frames"": 4, ""durationMs"": 360, ""peakPixels"": 404, ""blend"": ""SCREEN"", ""directional"": false, ""flags"": [""STATIC_SOURCE_PROJECT_TIMING""]}]",,"[""SOURCE_MATTING_OCCLUSION_APPROXIMATE""]",NOT_PROVEN,PENDING,PENDING
SK_전사_017,룬블레이드,전사,True,warrior,"[""warrior""]","[{""phase"": ""RECIPIENT_CONTACT"", ""anchor"": ""RECIPIENT"", ""path"": ""warrior/659acf0eefc5e5eb.png"", ""source"": ""master/source/skill_fx/naver_cafe_archive_20261001/media/2a70ea74535209d2067c9321b58ae357b33f3193f27bc6a8d5e87d3a0986faa8.jpg"", ""sourceSha256"": ""2a70ea74535209d2067c9321b58ae357b33f3193f27bc6a8d5e87d3a0986faa8"", ""atlasSha256"": ""e545c25636741f7930278423607c26d326ab0fea1179389699356d187817c5c6"", ""frames"": 4, ""durationMs"": 360, ""peakPixels"": 647, ""blend"": ""SCREEN"", ""directional"": false, ""flags"": [""STATIC_SOURCE_PROJECT_TIMING""]}]",,"[""SOURCE_MATTING_OCCLUSION_APPROXIMATE""]",NOT_PROVEN,PENDING,PENDING
SK_전사_018,집중,전사,True,warrior,"[""warrior""]","[{""phase"": ""RECIPIENT_CONTACT"", ""anchor"": ""CASTER"", ""path"": ""warrior/bf2ece4cf0af5993.png"", ""source"": ""master/source/skill_fx/naver_cafe_archive_20261001/media/974f68f4aac55b91b45e77c4f69e78ff760af6df09cecde9216d412fa62a48f3.jpg"", ""sourceSha256"": ""974f68f4aac55b91b45e77c4f69e78ff760af6df09cecde9216d412fa62a48f3"", ""atlasSha256"": ""8ecbfe69f45c9aef52fe38435ddfbbfcab517f6054a90e75b90a7996cc39cd81"", ""frames"": 4, ""durationMs"": 360, ""peakPixels"": 340, ""blend"": ""SCREEN"", ""directional"": false, ""flags"": [""STATIC_SOURCE_PROJECT_TIMING""]}]",,"[""SOURCE_MATTING_OCCLUSION_APPROXIMATE""]",NOT_PROVEN,PENDING,PENDING
SK_전사_019,포효,전사,True,warrior,"[""warrior""]","[{""phase"": ""RECIPIENT_CONTACT"", ""anchor"": ""RECIPIENT"", ""path"": ""warrior/9449601f83953bac.png"", ""source"": ""master/source/skill_fx/naver_cafe_archive_20261001/media/d33c2a9b73ea7f063bc4f8f3faabcbece174994f27387f8c1e534f38396b1c69.jpg"", ""sourceSha256"": ""d33c2a9b73ea7f063bc4f8f3faabcbece174994f27387f8c1e534f38396b1c69"", ""atlasSha256"": ""1ae063243af4e5bcb99ef41b91310c0cecb28c870d09f338c67a250d11a5baa4"", ""frames"": 4, ""durationMs"": 360, ""peakPixels"": 38, ""blend"": ""SCREEN"", ""directional"": false, ""flags"": [""STATIC_SOURCE_PROJECT_TIMING""]}]",,"[""SOURCE_MATTING_OCCLUSION_APPROXIMATE""]",NOT_PROVEN,PENDING,PENDING
SK_전사_020,메가어택,전사,False,NO_PARTICLE,[],[],,"[""NO_DECLARED_PARTICLE"", ""SERVICE_PASSIVE_LINKED_NOT_STANDALONE_CAST""]",NOT_PROVEN,PENDING,PENDING
SK_전사_021,돌진,전사,False,warrior,"[""warrior""]","[{""phase"": ""RECIPIENT_CONTACT"", ""anchor"": ""RECIPIENT"", ""path"": ""warrior/26767a1a0ae17e83.png"", ""source"": ""master/source/skill_fx/naver_cafe_archive_20261001/media/06029cd3559fbb4033be82865fc403bd2b53b2cb743d9392f62fbab0e21c44aa.jpg"", ""sourceSha256"": ""06029cd3559fbb4033be82865fc403bd2b53b2cb743d9392f62fbab0e21c44aa"", ""atlasSha256"": ""c17fad3d6dab37e69c9c0c6fa8d6fef7245f8cec473e995d46748f40e62ab3ee"", ""frames"": 4, ""durationMs"": 360, ""peakPixels"": 384, ""blend"": ""SCREEN"", ""directional"": false, ""flags"": [""STATIC_SOURCE_PROJECT_TIMING""]}]",,"[""SOURCE_MATTING_OCCLUSION_APPROXIMATE"", ""SERVICE_PASSIVE_LINKED_NOT_STANDALONE_CAST""]",NOT_PROVEN,PENDING,PENDING
SK_전사_022,매드소울진,전사,True,captured,"[""captured""]","[{""phase"": ""RECIPIENT_CONTACT"", ""anchor"": ""CASTER_AT_CONTACT"", ""path"": ""captured/mad_soul_jin.png"", ""source"": ""master/source/skill_fx/naver_401229/mad_soul_jin.gif"", ""sourceSha256"": ""113f92b14d0890f7ca9aab8ad818a11bae43cadf4952c26f2f811713ba97c91e"", ""atlasSha256"": ""4b19ed5e7233cb155f3ad98851a5d2515dc3e252076212e3318bd5cbc1ce2cf9"", ""frames"": 16, ""durationMs"": 990, ""peakPixels"": 31042, ""blend"": ""SCREEN"", ""directional"": true, ""flags"": []}]",,"[""SOURCE_MATTING_OCCLUSION_APPROXIMATE""]",NOT_PROVEN,PENDING,PENDING
SK_전사_023,데빌크래셔,전사,True,captured,"[""captured""]","[{""phase"": ""RECIPIENT_CONTACT"", ""anchor"": ""CASTER_AT_CONTACT"", ""path"": ""captured/devil_crasher.png"", ""source"": ""master/source/skill_fx/naver_401229/devil_crasher.gif"", ""sourceSha256"": ""041a1d3141d10c4e742df4254373d5fd8f46f4609d4a26f76cc108b73e70171f"", ""atlasSha256"": ""829ccccd9e7836467b5b2a3c3fa038f013b16688b9605c840de090ef47eeb669"", ""frames"": 11, ""durationMs"": 600, ""peakPixels"": 14285, ""blend"": ""SCREEN"", ""directional"": false, ""flags"": []}]",,"[""SOURCE_MATTING_OCCLUSION_APPROXIMATE""]",NOT_PROVEN,PENDING,PENDING
SK_도적_001,찌르기,도적,True,ADAPTED,[],[],,"[""PROJECT_DRAWN_FALLBACK_NOT_SUPPLIED_ORIGINAL""]",NOT_PROVEN,PENDING,PENDING
SK_도적_002,센스몬스터,도적,True,NO_PARTICLE,[],[],,"[""NO_DECLARED_PARTICLE""]",NOT_PROVEN,PENDING,PENDING
SK_도적_003,표창날리기,도적,True,ADAPTED,[],[],,"[""PROJECT_DRAWN_FALLBACK_NOT_SUPPLIED_ORIGINAL""]",NOT_PROVEN,PENDING,PENDING
SK_도적_004,밀기,도적,False,ADAPTED,[],[],,"[""PROJECT_DRAWN_FALLBACK_NOT_SUPPLIED_ORIGINAL"", ""SERVICE_PASSIVE_LINKED_NOT_STANDALONE_CAST""]",NOT_PROVEN,PENDING,PENDING
SK_도적_005,아무네지아,도적,True,rogue,"[""rogue""]","[{""phase"": ""RECIPIENT_CONTACT"", ""anchor"": ""RECIPIENT"", ""path"": ""rogue/99b28299cb50fe9e.png"", ""source"": ""master/source/skill_fx/naver_cafe_archive_20261001/media/68cf124c18a9db0997670d3589a788c9786aec6c7fca726bb8dcb660a7cc8872.gif"", ""sourceSha256"": ""68cf124c18a9db0997670d3589a788c9786aec6c7fca726bb8dcb660a7cc8872"", ""atlasSha256"": ""59b2849d5d285a61582db24735df4f020306ce639d20e7bc431cb770d4fdbfc0"", ""frames"": 4, ""durationMs"": 600, ""peakPixels"": 138, ""blend"": ""SCREEN"", ""directional"": false, ""flags"": []}]",,"[""SOURCE_MATTING_OCCLUSION_APPROXIMATE""]",NOT_PROVEN,PENDING,PENDING
SK_도적_006,연막탄터뜨리기,도적,True,rogue,"[""rogue""]","[{""phase"": ""RECIPIENT_CONTACT"", ""anchor"": ""RECIPIENT"", ""path"": ""rogue/c8fb0d55800aadbf.png"", ""source"": ""master/source/skill_fx/naver_cafe_archive_20261001/media/63a38209cbb4469caaaca786d16faaf50c459b1199299bf44e01528289d358dd.gif"", ""sourceSha256"": ""63a38209cbb4469caaaca786d16faaf50c459b1199299bf44e01528289d358dd"", ""atlasSha256"": ""64abb5aad123e49091f5ecd4f1f261569869d7eb4d7c38d03d2755fe46d8fa11"", ""frames"": 5, ""durationMs"": 750, ""peakPixels"": 1765, ""blend"": ""SCREEN"", ""directional"": false, ""flags"": []}]",,"[""SOURCE_MATTING_OCCLUSION_APPROXIMATE""]",NOT_PROVEN,PENDING,PENDING
SK_도적_007,찔러휘비기,도적,True,rogue,"[""rogue""]","[{""phase"": ""RECIPIENT_CONTACT"", ""anchor"": ""RECIPIENT"", ""path"": ""rogue/74240a02e5a3ab10.png"", ""source"": ""master/source/skill_fx/naver_cafe_archive_20261001/media/572dbe7ecb5bcb13ce26d5b6f9867753b78f3220ba6d95250f8104f29c606e4a.gif"", ""sourceSha256"": ""572dbe7ecb5bcb13ce26d5b6f9867753b78f3220ba6d95250f8104f29c606e4a"", ""atlasSha256"": ""c0e41c176195bf05e062293eded8ba81d5e02b280b315a9e122e375305536663"", ""frames"": 4, ""durationMs"": 600, ""peakPixels"": 994, ""blend"": ""SCREEN"", ""directional"": false, ""flags"": []}]",,"[""SOURCE_MATTING_OCCLUSION_APPROXIMATE""]",NOT_PROVEN,PENDING,PENDING
SK_도적_008,더블어택,도적,False,NO_PARTICLE,[],[],,"[""NO_DECLARED_PARTICLE"", ""SERVICE_PASSIVE_LINKED_NOT_STANDALONE_CAST""]",NOT_PROVEN,PENDING,PENDING
SK_도적_009,품뒤져보기,도적,False,NO_PARTICLE,[],[],,"[""NO_DECLARED_PARTICLE"", ""SERVICE_PASSIVE_LINKED_NOT_STANDALONE_CAST""]",NOT_PROVEN,PENDING,PENDING
SK_도적_010,센스,도적,False,NO_PARTICLE,[],[],,"[""NO_DECLARED_PARTICLE"", ""SERVICE_PASSIVE_LINKED_NOT_STANDALONE_CAST""]",NOT_PROVEN,PENDING,PENDING
SK_도적_011,하이드,도적,True,rogue,"[""rogue""]",[],"{""source"": ""master/source/skill_fx/naver_cafe_archive_20261001/media/0f0b87541f7fe1843af389758839fcfb3a791736ce97c42779728257d9030286.gif"", ""sourceSha256"": ""0f0b87541f7fe1843af389758839fcfb3a791736ce97c42779728257d9030286"", ""reason"": ""Actor/status/utility demonstration without a separately recoverable particle channel; required mechanics are not inferred.""}","[""REVIEWED_NO_PARTICLE_CHANNEL""]",NOT_PROVEN,PENDING,PENDING
SK_도적_012,함정찾기1,도적,False,rogue,"[""rogue""]",[],"{""source"": ""master/source/skill_fx/naver_cafe_archive_20261001/media/6023d3d90cc7385adb2631723d333272f35128b8737fd8b81a1b2c833186b7d2.gif"", ""sourceSha256"": ""6023d3d90cc7385adb2631723d333272f35128b8737fd8b81a1b2c833186b7d2"", ""reason"": ""Actor/status/utility demonstration without a separately recoverable particle channel; required mechanics are not inferred.""}","[""REVIEWED_NO_PARTICLE_CHANNEL"", ""SERVICE_PASSIVE_LINKED_NOT_STANDALONE_CAST""]",NOT_PROVEN,PENDING,PENDING
SK_도적_013,라이트닝무브,도적,True,rogue,"[""rogue""]","[{""phase"": ""RECIPIENT_CONTACT"", ""anchor"": ""CASTER"", ""path"": ""rogue/7290e6f0c6448723.png"", ""source"": ""master/source/skill_fx/naver_cafe_archive_20261001/media/e7a267372c57549474f1ae8598ed3ab083aa9b61381f8cd0eb38b49c06b83e50.gif"", ""sourceSha256"": ""e7a267372c57549474f1ae8598ed3ab083aa9b61381f8cd0eb38b49c06b83e50"", ""atlasSha256"": ""d6362c1f42943e1ffc13ba4c204b581288376a21a99a27fba0fcf6f772e6c38a"", ""frames"": 4, ""durationMs"": 600, ""peakPixels"": 291, ""blend"": ""SCREEN"", ""directional"": false, ""flags"": []}]",,"[""SOURCE_MATTING_OCCLUSION_APPROXIMATE""]",NOT_PROVEN,PENDING,PENDING
SK_도적_014,두번찌르기,도적,True,rogue,"[""rogue""]","[{""phase"": ""RECIPIENT_CONTACT"", ""anchor"": ""RECIPIENT"", ""path"": ""rogue/d3e88d3b9c127da5.png"", ""source"": ""master/source/skill_fx/naver_cafe_archive_20261001/media/9166a61dd591a7d4919bc681b698e2dcbaa3259a035066d119d4f4d354a3476f.gif"", ""sourceSha256"": ""9166a61dd591a7d4919bc681b698e2dcbaa3259a035066d119d4f4d354a3476f"", ""atlasSha256"": ""bbfb32e12454a9c6fe9c4e3fd5731016e797a39e41262f1332751e11cd1005f3"", ""frames"": 4, ""durationMs"": 600, ""peakPixels"": 940, ""blend"": ""SCREEN"", ""directional"": false, ""flags"": []}]",,"[""SOURCE_MATTING_OCCLUSION_APPROXIMATE""]",NOT_PROVEN,PENDING,PENDING
SK_도적_015,습격,도적,True,ADAPTED,[],[],,"[""PROJECT_DRAWN_FALLBACK_NOT_SUPPLIED_ORIGINAL""]",NOT_PROVEN,PENDING,PENDING
SK_도적_016,센서스,도적,False,rogue,"[""rogue""]","[{""phase"": ""RECIPIENT_CONTACT"", ""anchor"": ""CASTER"", ""path"": ""rogue/d6f80c667eaee807.png"", ""source"": ""master/source/skill_fx/naver_cafe_archive_20261001/media/d71c66bef4bc261f020ef7cb5010d6f35e939f2d271b1ac1c05426cb60dd865f.gif"", ""sourceSha256"": ""d71c66bef4bc261f020ef7cb5010d6f35e939f2d271b1ac1c05426cb60dd865f"", ""atlasSha256"": ""464c53df0cc61e25a2a61bfc94d208fea45e43259cdbb8d492b06c69f71a4dd6"", ""frames"": 4, ""durationMs"": 600, ""peakPixels"": 564, ""blend"": ""SCREEN"", ""directional"": false, ""flags"": []}]",,"[""SOURCE_MATTING_OCCLUSION_APPROXIMATE"", ""SERVICE_PASSIVE_LINKED_NOT_STANDALONE_CAST""]",NOT_PROVEN,PENDING,PENDING
SK_도적_017,함정찾기2,도적,False,rogue,"[""rogue""]",[],"{""source"": ""master/source/skill_fx/naver_cafe_archive_20261001/media/07bf8385758b92499053a8e285d2e0e95e17213417e2394f5a89997617e1620d.gif"", ""sourceSha256"": ""07bf8385758b92499053a8e285d2e0e95e17213417e2394f5a89997617e1620d"", ""reason"": ""Actor/status/utility demonstration without a separately recoverable particle channel; required mechanics are not inferred.""}","[""REVIEWED_NO_PARTICLE_CHANNEL"", ""SERVICE_PASSIVE_LINKED_NOT_STANDALONE_CAST""]",NOT_PROVEN,PENDING,PENDING
SK_도적_018,함정해체,도적,False,rogue,"[""rogue""]",[],"{""source"": ""master/source/skill_fx/naver_cafe_archive_20261001/media/c4b20d502f01823dbfd670630b10df441ef9dd51cdcf8343b8b03e4c9a10322a.gif"", ""sourceSha256"": ""c4b20d502f01823dbfd670630b10df441ef9dd51cdcf8343b8b03e4c9a10322a"", ""reason"": ""Actor/status/utility demonstration without a separately recoverable particle channel; required mechanics are not inferred.""}","[""REVIEWED_NO_PARTICLE_CHANNEL"", ""SERVICE_PASSIVE_LINKED_NOT_STANDALONE_CAST""]",NOT_PROVEN,PENDING,PENDING
SK_도적_019,적갑옷해체,도적,False,rogue,"[""rogue""]",[],"{""source"": ""master/source/skill_fx/naver_cafe_archive_20261001/media/68e2acb9c885fb8920c074c49f9f00256c6b9bed5818238adbef2b25cddf19fd.gif"", ""sourceSha256"": ""68e2acb9c885fb8920c074c49f9f00256c6b9bed5818238adbef2b25cddf19fd"", ""reason"": ""Actor/status/utility demonstration without a separately recoverable particle channel; required mechanics are not inferred.""}","[""REVIEWED_NO_PARTICLE_CHANNEL"", ""SERVICE_PASSIVE_LINKED_NOT_STANDALONE_CAST""]",NOT_PROVEN,PENDING,PENDING
SK_도적_020,암살격,도적,True,captured,"[""captured""]","[{""phase"": ""RECIPIENT_CONTACT"", ""anchor"": ""CASTER_AT_CONTACT"", ""path"": ""captured/assassination.png"", ""source"": ""master/source/skill_fx/naver_401229/assassination.gif"", ""sourceSha256"": ""f27a2844f16193af620cca7c9d38bde6c3767678e187894272cf5c3d15aef98d"", ""atlasSha256"": ""5f2226e23e4fe8839fdc3889f0918b7b6fb5dd49b43261a59b256ccba7910c17"", ""frames"": 31, ""durationMs"": 1740, ""peakPixels"": 30947, ""blend"": ""SCREEN"", ""directional"": false, ""flags"": []}]",,"[""SOURCE_MATTING_OCCLUSION_APPROXIMATE""]",NOT_PROVEN,PENDING,PENDING
SK_도적_021,마구찌르기,도적,True,rogue,"[""rogue""]","[{""phase"": ""RECIPIENT_CONTACT"", ""anchor"": ""RECIPIENT"", ""path"": ""rogue/5599ff0303eba4ae.png"", ""source"": ""master/source/skill_fx/naver_cafe_archive_20261001/media/b2a0b1f2e9e98a377c42072aa937b16b5ebdec248b3d14d4bcf7d756bb32ba6b.gif"", ""sourceSha256"": ""b2a0b1f2e9e98a377c42072aa937b16b5ebdec248b3d14d4bcf7d756bb32ba6b"", ""atlasSha256"": ""1aeb4b209309d7f7b3a769ab0e12f5d727d0a25d7c0fa615b005d311a5447112"", ""frames"": 4, ""durationMs"": 800, ""peakPixels"": 1206, ""blend"": ""SCREEN"", ""directional"": false, ""flags"": []}]",,"[""SOURCE_MATTING_OCCLUSION_APPROXIMATE""]",NOT_PROVEN,PENDING,PENDING
SK_도적_022,슬래쉬,도적,True,rogue,"[""rogue""]","[{""phase"": ""RECIPIENT_CONTACT"", ""anchor"": ""RECIPIENT"", ""path"": ""rogue/b20a0224a0fd0a38.png"", ""source"": ""master/source/skill_fx/naver_cafe_archive_20261001/media/332d37fe7dce599bf2e7ea305a0476955b1a78fb09f980fa875a0b3bbe3dcab8.gif"", ""sourceSha256"": ""332d37fe7dce599bf2e7ea305a0476955b1a78fb09f980fa875a0b3bbe3dcab8"", ""atlasSha256"": ""57996ee2ad9360ac7ae53e08a7b467f18cc582dae5c5e89d6a8d1291d5a0b36a"", ""frames"": 4, ""durationMs"": 800, ""peakPixels"": 2000, ""blend"": ""SCREEN"", ""directional"": false, ""flags"": []}]",,"[""SOURCE_MATTING_OCCLUSION_APPROXIMATE""]",NOT_PROVEN,PENDING,PENDING
SK_도적_023,기습,도적,True,rogue,"[""rogue""]","[{""phase"": ""RECIPIENT_CONTACT"", ""anchor"": ""RECIPIENT"", ""path"": ""rogue/4459f9eb02d24cbe.png"", ""source"": ""master/source/skill_fx/naver_cafe_archive_20261001/media/25a04ccd1c4e74e207ae27bc848dc67618a6b901bcd0a6ff2da3af6e29fd82fa.gif"", ""sourceSha256"": ""25a04ccd1c4e74e207ae27bc848dc67618a6b901bcd0a6ff2da3af6e29fd82fa"", ""atlasSha256"": ""0789169ea5276e667ad236418dfea0a65fecb9c68362edf0b0bb939d3b687c79"", ""frames"": 4, ""durationMs"": 600, ""peakPixels"": 660, ""blend"": ""SCREEN"", ""directional"": false, ""flags"": []}]",,"[""SOURCE_MATTING_OCCLUSION_APPROXIMATE""]",NOT_PROVEN,PENDING,PENDING
SK_도적_024,트리플어택,도적,False,NO_PARTICLE,[],[],,"[""NO_DECLARED_PARTICLE"", ""SERVICE_PASSIVE_LINKED_NOT_STANDALONE_CAST""]",NOT_PROVEN,PENDING,PENDING
SK_도적_025,함정파기,도적,False,NO_PARTICLE,[],[],,"[""NO_DECLARED_PARTICLE"", ""SERVICE_PASSIVE_LINKED_NOT_STANDALONE_CAST""]",NOT_PROVEN,PENDING,PENDING
SK_도적_026,하이더,도적,False,rogue,"[""rogue""]",[],"{""source"": ""master/source/skill_fx/naver_cafe_archive_20261001/media/4a3a5053567956740e5859bb99926058ad68bac0a652a02c6a60aa1c5c00781d.gif"", ""sourceSha256"": ""4a3a5053567956740e5859bb99926058ad68bac0a652a02c6a60aa1c5c00781d"", ""reason"": ""Actor/status/utility demonstration without a separately recoverable particle channel; required mechanics are not inferred.""}","[""REVIEWED_NO_PARTICLE_CHANNEL"", ""SERVICE_PASSIVE_LINKED_NOT_STANDALONE_CAST""]",NOT_PROVEN,PENDING,PENDING
SK_도적_027,암살격진,도적,True,captured,"[""captured""]","[{""phase"": ""RECIPIENT_CONTACT"", ""anchor"": ""CASTER_AT_CONTACT"", ""path"": ""captured/assassination_jin.png"", ""source"": ""master/source/skill_fx/naver_401229/assassination_jin.gif"", ""sourceSha256"": ""74bc5c3f02de93b690974f90b7537e0c1176397c911b5b20252a8b1de74f81cf"", ""atlasSha256"": ""bdb66ce2600387452a95f058bacea68e696d902032915252b834b6f367d526b3"", ""frames"": 19, ""durationMs"": 1830, ""peakPixels"": 19469, ""blend"": ""SCREEN"", ""directional"": false, ""flags"": []}]",,"[""SOURCE_MATTING_OCCLUSION_APPROXIMATE""]",NOT_PROVEN,PENDING,PENDING
SK_도적_028,습격진,도적,True,rogue,"[""rogue""]","[{""phase"": ""RECIPIENT_CONTACT"", ""anchor"": ""RECIPIENT"", ""path"": ""rogue/b84e64bb25d05ea8.png"", ""source"": ""master/source/skill_fx/naver_cafe_archive_20261001/media/116c76eea19b2161ca44b6075eae11c2418154487ddd4a6d6425dbf427db7983.gif"", ""sourceSha256"": ""116c76eea19b2161ca44b6075eae11c2418154487ddd4a6d6425dbf427db7983"", ""atlasSha256"": ""fd0fcb513893d3ac73bae5766d1221a8a4e9ac96b5fedafde42270e51c8594fb"", ""frames"": 4, ""durationMs"": 600, ""peakPixels"": 228, ""blend"": ""SCREEN"", ""directional"": false, ""flags"": []}]",,"[""SOURCE_MATTING_OCCLUSION_APPROXIMATE""]",NOT_PROVEN,PENDING,PENDING
SK_도적_029,백스탭,도적,True,rogue,"[""rogue""]","[{""phase"": ""RECIPIENT_CONTACT"", ""anchor"": ""RECIPIENT"", ""path"": ""rogue/b397a45e949ffa87.png"", ""source"": ""master/source/skill_fx/naver_cafe_archive_20261001/media/8f8b3ace6d03e00b3d7767a9390ca3a827bfd235b95671f58544aa9083b0fd70.gif"", ""sourceSha256"": ""8f8b3ace6d03e00b3d7767a9390ca3a827bfd235b95671f58544aa9083b0fd70"", ""atlasSha256"": ""c074edea67f30c6505ec828ec5bf9be1ff61f0fd7aaed247352a3908a2950962"", ""frames"": 5, ""durationMs"": 750, ""peakPixels"": 393, ""blend"": ""SCREEN"", ""directional"": false, ""flags"": []}]",,"[""SOURCE_MATTING_OCCLUSION_APPROXIMATE""]",NOT_PROVEN,PENDING,PENDING
SK_도적_030,백슬래쉬,도적,True,rogue,"[""rogue""]","[{""phase"": ""RECIPIENT_CONTACT"", ""anchor"": ""RECIPIENT"", ""path"": ""rogue/6f289fb7ff6429fc.png"", ""source"": ""master/source/skill_fx/naver_cafe_archive_20261001/media/87e8ba3b3eecbc50e7ad7212d0ebbee30cc664de39640d0a0aec0b30692ee1a1.gif"", ""sourceSha256"": ""87e8ba3b3eecbc50e7ad7212d0ebbee30cc664de39640d0a0aec0b30692ee1a1"", ""atlasSha256"": ""38f1b0c15a68afd93446d35e896654461f3d9c31ca94ac40f994a92301d7907d"", ""frames"": 4, ""durationMs"": 800, ""peakPixels"": 148, ""blend"": ""SCREEN"", ""directional"": false, ""flags"": []}]",,"[""SOURCE_MATTING_OCCLUSION_APPROXIMATE""]",NOT_PROVEN,PENDING,PENDING
SK_도적_031,설치형트랩,도적,False,NO_PARTICLE,[],[],,"[""NO_DECLARED_PARTICLE"", ""SERVICE_PASSIVE_LINKED_NOT_STANDALONE_CAST""]",NOT_PROVEN,PENDING,PENDING
SK_마법사_001,마레노,마법사,True,classic,"[""classic""]","[{""phase"": ""RECIPIENT_CONTACT"", ""anchor"": ""RECIPIENT"", ""path"": ""classic/mage_2f8790bcb795ff36.png"", ""source"": ""master/source/skill_fx/naver_magic_recovered_20261001/478b33d5fa819b53.jpg"", ""sourceSha256"": ""fc817e1657fc52e7a21a969f6dc2d6afe47d214105fe78c841d4664b9c751dc3"", ""atlasSha256"": ""844fd928ae00e74c8d05a36dc45e10fdb5d1f376843b0d7aeff7a1ab3cf496ee"", ""frames"": 4, ""durationMs"": 380, ""peakPixels"": 620, ""blend"": ""SCREEN"", ""directional"": false, ""flags"": [""STATIC_SOURCE_PROJECT_TIMING""]}]",,"[""SOURCE_MATTING_OCCLUSION_APPROXIMATE""]",NOT_PROVEN,PENDING,PENDING
SK_마법사_002,렌토,마법사,True,classic,"[""classic""]","[{""phase"": ""RECIPIENT_CONTACT"", ""anchor"": ""RECIPIENT"", ""path"": ""classic/mage_668b7f9abb88240a.png"", ""source"": ""master/source/skill_fx/naver_magic_recovered_20261001/a90225a38dae823e.jpg"", ""sourceSha256"": ""60ae5bbf8513e37f8d8491c00a7b2503070853088bb739d4c74793f0cf419d74"", ""atlasSha256"": ""c2f46832f412b4fb723b5c246acd74716770fd4eb98a3c6cbb9fd7896f8b48da"", ""frames"": 4, ""durationMs"": 380, ""peakPixels"": 1454, ""blend"": ""SCREEN"", ""directional"": false, ""flags"": [""STATIC_SOURCE_PROJECT_TIMING""]}]",,"[""SOURCE_MATTING_OCCLUSION_APPROXIMATE""]",NOT_PROVEN,PENDING,PENDING
SK_마법사_003,테라미코,마법사,True,classic,"[""classic""]","[{""phase"": ""RECIPIENT_CONTACT"", ""anchor"": ""RECIPIENT"", ""path"": ""classic/mage_2990e33cdf1fb31f.png"", ""source"": ""master/source/skill_fx/naver_magic_recovered_20261001/fa6eaf9f538e0c60.jpg"", ""sourceSha256"": ""c9a70b4e1096f26a68c8724f3c4e5410805fba3e0661f7e016f7a07754e209b7"", ""atlasSha256"": ""a635a34b6f049bbf2cc5e2e77baafeb8c0665e327cc09d69617a29f3ac6d201b"", ""frames"": 4, ""durationMs"": 380, ""peakPixels"": 1559, ""blend"": ""SCREEN"", ""directional"": false, ""flags"": [""STATIC_SOURCE_PROJECT_TIMING""]}]",,"[""SOURCE_MATTING_OCCLUSION_APPROXIMATE""]",NOT_PROVEN,PENDING,PENDING
SK_마법사_004,아듀로,마법사,True,classic,"[""classic""]","[{""phase"": ""RECIPIENT_CONTACT"", ""anchor"": ""RECIPIENT"", ""path"": ""classic/mage_f3e4a5f901547f89.png"", ""source"": ""master/source/skill_fx/naver_magic_recovered_20261001/88b867bbb5559fa1.jpg"", ""sourceSha256"": ""305602a556a2966a501ebaa30bd08b903d95d07ea1be889a4379569cca8aff10"", ""atlasSha256"": ""b23571171675b2965f8c5622449136e52d190678da2822848952251f496d7d12"", ""frames"": 4, ""durationMs"": 380, ""peakPixels"": 335, ""blend"": ""SCREEN"", ""directional"": false, ""flags"": [""STATIC_SOURCE_PROJECT_TIMING""]}]",,"[""SOURCE_MATTING_OCCLUSION_APPROXIMATE""]",NOT_PROVEN,PENDING,PENDING
SK_마법사_005,플라모,마법사,True,classic,"[""classic""]","[{""phase"": ""RECIPIENT_CONTACT"", ""anchor"": ""RECIPIENT"", ""path"": ""classic/mage_88b713014e218be9.png"", ""source"": ""master/source/skill_fx/naver_magic_recovered_20261001/0fc8ed66bf2d233d.jpg"", ""sourceSha256"": ""a5dfd3bc48ea16746e82090f3ce5fd9dc5241fdde4e59ae153116d50dd6237d9"", ""atlasSha256"": ""48ce9bca3796ecb8af3caddd8711125d5253009e0bddd661e59d9ffd132454d9"", ""frames"": 4, ""durationMs"": 380, ""peakPixels"": 41, ""blend"": ""SCREEN"", ""directional"": false, ""flags"": [""STATIC_SOURCE_PROJECT_TIMING""]}]",,"[""SOURCE_MATTING_OCCLUSION_APPROXIMATE""]",NOT_PROVEN,PENDING,PENDING
SK_마법사_006,콘푸지오,마법사,True,ADAPTED,[],[],,"[""PROJECT_DRAWN_FALLBACK_NOT_SUPPLIED_ORIGINAL""]",NOT_PROVEN,PENDING,PENDING
SK_마법사_007,수페라마레나,마법사,True,ADAPTED,[],[],,"[""PROJECT_DRAWN_FALLBACK_NOT_SUPPLIED_ORIGINAL""]",NOT_PROVEN,PENDING,PENDING
SK_마법사_008,수페라테라미카,마법사,True,ADAPTED,[],[],,"[""PROJECT_DRAWN_FALLBACK_NOT_SUPPLIED_ORIGINAL""]",NOT_PROVEN,PENDING,PENDING
SK_마법사_009,수페라아듀라,마법사,True,ADAPTED,[],[],,"[""PROJECT_DRAWN_FALLBACK_NOT_SUPPLIED_ORIGINAL""]",NOT_PROVEN,PENDING,PENDING
SK_마법사_010,수페라플라미카,마법사,True,ADAPTED,[],[],,"[""PROJECT_DRAWN_FALLBACK_NOT_SUPPLIED_ORIGINAL""]",NOT_PROVEN,PENDING,PENDING
SK_마법사_011,바르도,마법사,True,classic,"[""classic""]","[{""phase"": ""RECIPIENT_CONTACT"", ""anchor"": ""RECIPIENT"", ""path"": ""classic/mage_559506aca57edab6.png"", ""source"": ""master/source/skill_fx/naver_magic_recovered_20261001/598c04193efb021f.jpg"", ""sourceSha256"": ""799b2e5720ba15e79b781e13e4d6770a7cf9aa1d24a388083250d3b38d676db6"", ""atlasSha256"": ""f6cb2f4e795485d75d0dd24519a9874954bb19427012934295a0f7cb1a9d0655"", ""frames"": 4, ""durationMs"": 380, ""peakPixels"": 2030, ""blend"": ""SCREEN"", ""directional"": false, ""flags"": [""STATIC_SOURCE_PROJECT_TIMING""]}]",,"[""SOURCE_MATTING_OCCLUSION_APPROXIMATE""]",NOT_PROVEN,PENDING,PENDING
SK_마법사_012,베노미,마법사,True,ADAPTED,[],[],,"[""PROJECT_DRAWN_FALLBACK_NOT_SUPPLIED_ORIGINAL""]",NOT_PROVEN,PENDING,PENDING
SK_마법사_013,마레누스,마법사,True,classic,"[""classic""]","[{""phase"": ""RECIPIENT_CONTACT"", ""anchor"": ""RECIPIENT"", ""path"": ""classic/mage_ac92877ab3cfbe6e.png"", ""source"": ""master/source/skill_fx/naver_magic_recovered_20261001/3520765bd800cd67.jpg"", ""sourceSha256"": ""ef92ee3881065e3aa29bc2a4d0bdc34cc1711de9971f9f506bd03ce5e11ec9c6"", ""atlasSha256"": ""eb43bd1da34a4b77336b54cc16e719fba1c0e3a227f31b779f38cba2f0bcdf0a"", ""frames"": 4, ""durationMs"": 380, ""peakPixels"": 1734, ""blend"": ""SCREEN"", ""directional"": false, ""flags"": [""STATIC_SOURCE_PROJECT_TIMING""]}]",,"[""SOURCE_MATTING_OCCLUSION_APPROXIMATE""]",NOT_PROVEN,PENDING,PENDING
SK_마법사_014,테라미쿠스,마법사,True,classic,"[""classic""]","[{""phase"": ""RECIPIENT_CONTACT"", ""anchor"": ""RECIPIENT"", ""path"": ""classic/mage_094ba857df525705.png"", ""source"": ""master/source/skill_fx/naver_magic_recovered_20261001/4ec5e3cd661e6897.jpg"", ""sourceSha256"": ""e25f061d6cc00cff8ea1e9be90e09568082597565b66ccd7203fa2dfca5129ba"", ""atlasSha256"": ""2dc23dfd02fefa1a686a5110ab83ed2969b35a57ee0d8393e352684dc6a008d7"", ""frames"": 4, ""durationMs"": 380, ""peakPixels"": 2428, ""blend"": ""SCREEN"", ""directional"": false, ""flags"": [""STATIC_SOURCE_PROJECT_TIMING""]}]",,"[""SOURCE_MATTING_OCCLUSION_APPROXIMATE""]",NOT_PROVEN,PENDING,PENDING
SK_마법사_015,아듀로스,마법사,True,classic,"[""classic""]","[{""phase"": ""RECIPIENT_CONTACT"", ""anchor"": ""RECIPIENT"", ""path"": ""classic/mage_7a82ced122d19fc3.png"", ""source"": ""master/source/skill_fx/naver_magic_recovered_20261001/6ccd5db195b8bd00.jpg"", ""sourceSha256"": ""2524edcae988851f9656f930c14f4ad61e7a7152a9f24d786250046ac4f71297"", ""atlasSha256"": ""351947479918bc1766e6ef76e46b41d2335a065d83d49a5d3c6a1028e038164b"", ""frames"": 4, ""durationMs"": 380, ""peakPixels"": 355, ""blend"": ""SCREEN"", ""directional"": false, ""flags"": [""STATIC_SOURCE_PROJECT_TIMING""]}]",,"[""SOURCE_MATTING_OCCLUSION_APPROXIMATE""]",NOT_PROVEN,PENDING,PENDING
SK_마법사_016,플라무스,마법사,True,classic,"[""classic""]","[{""phase"": ""RECIPIENT_CONTACT"", ""anchor"": ""RECIPIENT"", ""path"": ""classic/mage_2bb0aefbf49c6be9.png"", ""source"": ""master/source/skill_fx/naver_magic_recovered_20261001/a82d603dcc47c911.jpg"", ""sourceSha256"": ""27436f3871dca6493fd8dc637321082db96ffd39ec8c4adee372d0f016b7fa6a"", ""atlasSha256"": ""3f5b42f5b1067df36531da651eaf4944160bfdd7f03a53e2c9dddcb57cb4c581"", ""frames"": 4, ""durationMs"": 380, ""peakPixels"": 1494, ""blend"": ""SCREEN"", ""directional"": false, ""flags"": [""STATIC_SOURCE_PROJECT_TIMING""]}]",,"[""SOURCE_MATTING_OCCLUSION_APPROXIMATE""]",NOT_PROVEN,PENDING,PENDING
SK_마법사_017,나르콜리,마법사,True,ADAPTED,[],[],,"[""PROJECT_DRAWN_FALLBACK_NOT_SUPPLIED_ORIGINAL""]",NOT_PROVEN,PENDING,PENDING
SK_마법사_018,엑스마레나,마법사,True,ADAPTED,[],[],,"[""PROJECT_DRAWN_FALLBACK_NOT_SUPPLIED_ORIGINAL""]",NOT_PROVEN,PENDING,PENDING
SK_마법사_019,엑스테라미카,마법사,True,ADAPTED,[],[],,"[""PROJECT_DRAWN_FALLBACK_NOT_SUPPLIED_ORIGINAL""]",NOT_PROVEN,PENDING,PENDING
SK_마법사_020,엑스아듀라,마법사,True,ADAPTED,[],[],,"[""PROJECT_DRAWN_FALLBACK_NOT_SUPPLIED_ORIGINAL""]",NOT_PROVEN,PENDING,PENDING
SK_마법사_021,엑스플라미카,마법사,True,ADAPTED,[],[],,"[""PROJECT_DRAWN_FALLBACK_NOT_SUPPLIED_ORIGINAL""]",NOT_PROVEN,PENDING,PENDING
SK_마법사_022,로카테오,마법사,False,NO_PARTICLE,[],[],,"[""NO_DECLARED_PARTICLE"", ""SERVICE_PASSIVE_LINKED_NOT_STANDALONE_CAST""]",NOT_PROVEN,PENDING,PENDING
SK_마법사_023,딜루메니,마법사,True,ADAPTED,[],[],,"[""PROJECT_DRAWN_FALLBACK_NOT_SUPPLIED_ORIGINAL""]",NOT_PROVEN,PENDING,PENDING
SK_마법사_024,데프레코,마법사,True,classic,"[""classic""]","[{""phase"": ""RECIPIENT_CONTACT"", ""anchor"": ""RECIPIENT"", ""path"": ""classic/mage_c55ca8de33db6805.png"", ""source"": ""master/source/skill_fx/naver_magic_recovered_20261001/73a071faf3fb7836.jpg"", ""sourceSha256"": ""c7d8928cfe30e597cc451e6f59a9ca305ab4019b154bcf1005c76f567560a0d6"", ""atlasSha256"": ""38aec22597032f9aa8b7e9ba3dcbf233202d2f435538beadc698e23f2813e950"", ""frames"": 4, ""durationMs"": 380, ""peakPixels"": 1864, ""blend"": ""SCREEN"", ""directional"": false, ""flags"": [""STATIC_SOURCE_PROJECT_TIMING""]}]",,"[""SOURCE_MATTING_OCCLUSION_APPROXIMATE""]",NOT_PROVEN,PENDING,PENDING
SK_마법사_025,소루마,마법사,True,ADAPTED,[],[],,"[""PROJECT_DRAWN_FALLBACK_NOT_SUPPLIED_ORIGINAL""]",NOT_PROVEN,PENDING,PENDING
SK_마법사_026,마레네라,마법사,True,classic,"[""classic""]","[{""phase"": ""RECIPIENT_CONTACT"", ""anchor"": ""RECIPIENT"", ""path"": ""classic/mage_832a99c204255546.png"", ""source"": ""master/source/skill_fx/naver_magic_recovered_20261001/6109e59b3c6c3170.jpg"", ""sourceSha256"": ""89bbac1e7a15831a29e871642a6290591513e5e15a7a2282c5249b07e76235a2"", ""atlasSha256"": ""e025d7012db859b3c838b2ce0c9b3ded7a76f54e7a08a7251d6cfbb4567c261e"", ""frames"": 4, ""durationMs"": 380, ""peakPixels"": 1206, ""blend"": ""SCREEN"", ""directional"": false, ""flags"": [""STATIC_SOURCE_PROJECT_TIMING""]}]",,"[""SOURCE_MATTING_OCCLUSION_APPROXIMATE""]",NOT_PROVEN,PENDING,PENDING
SK_마법사_027,테라미에라,마법사,True,classic,"[""classic""]","[{""phase"": ""RECIPIENT_CONTACT"", ""anchor"": ""RECIPIENT"", ""path"": ""classic/mage_bcceec2bb5f4d30a.png"", ""source"": ""master/source/skill_fx/naver_magic_recovered_20261001/ea542f5d4ac101bb.jpg"", ""sourceSha256"": ""5b633ab4e7edd6f6f4ec0060fd219fa284a1ce419e50b841e163f65b80c9e7f4"", ""atlasSha256"": ""72cb465b2f9f67ccb294cfe40612ed4cba1295321699251f3844e0450c68c391"", ""frames"": 4, ""durationMs"": 380, ""peakPixels"": 3601, ""blend"": ""SCREEN"", ""directional"": false, ""flags"": [""STATIC_SOURCE_PROJECT_TIMING""]}]",,"[""SOURCE_MATTING_OCCLUSION_APPROXIMATE""]",NOT_PROVEN,PENDING,PENDING
SK_마법사_028,아듀레나,마법사,True,classic,"[""classic""]","[{""phase"": ""RECIPIENT_CONTACT"", ""anchor"": ""RECIPIENT"", ""path"": ""classic/mage_002d4a097e561a52.png"", ""source"": ""master/source/skill_fx/naver_magic_recovered_20261001/e88d27b4e0ac62a5.jpg"", ""sourceSha256"": ""e9e90f7f11fc20d9f6fd1a0a1cbeb2dae8ccc25e4052937df837be2063b7f492"", ""atlasSha256"": ""80793e653fc81967a5a3fd09f31fd27503ee10c397e26100cc3c69307e8a5ffb"", ""frames"": 4, ""durationMs"": 380, ""peakPixels"": 1476, ""blend"": ""SCREEN"", ""directional"": false, ""flags"": [""STATIC_SOURCE_PROJECT_TIMING""]}]",,"[""SOURCE_MATTING_OCCLUSION_APPROXIMATE""]",NOT_PROVEN,PENDING,PENDING
SK_마법사_029,플라메라,마법사,True,classic,"[""classic""]","[{""phase"": ""RECIPIENT_CONTACT"", ""anchor"": ""RECIPIENT"", ""path"": ""classic/mage_4ba889a0e18b8160.png"", ""source"": ""master/source/skill_fx/naver_magic_recovered_20261001/f267a228e0c4dcae.jpg"", ""sourceSha256"": ""53d55dc12c48efbeee9418ff0e6aab52984b86c1b75e4ad9fa36d31efe2c2d1b"", ""atlasSha256"": ""07079a5a3eae9ef044085cbf18406d748cc7babb03a8fe7313839afb3b204858"", ""frames"": 4, ""durationMs"": 380, ""peakPixels"": 2251, ""blend"": ""SCREEN"", ""directional"": false, ""flags"": [""STATIC_SOURCE_PROJECT_TIMING""]}]",,"[""SOURCE_MATTING_OCCLUSION_APPROXIMATE""]",NOT_PROVEN,PENDING,PENDING
SK_마법사_030,마네나로,마법사,True,ADAPTED,[],[],,"[""PROJECT_DRAWN_FALLBACK_NOT_SUPPLIED_ORIGINAL""]",NOT_PROVEN,PENDING,PENDING
SK_마법사_031,테라미칼로,마법사,True,ADAPTED,[],[],,"[""PROJECT_DRAWN_FALLBACK_NOT_SUPPLIED_ORIGINAL""]",NOT_PROVEN,PENDING,PENDING
SK_마법사_032,아듀랄로,마법사,True,ADAPTED,[],[],,"[""PROJECT_DRAWN_FALLBACK_NOT_SUPPLIED_ORIGINAL""]",NOT_PROVEN,PENDING,PENDING
SK_마법사_033,플라미칼로,마법사,True,ADAPTED,[],[],,"[""PROJECT_DRAWN_FALLBACK_NOT_SUPPLIED_ORIGINAL""]",NOT_PROVEN,PENDING,PENDING
SK_마법사_034,세멜리아,마법사,True,ADAPTED,[],[],,"[""PROJECT_DRAWN_FALLBACK_NOT_SUPPLIED_ORIGINAL""]",NOT_PROVEN,PENDING,PENDING
SK_마법사_035,아마게돈,마법사,True,ADAPTED,[],[],,"[""PROJECT_DRAWN_FALLBACK_NOT_SUPPLIED_ORIGINAL""]",NOT_PROVEN,PENDING,PENDING
SK_마법사_036,숨마스텔라,마법사,True,ADAPTED,[],[],,"[""PROJECT_DRAWN_FALLBACK_NOT_SUPPLIED_ORIGINAL""]",NOT_PROVEN,PENDING,PENDING
SK_마법사_037,라그나로크,마법사,True,ADAPTED,[],[],,"[""PROJECT_DRAWN_FALLBACK_NOT_SUPPLIED_ORIGINAL""]",NOT_PROVEN,PENDING,PENDING
SK_마법사_038,데스,마법사,True,ADAPTED,[],[],,"[""PROJECT_DRAWN_FALLBACK_NOT_SUPPLIED_ORIGINAL""]",NOT_PROVEN,PENDING,PENDING
SK_마법사_039,아이스블러스트,마법사,True,classic,"[""classic""]","[{""phase"": ""RECIPIENT_CONTACT"", ""anchor"": ""RECIPIENT"", ""path"": ""classic/mage_570f99a67550effa.png"", ""source"": ""master/source/skill_fx/naver_magic_recovered_20261001/d524ca9016d5d0d3.png"", ""sourceSha256"": ""d8f566950e152e94e974ae761f31c187dcefc526ac0e8cbdbde1abcb63f687e3"", ""atlasSha256"": ""9d6fc4514903bc12b1969e72f686ae6c3faa3a3437c7f0d21544a647b48b6179"", ""frames"": 4, ""durationMs"": 400, ""peakPixels"": 3157, ""blend"": ""SCREEN"", ""directional"": false, ""flags"": []}]",,"[""SOURCE_MATTING_OCCLUSION_APPROXIMATE""]",NOT_PROVEN,PENDING,PENDING
SK_마법사_040,퀘이크,마법사,True,classic,"[""classic""]","[{""phase"": ""RECIPIENT_CONTACT"", ""anchor"": ""RECIPIENT"", ""path"": ""classic/mage_7f9a30b48d06c86c.png"", ""source"": ""master/source/skill_fx/naver_magic_recovered_20261001/56f1712d253709e4.png"", ""sourceSha256"": ""873148604fd7758761ee4631ded081c6e07a746e7ab45dd48e625473050ccb91"", ""atlasSha256"": ""dd7e6638c56559ac557c6ae5fbfed66d42af1ba8fcdcbd2ed2587f9345a7a25f"", ""frames"": 4, ""durationMs"": 400, ""peakPixels"": 3502, ""blend"": ""NORMAL"", ""directional"": false, ""flags"": []}]",,"[""SOURCE_MATTING_OCCLUSION_APPROXIMATE""]",NOT_PROVEN,PENDING,PENDING
SK_마법사_041,플레쉬스톰,마법사,True,classic,"[""classic""]","[{""phase"": ""RECIPIENT_CONTACT"", ""anchor"": ""RECIPIENT"", ""path"": ""classic/mage_7a248f8b3d62fb2b.png"", ""source"": ""master/source/skill_fx/naver_magic_recovered_20261001/09ad0dec266ad981.png"", ""sourceSha256"": ""944fd8e2a8b710e18ec298680e212a45dd2b00f54c3390a7e8a51fe81b847fff"", ""atlasSha256"": ""01645183b8b6887817a67de30ff2831e79bd28d260b80171396a8362475cc42e"", ""frames"": 4, ""durationMs"": 400, ""peakPixels"": 3013, ""blend"": ""SCREEN"", ""directional"": false, ""flags"": []}]",,"[""SOURCE_MATTING_OCCLUSION_APPROXIMATE""]",NOT_PROVEN,PENDING,PENDING
SK_마법사_042,플레어,마법사,True,classic,"[""classic""]","[{""phase"": ""RECIPIENT_CONTACT"", ""anchor"": ""RECIPIENT"", ""path"": ""classic/mage_83e9c868b8d49598.png"", ""source"": ""master/source/skill_fx/naver_magic_recovered_20261001/d51b8ff3415de39f.png"", ""sourceSha256"": ""95fe00976a8efe4f7b39b539191f27ed87a954baf7b1d8f1ea6b8551b3aaf57a"", ""atlasSha256"": ""4547613b2d8a027097ec4ae37af430fb657252f7dcd7d72b2dc6e013bf40a93a"", ""frames"": 4, ""durationMs"": 400, ""peakPixels"": 2644, ""blend"": ""SCREEN"", ""directional"": false, ""flags"": []}]",,"[""SOURCE_MATTING_OCCLUSION_APPROXIMATE""]",NOT_PROVEN,PENDING,PENDING
SK_마법사_043,메테오,마법사,True,classic,"[""classic""]","[{""phase"": ""RECIPIENT_CONTACT"", ""anchor"": ""RECIPIENT"", ""path"": ""classic/mage_5f4c3dcc21e20f2c.png"", ""source"": ""master/source/skill_fx/naver_magic_recovered_20261001/bdaa6dcfdb9f9d4d.png"", ""sourceSha256"": ""c5988c8cc92db447550d35715bc47432d2da0191f9e53bd96f4b9603ade26a67"", ""atlasSha256"": ""767517d91eeab4b7d290120dc4607d937c396e40960b5e54960f3951a61859ca"", ""frames"": 3, ""durationMs"": 300, ""peakPixels"": 2007, ""blend"": ""SCREEN"", ""directional"": false, ""flags"": []}]",,"[""SOURCE_MATTING_OCCLUSION_APPROXIMATE""]",NOT_PROVEN,PENDING,PENDING
SK_마법사_044,속성강화,마법사,True,classic,"[""classic""]","[{""phase"": ""RECIPIENT_CONTACT"", ""anchor"": ""RECIPIENT"", ""path"": ""classic/mage_479693c99c07ce39.png"", ""source"": ""master/source/skill_fx/naver_magic_recovered_20261001/72f33f60649272ea.png"", ""sourceSha256"": ""da9574c909bb3e8d044c4899b76495af1ece3c22781d4e978709b2685b2c9b58"", ""atlasSha256"": ""79e6efb8b3785d68d07288ffdd7c2add435ef63a4f88a238f29adebed60346ac"", ""frames"": 4, ""durationMs"": 400, ""peakPixels"": 1320, ""blend"": ""SCREEN"", ""directional"": false, ""flags"": []}]",,"[""SOURCE_MATTING_OCCLUSION_APPROXIMATE""]",NOT_PROVEN,PENDING,PENDING
SK_마법사_045,매직프로텍션,마법사,True,classic,"[""classic""]","[{""phase"": ""RECIPIENT_CONTACT"", ""anchor"": ""RECIPIENT"", ""path"": ""classic/mage_3207e8c92d97bacd.png"", ""source"": ""master/source/skill_fx/naver_magic_recovered_20261001/3666046a0cfbcc8b.png"", ""sourceSha256"": ""84f6319d3f231e01d4564949b3e20b33688eb2495f1ce42b067e0ffbc888de64"", ""atlasSha256"": ""2b97febb2d40e60fe5031b62a24873bf459d015445d1ee0d4b2f7d822ab19a16"", ""frames"": 6, ""durationMs"": 600, ""peakPixels"": 2447, ""blend"": ""NORMAL"", ""directional"": false, ""flags"": []}]",,"[""SOURCE_MATTING_OCCLUSION_APPROXIMATE""]",NOT_PROVEN,PENDING,PENDING
SK_마법사_046,어둠의각인,마법사,True,classic,"[""classic""]","[{""phase"": ""RECIPIENT_CONTACT"", ""anchor"": ""RECIPIENT"", ""path"": ""classic/mage_25cab761b96fcbee.png"", ""source"": ""master/source/skill_fx/naver_magic_recovered_20261001/929b70ac749a8c69.png"", ""sourceSha256"": ""c4cb1dbbcc45d89eb02ce7f04bd2c4b84e8884c7d9cc27f14206ed64973fe224"", ""atlasSha256"": ""b4aa29b6ec3dca39ebd0e09fd53a700bd4c41edcccca27f0fe2a95c3fe288e7e"", ""frames"": 6, ""durationMs"": 600, ""peakPixels"": 1940, ""blend"": ""NORMAL"", ""directional"": false, ""flags"": []}]",,"[""SOURCE_MATTING_OCCLUSION_APPROXIMATE""]",NOT_PROVEN,PENDING,PENDING
SK_마법사_047,렌티아,마법사,True,classic,"[""classic""]","[{""phase"": ""RECIPIENT_CONTACT"", ""anchor"": ""RECIPIENT"", ""path"": ""classic/mage_e146f537ed154c2e.png"", ""source"": ""master/source/skill_fx/naver_magic_recovered_20261001/13726f3bd922d833.png"", ""sourceSha256"": ""a1b62546c53744e7b85014c95e36cd4f6d0e9a5a4db8ce58f757e79e44bf364e"", ""atlasSha256"": ""ebb1a733ee4967b9d2acd5b5e6a22f9cc6c26c7ecfd7a064cfc34c531306b60b"", ""frames"": 4, ""durationMs"": 380, ""peakPixels"": 3974, ""blend"": ""SCREEN"", ""directional"": false, ""flags"": [""STATIC_SOURCE_PROJECT_TIMING""]}]",,"[""SOURCE_MATTING_OCCLUSION_APPROXIMATE""]",NOT_PROVEN,PENDING,PENDING
SK_마법사_048,바르데아,마법사,True,classic,"[""classic""]","[{""phase"": ""RECIPIENT_CONTACT"", ""anchor"": ""RECIPIENT"", ""path"": ""classic/mage_3f5cc7b920634d62.png"", ""source"": ""master/source/skill_fx/naver_magic_recovered_20261001/0aabf644f78e9550.png"", ""sourceSha256"": ""c7c25c26077c48afff4e2836c4e0474eedfe038f1b76db285b3c235411a598d7"", ""atlasSha256"": ""a9a021f2ae2581754d580991f071151631a3b398d2747b6664beb321e4109de7"", ""frames"": 4, ""durationMs"": 380, ""peakPixels"": 4137, ""blend"": ""SCREEN"", ""directional"": false, ""flags"": [""STATIC_SOURCE_PROJECT_TIMING""]}]",,"[""SOURCE_MATTING_OCCLUSION_APPROXIMATE""]",NOT_PROVEN,PENDING,PENDING
SK_마법사_049,데프레타,마법사,True,classic,"[""classic""]","[{""phase"": ""RECIPIENT_CONTACT"", ""anchor"": ""RECIPIENT"", ""path"": ""classic/mage_e898d96a62dd2509.png"", ""source"": ""master/source/skill_fx/naver_magic_recovered_20261001/f45c21fbfcb7115a.png"", ""sourceSha256"": ""3d86667971b7c90b01e535fef672a19a845e3d78b4008bb0e0b07978039a71f0"", ""atlasSha256"": ""e4eac7a03776d40f3b8cd7a649c368b8921818fdbae655a695ef144f45ed3dac"", ""frames"": 4, ""durationMs"": 380, ""peakPixels"": 5483, ""blend"": ""SCREEN"", ""directional"": false, ""flags"": [""STATIC_SOURCE_PROJECT_TIMING""]}]",,"[""SOURCE_MATTING_OCCLUSION_APPROXIMATE""]",NOT_PROVEN,PENDING,PENDING
SK_마법사_050,프라베라,마법사,True,classic,"[""classic""]","[{""phase"": ""RECIPIENT_CONTACT"", ""anchor"": ""RECIPIENT"", ""path"": ""classic/mage_bc8b7ad03f616c54.png"", ""source"": ""master/source/skill_fx/naver_magic_recovered_20261001/84e2fac5da866c9a.png"", ""sourceSha256"": ""6af61a292c5461d9992ad790b56419441f4ea1b67dc663f509993c6f1acdd6d8"", ""atlasSha256"": ""017c5c3a39874326634f55a14c20b7a12a5695c18f79beaa45aecd36e979f1ac"", ""frames"": 4, ""durationMs"": 380, ""peakPixels"": 7630, ""blend"": ""SCREEN"", ""directional"": false, ""flags"": [""STATIC_SOURCE_PROJECT_TIMING""]}]",,"[""SOURCE_MATTING_OCCLUSION_APPROXIMATE""]",NOT_PROVEN,PENDING,PENDING
SK_마법사_051,델리스펠라스,마법사,True,classic,"[""classic""]","[{""phase"": ""RECIPIENT_CONTACT"", ""anchor"": ""CASTER"", ""path"": ""classic/mage_cc4a944a68fcb6b4.png"", ""source"": ""master/source/skill_fx/naver_magic_recovered_20261001/c29f838f82f84233.png"", ""sourceSha256"": ""0c6f75b0e4828e6c3184a9acda98e8a45e1135544574488f4b39ea33a071bd5b"", ""atlasSha256"": ""71f421207cc30f22f1edf2f177ab2dc17b673fb226c561dc0bf4852409fa90ee"", ""frames"": 3, ""durationMs"": 300, ""peakPixels"": 1756, ""blend"": ""SCREEN"", ""directional"": false, ""flags"": []}]",,"[""SOURCE_MATTING_OCCLUSION_APPROXIMATE""]",NOT_PROVEN,PENDING,PENDING
SK_마법사_052,포트리스,마법사,True,classic,"[""classic""]","[{""phase"": ""RECIPIENT_CONTACT"", ""anchor"": ""CASTER"", ""path"": ""classic/mage_2c0b4640df0f50f8.png"", ""source"": ""master/source/skill_fx/naver_magic_recovered_20261001/50f929d5328616a4.png"", ""sourceSha256"": ""0a24055d428565b403272958aea9f32859aa9f6c880f8de822c57fd012730ffc"", ""atlasSha256"": ""1eb0e6adcedcf6b6a58164ec981077c13775c8b6159dc22f53b5896412672cee"", ""frames"": 3, ""durationMs"": 300, ""peakPixels"": 1672, ""blend"": ""SCREEN"", ""directional"": false, ""flags"": []}]",,"[""SOURCE_MATTING_OCCLUSION_APPROXIMATE""]",NOT_PROVEN,PENDING,PENDING
SK_성직자_001,쿠로,성직자,True,classic,"[""classic""]","[{""phase"": ""CASTER_START"", ""anchor"": ""CASTER"", ""path"": ""classic/c0bbc9a49ced3159_caster_start.png"", ""source"": ""master/source/skill_fx/naver_classic_2020/8da609c164d1c803.gif"", ""sourceSha256"": ""7e5c48355cb39febaa3c134ec91bb842724eb5856b621e18197c8646c98243d8"", ""atlasSha256"": ""b7a02eae4748235caddbe1ee4e80996f1f23ed3ee6afbef7c2b028ce1fe39fde"", ""frames"": 6, ""durationMs"": 800, ""peakPixels"": 26, ""blend"": ""SCREEN"", ""directional"": false, ""flags"": [""LOW_PIXEL_CHANNEL_REVIEW""]}, {""phase"": ""RECIPIENT_CONTACT"", ""anchor"": ""RECIPIENT"", ""path"": ""classic/c0bbc9a49ced3159_recipient_contact.png"", ""source"": ""master/source/skill_fx/naver_classic_2020/8da609c164d1c803.gif"", ""sourceSha256"": ""7e5c48355cb39febaa3c134ec91bb842724eb5856b621e18197c8646c98243d8"", ""atlasSha256"": ""c3da69866b5ca9c5716b84b80196499bba76c2d15e9f53602ad21be13053075a"", ""frames"": 7, ""durationMs"": 700, ""peakPixels"": 420, ""blend"": ""SCREEN"", ""directional"": false, ""flags"": []}]",,"[""SOURCE_MATTING_OCCLUSION_APPROXIMATE""]",NOT_PROVEN,PENDING,PENDING
SK_성직자_002,수혈,성직자,True,ADAPTED,[],[],,"[""PROJECT_DRAWN_FALLBACK_NOT_SUPPLIED_ORIGINAL""]",NOT_PROVEN,PENDING,PENDING
SK_성직자_003,디렌토,성직자,True,classic,"[""classic""]","[{""phase"": ""CASTER_START"", ""anchor"": ""CASTER"", ""path"": ""classic/8d2e618487ae530c_caster_start.png"", ""source"": ""master/source/skill_fx/naver_classic_2020/60d16fc8ea7ba4ae.gif"", ""sourceSha256"": ""c72dce83b3fa826ca699dbce2d6cb2a27efa77ffa487e43c408a8ed2571ccff8"", ""atlasSha256"": ""2e09a3ccd6a0cf5d2384232c7ede52584ee9081e59d372ca65b028d79c963720"", ""frames"": 7, ""durationMs"": 700, ""peakPixels"": 26, ""blend"": ""SCREEN"", ""directional"": false, ""flags"": [""LOW_PIXEL_CHANNEL_REVIEW""]}, {""phase"": ""RECIPIENT_CONTACT"", ""anchor"": ""RECIPIENT"", ""path"": ""classic/8d2e618487ae530c_recipient_contact.png"", ""source"": ""master/source/skill_fx/naver_classic_2020/60d16fc8ea7ba4ae.gif"", ""sourceSha256"": ""c72dce83b3fa826ca699dbce2d6cb2a27efa77ffa487e43c408a8ed2571ccff8"", ""atlasSha256"": ""8021c35996da4c1eeb67db423449c9685d61a6228976977bff6bc59d363e37da"", ""frames"": 10, ""durationMs"": 1000, ""peakPixels"": 4080, ""blend"": ""SCREEN"", ""directional"": false, ""flags"": []}]",,"[""SOURCE_MATTING_OCCLUSION_APPROXIMATE""]",NOT_PROVEN,PENDING,PENDING
SK_성직자_004,벨라르모,성직자,True,classic,"[""classic""]","[{""phase"": ""CASTER_START"", ""anchor"": ""CASTER"", ""path"": ""classic/582c8e9423d4b3da_caster_start.png"", ""source"": ""master/source/skill_fx/naver_classic_2020/a63596cddcf442c7.gif"", ""sourceSha256"": ""48d5cb6cbcf350c13bab8b501e5acb9563f3ec4ff5d0cda4ccf00b79c4706126"", ""atlasSha256"": ""5456ac4ef93aaa734180c53bbf587980b4652d6be8b016f936c3f457a5980735"", ""frames"": 6, ""durationMs"": 1000, ""peakPixels"": 426, ""blend"": ""SCREEN"", ""directional"": false, ""flags"": []}, {""phase"": ""RECIPIENT_CONTACT"", ""anchor"": ""RECIPIENT"", ""path"": ""classic/582c8e9423d4b3da_recipient_contact.png"", ""source"": ""master/source/skill_fx/naver_classic_2020/a63596cddcf442c7.gif"", ""sourceSha256"": ""48d5cb6cbcf350c13bab8b501e5acb9563f3ec4ff5d0cda4ccf00b79c4706126"", ""atlasSha256"": ""7974209849160fa57ed0daf99b01b73c40fab498d968956901304e528204f11b"", ""frames"": 5, ""durationMs"": 500, ""peakPixels"": 2578, ""blend"": ""SCREEN"", ""directional"": false, ""flags"": []}]",,"[""SOURCE_MATTING_OCCLUSION_APPROXIMATE""]",NOT_PROVEN,PENDING,PENDING
SK_성직자_005,쿠라노,성직자,True,classic,"[""classic""]","[{""phase"": ""CASTER_START"", ""anchor"": ""CASTER"", ""path"": ""classic/3497078d5b797348_caster_start.png"", ""source"": ""master/source/skill_fx/naver_classic_2020/23418be3563909ee.gif"", ""sourceSha256"": ""f410f1270fef1bac56a1330c984352caca21537aca0293c8dce85c5bfc33b247"", ""atlasSha256"": ""9da17d5b1b07a88e618ba32f8d37288ec8359381958e1f0608f011242635df34"", ""frames"": 6, ""durationMs"": 600, ""peakPixels"": 26, ""blend"": ""SCREEN"", ""directional"": false, ""flags"": [""LOW_PIXEL_CHANNEL_REVIEW""]}, {""phase"": ""RECIPIENT_CONTACT"", ""anchor"": ""RECIPIENT"", ""path"": ""classic/3497078d5b797348_recipient_contact.png"", ""source"": ""master/source/skill_fx/naver_classic_2020/23418be3563909ee.gif"", ""sourceSha256"": ""f410f1270fef1bac56a1330c984352caca21537aca0293c8dce85c5bfc33b247"", ""atlasSha256"": ""6d560837dfe3cd418d662290610eb510a85ac9ae2f37bb28834f8047d00aff2b"", ""frames"": 6, ""durationMs"": 600, ""peakPixels"": 471, ""blend"": ""SCREEN"", ""directional"": false, ""flags"": []}]",,"[""SOURCE_MATTING_OCCLUSION_APPROXIMATE""]",NOT_PROVEN,PENDING,PENDING
SK_성직자_006,디바르도,성직자,True,classic,"[""classic""]","[{""phase"": ""CASTER_START"", ""anchor"": ""CASTER"", ""path"": ""classic/c86bdc16fad70a78_caster_start.png"", ""source"": ""master/source/skill_fx/naver_classic_2020/a3028bfdd0b7fc57.gif"", ""sourceSha256"": ""9831f6ca32f9966cc14f55d1689400147ad8f7786f8681b21fcefae83d21f11b"", ""atlasSha256"": ""27304c1e8ba216b9cd272b35d1586b641a1a3ba80b8c44e01c5df5fdfe21950e"", ""frames"": 8, ""durationMs"": 800, ""peakPixels"": 26, ""blend"": ""SCREEN"", ""directional"": false, ""flags"": [""LOW_PIXEL_CHANNEL_REVIEW""]}, {""phase"": ""RECIPIENT_CONTACT"", ""anchor"": ""RECIPIENT"", ""path"": ""classic/c86bdc16fad70a78_recipient_contact.png"", ""source"": ""master/source/skill_fx/naver_classic_2020/a3028bfdd0b7fc57.gif"", ""sourceSha256"": ""9831f6ca32f9966cc14f55d1689400147ad8f7786f8681b21fcefae83d21f11b"", ""atlasSha256"": ""dd6114bf7ae76b57f23f46c8817d5b7ec5efd7c692e10f0b9b1b4d6ecb4e5553"", ""frames"": 11, ""durationMs"": 1100, ""peakPixels"": 3737, ""blend"": ""SCREEN"", ""directional"": false, ""flags"": []}]",,"[""SOURCE_MATTING_OCCLUSION_APPROXIMATE""]",NOT_PROVEN,PENDING,PENDING
SK_성직자_007,쿠러스,성직자,True,classic,"[""classic""]","[{""phase"": ""CASTER_START"", ""anchor"": ""CASTER"", ""path"": ""classic/ea137484c7dafefc_caster_start.png"", ""source"": ""master/source/skill_fx/naver_classic_2020/c0a8957fc991b55f.gif"", ""sourceSha256"": ""049c91c1dc6040d260bddceaf3184f533d1a8c2c0251aa656603e16add38778f"", ""atlasSha256"": ""5316e25c91a8a92c9d4d80cdc8b703b33d76a30155d2d7e8a8b4d1e782401ae4"", ""frames"": 12, ""durationMs"": 1200, ""peakPixels"": 229, ""blend"": ""SCREEN"", ""directional"": false, ""flags"": []}, {""phase"": ""RECIPIENT_CONTACT"", ""anchor"": ""RECIPIENT"", ""path"": ""classic/ea137484c7dafefc_recipient_contact.png"", ""source"": ""master/source/skill_fx/naver_classic_2020/c0a8957fc991b55f.gif"", ""sourceSha256"": ""049c91c1dc6040d260bddceaf3184f533d1a8c2c0251aa656603e16add38778f"", ""atlasSha256"": ""c03a07a28a2abcfb79a285dfdf5c15519ecdcb248bbb2721fef7a2e764e18705"", ""frames"": 13, ""durationMs"": 1300, ""peakPixels"": 880, ""blend"": ""SCREEN"", ""directional"": false, ""flags"": []}]",,"[""SOURCE_MATTING_OCCLUSION_APPROXIMATE""]",NOT_PROVEN,PENDING,PENDING
SK_성직자_008,디베노모,성직자,True,classic,"[""classic""]","[{""phase"": ""CASTER_START"", ""anchor"": ""CASTER"", ""path"": ""classic/46d11fdf36a228ad_caster_start.png"", ""source"": ""master/source/skill_fx/naver_classic_2020/4d4a36aa2cef38c3.gif"", ""sourceSha256"": ""c9ddfc9a11f445a098150afbb7f00d6746617484f133aef86ec5385061608abc"", ""atlasSha256"": ""cc5227730082e4744cd7b04bac2a68ed12e9be768c7d0718bf9640a517a1cdbd"", ""frames"": 4, ""durationMs"": 700, ""peakPixels"": 26, ""blend"": ""SCREEN"", ""directional"": false, ""flags"": [""LOW_PIXEL_CHANNEL_REVIEW""]}, {""phase"": ""RECIPIENT_CONTACT"", ""anchor"": ""RECIPIENT"", ""path"": ""classic/46d11fdf36a228ad_recipient_contact.png"", ""source"": ""master/source/skill_fx/naver_classic_2020/4d4a36aa2cef38c3.gif"", ""sourceSha256"": ""c9ddfc9a11f445a098150afbb7f00d6746617484f133aef86ec5385061608abc"", ""atlasSha256"": ""92018177250f8757c5cfbec5cb6cb7f6f0241e918ad18488801d52faa4a7e3bb"", ""frames"": 5, ""durationMs"": 500, ""peakPixels"": 820, ""blend"": ""SCREEN"", ""directional"": false, ""flags"": []}]",,"[""SOURCE_MATTING_OCCLUSION_APPROXIMATE""]",NOT_PROVEN,PENDING,PENDING
SK_성직자_009,에나르마,성직자,True,classic,"[""classic""]","[{""phase"": ""RECIPIENT_CONTACT"", ""anchor"": ""RECIPIENT"", ""path"": ""classic/38c349a7fcadc789_recipient_contact.png"", ""source"": ""master/source/skill_fx/naver_classic_2020/36ca48d03a38a4fe.gif"", ""sourceSha256"": ""615f1388bd7226d0e660ec8c6283b4690577b179d2a5dc6937e43aa92c72306d"", ""atlasSha256"": ""c96410dc104daf4b0b211be4c4d650b33c5549255fba72d7a40ec41eb46f5952"", ""frames"": 9, ""durationMs"": 900, ""peakPixels"": 2337, ""blend"": ""SCREEN"", ""directional"": false, ""flags"": []}]",,"[""SOURCE_MATTING_OCCLUSION_APPROXIMATE""]",NOT_PROVEN,PENDING,PENDING
SK_성직자_011,쿠라노소,성직자,True,classic,"[""classic""]","[{""phase"": ""CASTER_START"", ""anchor"": ""CASTER"", ""path"": ""classic/06358b1ad4651d77_caster_start.png"", ""source"": ""master/source/skill_fx/naver_classic_2020/7efbda6719e6de57.gif"", ""sourceSha256"": ""a43953a3ac4fc0613456796602df296db9ed39d3f83e9d3cd274b9874217ec35"", ""atlasSha256"": ""4ab1f7594e432324a0cbb524b50f8e73fc76baa69bf3cba1b2f64291d21e6da4"", ""frames"": 6, ""durationMs"": 700, ""peakPixels"": 26, ""blend"": ""SCREEN"", ""directional"": false, ""flags"": [""LOW_PIXEL_CHANNEL_REVIEW""]}, {""phase"": ""RECIPIENT_CONTACT"", ""anchor"": ""RECIPIENT"", ""path"": ""classic/06358b1ad4651d77_recipient_contact.png"", ""source"": ""master/source/skill_fx/naver_classic_2020/7efbda6719e6de57.gif"", ""sourceSha256"": ""a43953a3ac4fc0613456796602df296db9ed39d3f83e9d3cd274b9874217ec35"", ""atlasSha256"": ""10016d006622a9c5ba21b65b1e3a35d5ef52b2169c453d9eb6ce492ecbededdb"", ""frames"": 6, ""durationMs"": 600, ""peakPixels"": 433, ""blend"": ""SCREEN"", ""directional"": false, ""flags"": []}]",,"[""SOURCE_MATTING_OCCLUSION_APPROXIMATE""]",NOT_PROVEN,PENDING,PENDING
SK_성직자_012,바르도,성직자,True,ADAPTED,[],[],,"[""PROJECT_DRAWN_FALLBACK_NOT_SUPPLIED_ORIGINAL""]",NOT_PROVEN,PENDING,PENDING
SK_성직자_013,홀리볼트,성직자,True,classic,"[""classic""]","[{""phase"": ""CASTER_START"", ""anchor"": ""CASTER"", ""path"": ""classic/d64775222ff1f77c_caster_start.png"", ""source"": ""master/source/skill_fx/naver_classic_2020/b7cc2aaf132d653a.gif"", ""sourceSha256"": ""ed7b73a08c909360e2fc3a312500756c2c26f8c0f0092b2beb22c0c3cad3deae"", ""atlasSha256"": ""e031716a5f794bbb69331f53087b4bf79545c3be8370203b966ed1825f713137"", ""frames"": 17, ""durationMs"": 1900, ""peakPixels"": 687, ""blend"": ""SCREEN"", ""directional"": false, ""flags"": []}, {""phase"": ""RECIPIENT_CONTACT"", ""anchor"": ""RECIPIENT"", ""path"": ""classic/d64775222ff1f77c_recipient_contact.png"", ""source"": ""master/source/skill_fx/naver_classic_2020/b7cc2aaf132d653a.gif"", ""sourceSha256"": ""ed7b73a08c909360e2fc3a312500756c2c26f8c0f0092b2beb22c0c3cad3deae"", ""atlasSha256"": ""7f86e066c35fa1aaa9914662f9493ce66d34d96f821ab5865ebe9a7bb4502fa2"", ""frames"": 21, ""durationMs"": 2300, ""peakPixels"": 2556, ""blend"": ""SCREEN"", ""directional"": false, ""flags"": []}]",,"[""SOURCE_MATTING_OCCLUSION_APPROXIMATE""]",NOT_PROVEN,PENDING,PENDING
SK_성직자_014,디데프레카,성직자,True,classic,"[""classic""]","[{""phase"": ""CASTER_START"", ""anchor"": ""CASTER"", ""path"": ""classic/989209428b71de38_caster_start.png"", ""source"": ""master/source/skill_fx/naver_classic_2020/b7e02e88a8b09efb.gif"", ""sourceSha256"": ""dbfea97e0ceb756cd009b473a02283dacda0244cb3eb4ccfb9f3c1579b744a31"", ""atlasSha256"": ""9e978b6e54fbbb4fcb31e12339cc645298a50164ce354a0f32dabc522f0990f5"", ""frames"": 7, ""durationMs"": 700, ""peakPixels"": 26, ""blend"": ""SCREEN"", ""directional"": false, ""flags"": [""LOW_PIXEL_CHANNEL_REVIEW""]}, {""phase"": ""RECIPIENT_CONTACT"", ""anchor"": ""RECIPIENT"", ""path"": ""classic/989209428b71de38_recipient_contact.png"", ""source"": ""master/source/skill_fx/naver_classic_2020/b7e02e88a8b09efb.gif"", ""sourceSha256"": ""dbfea97e0ceb756cd009b473a02283dacda0244cb3eb4ccfb9f3c1579b744a31"", ""atlasSha256"": ""1d77d6e1c04e4d14740b2507f21599b27245c83aae0d618aa4342e18cad4f2f5"", ""frames"": 11, ""durationMs"": 1100, ""peakPixels"": 4094, ""blend"": ""SCREEN"", ""directional"": false, ""flags"": []}]",,"[""SOURCE_MATTING_OCCLUSION_APPROXIMATE""]",NOT_PROVEN,PENDING,PENDING
SK_성직자_015,쿠라누스,성직자,True,classic,"[""classic""]","[{""phase"": ""CASTER_START"", ""anchor"": ""CASTER"", ""path"": ""classic/c2b2619bd736016a_caster_start.png"", ""source"": ""master/source/skill_fx/naver_classic_2020/df616279227444e6.gif"", ""sourceSha256"": ""7de116de85f08447d56117fe93ab54a7f6b8d3f353b78922832b32cc1c9e8c56"", ""atlasSha256"": ""5203a1964886ae027e78a14b821841b1dae5868f0988e6e4c65619d10b7b131b"", ""frames"": 14, ""durationMs"": 1400, ""peakPixels"": 296, ""blend"": ""SCREEN"", ""directional"": false, ""flags"": []}, {""phase"": ""RECIPIENT_CONTACT"", ""anchor"": ""RECIPIENT"", ""path"": ""classic/c2b2619bd736016a_recipient_contact.png"", ""source"": ""master/source/skill_fx/naver_classic_2020/df616279227444e6.gif"", ""sourceSha256"": ""7de116de85f08447d56117fe93ab54a7f6b8d3f353b78922832b32cc1c9e8c56"", ""atlasSha256"": ""832f3dbc5d28ddd195d9ff51186bb7bfd948a7bc3e1ae0baa7b3f1f1aaf5ed6f"", ""frames"": 12, ""durationMs"": 1200, ""peakPixels"": 944, ""blend"": ""SCREEN"", ""directional"": false, ""flags"": []}]",,"[""SOURCE_MATTING_OCCLUSION_APPROXIMATE""]",NOT_PROVEN,PENDING,PENDING
SK_성직자_016,쿠랄툼,성직자,True,classic,"[""classic""]","[{""phase"": ""RECIPIENT_CONTACT"", ""anchor"": ""RECIPIENT"", ""path"": ""classic/e36ec618df677a45_recipient_contact.png"", ""source"": ""master/source/skill_fx/naver_classic_2020/36ca48d03a38a4fe.gif"", ""sourceSha256"": ""615f1388bd7226d0e660ec8c6283b4690577b179d2a5dc6937e43aa92c72306d"", ""atlasSha256"": ""c96410dc104daf4b0b211be4c4d650b33c5549255fba72d7a40ec41eb46f5952"", ""frames"": 9, ""durationMs"": 900, ""peakPixels"": 2337, ""blend"": ""SCREEN"", ""directional"": false, ""flags"": []}]",,"[""SOURCE_MATTING_OCCLUSION_APPROXIMATE""]",NOT_PROVEN,PENDING,PENDING
SK_성직자_017,실드,성직자,True,classic,"[""classic""]","[{""phase"": ""RECIPIENT_CONTACT"", ""anchor"": ""CASTER"", ""path"": ""classic/6c7499c1f59ce804_recipient_contact.png"", ""source"": ""master/source/skill_fx/naver_classic_2020/3727561e6482e6da.gif"", ""sourceSha256"": ""d2e2afd09f1f18076fcf06fd0904a89cbe87c6ef555d1d220357d5b16c352a63"", ""atlasSha256"": ""e0f1c4ca0d720149d8550261e5b47dff1ded3d27c0bd8b354760dc904ae7e19b"", ""frames"": 8, ""durationMs"": 1000, ""peakPixels"": 369, ""blend"": ""SCREEN"", ""directional"": false, ""flags"": []}]",,"[""SOURCE_MATTING_OCCLUSION_APPROXIMATE""]",NOT_PROVEN,PENDING,PENDING
SK_성직자_018,콜라마,성직자,True,classic,"[""classic""]","[{""phase"": ""CASTER_START"", ""anchor"": ""CASTER"", ""path"": ""classic/88310dd4b7c8901d_caster_start.png"", ""source"": ""master/source/skill_fx/naver_classic_2020/e01fea659202098d.gif"", ""sourceSha256"": ""077abe8f934254bcc75d43b2949fe60bd3b07d6ce22ef8a81f8fcb6da7420f3c"", ""atlasSha256"": ""72e177ce9e960932439c5f978e2e671fe620c4c78350e7ce23366e6a6d7a872c"", ""frames"": 2, ""durationMs"": 200, ""peakPixels"": 35, ""blend"": ""SCREEN"", ""directional"": false, ""flags"": []}, {""phase"": ""RECIPIENT_CONTACT"", ""anchor"": ""RECIPIENT"", ""path"": ""classic/88310dd4b7c8901d_recipient_contact.png"", ""source"": ""master/source/skill_fx/naver_classic_2020/e01fea659202098d.gif"", ""sourceSha256"": ""077abe8f934254bcc75d43b2949fe60bd3b07d6ce22ef8a81f8fcb6da7420f3c"", ""atlasSha256"": ""5e74ba0473b11429743316a31fdda43b61c98336b1358c0fb96e56c8941c2437"", ""frames"": 9, ""durationMs"": 900, ""peakPixels"": 2428, ""blend"": ""SCREEN"", ""directional"": false, ""flags"": []}]",,"[""SOURCE_MATTING_OCCLUSION_APPROXIMATE""]",NOT_PROVEN,PENDING,PENDING
SK_성직자_019,수페라벨라르모,성직자,True,classic,"[""classic""]","[{""phase"": ""CASTER_START"", ""anchor"": ""CASTER"", ""path"": ""classic/145800f3252dee02_caster_start.png"", ""source"": ""master/source/skill_fx/naver_classic_2020/a63596cddcf442c7.gif"", ""sourceSha256"": ""48d5cb6cbcf350c13bab8b501e5acb9563f3ec4ff5d0cda4ccf00b79c4706126"", ""atlasSha256"": ""5456ac4ef93aaa734180c53bbf587980b4652d6be8b016f936c3f457a5980735"", ""frames"": 6, ""durationMs"": 1000, ""peakPixels"": 426, ""blend"": ""SCREEN"", ""directional"": false, ""flags"": []}, {""phase"": ""RECIPIENT_CONTACT"", ""anchor"": ""RECIPIENT"", ""path"": ""classic/145800f3252dee02_recipient_contact.png"", ""source"": ""master/source/skill_fx/naver_classic_2020/a63596cddcf442c7.gif"", ""sourceSha256"": ""48d5cb6cbcf350c13bab8b501e5acb9563f3ec4ff5d0cda4ccf00b79c4706126"", ""atlasSha256"": ""7974209849160fa57ed0daf99b01b73c40fab498d968956901304e528204f11b"", ""frames"": 5, ""durationMs"": 500, ""peakPixels"": 2578, ""blend"": ""SCREEN"", ""directional"": false, ""flags"": []}]",,"[""SOURCE_MATTING_OCCLUSION_APPROXIMATE""]",NOT_PROVEN,PENDING,PENDING
SK_성직자_020,홀리블로우,성직자,True,ADAPTED,[],[],,"[""PROJECT_DRAWN_FALLBACK_NOT_SUPPLIED_ORIGINAL""]",NOT_PROVEN,PENDING,PENDING
SK_성직자_021,수페라쿠라노,성직자,True,classic,"[""classic""]","[{""phase"": ""CASTER_START"", ""anchor"": ""CASTER"", ""path"": ""classic/fe07c7e72a8dc1b5_caster_start.png"", ""source"": ""master/source/skill_fx/naver_classic_2020/240b08761acb8f52.gif"", ""sourceSha256"": ""1825b55cf848acd9e21809d1f4e66f765b28140b232ae1ebb971138856eaec57"", ""atlasSha256"": ""2e9ca7ba839c96a7a29194a5a6063c5239a058887d22c95d47bdeb4660e4a518"", ""frames"": 5, ""durationMs"": 700, ""peakPixels"": 26, ""blend"": ""SCREEN"", ""directional"": false, ""flags"": [""LOW_PIXEL_CHANNEL_REVIEW""]}, {""phase"": ""RECIPIENT_CONTACT"", ""anchor"": ""RECIPIENT"", ""path"": ""classic/fe07c7e72a8dc1b5_recipient_contact.png"", ""source"": ""master/source/skill_fx/naver_classic_2020/240b08761acb8f52.gif"", ""sourceSha256"": ""1825b55cf848acd9e21809d1f4e66f765b28140b232ae1ebb971138856eaec57"", ""atlasSha256"": ""8e80694dd39ca633e027a5067d98cf4d86a032a7d0426a9271c667f165568d7b"", ""frames"": 6, ""durationMs"": 600, ""peakPixels"": 473, ""blend"": ""SCREEN"", ""directional"": false, ""flags"": []}]",,"[""SOURCE_MATTING_OCCLUSION_APPROXIMATE""]",NOT_PROVEN,PENDING,PENDING
SK_성직자_022,로카메아,성직자,False,NO_PARTICLE,[],[],,"[""NO_DECLARED_PARTICLE"", ""SERVICE_PASSIVE_LINKED_NOT_STANDALONE_CAST""]",NOT_PROVEN,PENDING,PENDING
SK_성직자_023,디프라바,성직자,True,classic,"[""classic""]","[{""phase"": ""CASTER_START"", ""anchor"": ""CASTER"", ""path"": ""classic/b5a0e5294dbbd369_caster_start.png"", ""source"": ""master/source/skill_fx/naver_classic_2020/ce9f2bfeb1e374d3.gif"", ""sourceSha256"": ""bfeedadf091328566d4c38213b7a8fce5dbfda5f6fa1af6bc7119af20e1b8d93"", ""atlasSha256"": ""b09cc8abecce250f6895fce67c0b8527a2267729f98c66f6ea2998c3f06abcce"", ""frames"": 10, ""durationMs"": 1000, ""peakPixels"": 709, ""blend"": ""SCREEN"", ""directional"": false, ""flags"": []}, {""phase"": ""RECIPIENT_CONTACT"", ""anchor"": ""RECIPIENT"", ""path"": ""classic/b5a0e5294dbbd369_recipient_contact.png"", ""source"": ""master/source/skill_fx/naver_classic_2020/ce9f2bfeb1e374d3.gif"", ""sourceSha256"": ""bfeedadf091328566d4c38213b7a8fce5dbfda5f6fa1af6bc7119af20e1b8d93"", ""atlasSha256"": ""af4bf59afc13b87fe13963429b8c7d60b2158190454c70de15f132162359d004"", ""frames"": 11, ""durationMs"": 1100, ""peakPixels"": 3202, ""blend"": ""SCREEN"", ""directional"": false, ""flags"": []}]",,"[""SOURCE_MATTING_OCCLUSION_APPROXIMATE""]",NOT_PROVEN,PENDING,PENDING
SK_성직자_024,리치마나,성직자,False,classic,"[""classic""]","[{""phase"": ""CASTER_START"", ""anchor"": ""CASTER"", ""path"": ""classic/62a8b77462971d54_caster_start.png"", ""source"": ""master/source/skill_fx/naver_classic_2020/ab45615c997042d8.gif"", ""sourceSha256"": ""aef04d44c912a4358d0398cbc407e9030af17307f25c2a2a667047c787b44bce"", ""atlasSha256"": ""ee35e25c753307ee050aafc681c305f485557158c029a8ad269e61150a3f8f44"", ""frames"": 1, ""durationMs"": 400, ""peakPixels"": 44, ""blend"": ""SCREEN"", ""directional"": false, ""flags"": []}, {""phase"": ""RECIPIENT_CONTACT"", ""anchor"": ""RECIPIENT"", ""path"": ""classic/62a8b77462971d54_recipient_contact.png"", ""source"": ""master/source/skill_fx/naver_classic_2020/ab45615c997042d8.gif"", ""sourceSha256"": ""aef04d44c912a4358d0398cbc407e9030af17307f25c2a2a667047c787b44bce"", ""atlasSha256"": ""606f3b71780724a1a322a025e4cecddc79785a221711281ebb0e2adb79f5e4e1"", ""frames"": 9, ""durationMs"": 1500, ""peakPixels"": 581, ""blend"": ""SCREEN"", ""directional"": false, ""flags"": []}]",,"[""SOURCE_MATTING_OCCLUSION_APPROXIMATE"", ""SERVICE_PASSIVE_LINKED_NOT_STANDALONE_CAST""]",NOT_PROVEN,PENDING,PENDING
SK_성직자_025,소모니아,성직자,False,NO_PARTICLE,[],[],,"[""NO_DECLARED_PARTICLE"", ""SERVICE_PASSIVE_LINKED_NOT_STANDALONE_CAST""]",NOT_PROVEN,PENDING,PENDING
SK_성직자_026,디소루마,성직자,True,classic,"[""classic""]","[{""phase"": ""CASTER_START"", ""anchor"": ""CASTER"", ""path"": ""classic/2fe3227b3ebab62f_caster_start.png"", ""source"": ""master/source/skill_fx/naver_classic_2020/3198fbf9755f5b60.gif"", ""sourceSha256"": ""a0629f08aa583032a56762f991d17454e877a735630d434ed8b697269413cf94"", ""atlasSha256"": ""8b7a967efff9dce5a7195841745a6e0e44fe73ac3d34265c9479aae13dae8fa4"", ""frames"": 7, ""durationMs"": 1100, ""peakPixels"": 75, ""blend"": ""SCREEN"", ""directional"": false, ""flags"": []}, {""phase"": ""RECIPIENT_CONTACT"", ""anchor"": ""RECIPIENT"", ""path"": ""classic/2fe3227b3ebab62f_recipient_contact.png"", ""source"": ""master/source/skill_fx/naver_classic_2020/3198fbf9755f5b60.gif"", ""sourceSha256"": ""a0629f08aa583032a56762f991d17454e877a735630d434ed8b697269413cf94"", ""atlasSha256"": ""a813171b1f35ba94e11d65bf04d24890f0a2aee9b850d06f74d930a152f307e4"", ""frames"": 22, ""durationMs"": 3000, ""peakPixels"": 837, ""blend"": ""SCREEN"", ""directional"": false, ""flags"": []}]",,"[""SOURCE_MATTING_OCCLUSION_APPROXIMATE""]",NOT_PROVEN,PENDING,PENDING
SK_성직자_027,쿠라네라,성직자,True,classic,"[""classic""]","[{""phase"": ""CASTER_START"", ""anchor"": ""CASTER"", ""path"": ""classic/9ac70d2cf42a38ab_caster_start.png"", ""source"": ""master/source/skill_fx/naver_classic_2020/9887bde332fc5d4a.gif"", ""sourceSha256"": ""75870305aac6010be9e7cba87da18f06a9dc0a508ad617c1bdc63630633490a8"", ""atlasSha256"": ""63ffe2ea050f8bd6c52b030bfa3f9a2b5490e9aeddc844be56c6ae6969fd08f1"", ""frames"": 11, ""durationMs"": 1100, ""peakPixels"": 63, ""blend"": ""SCREEN"", ""directional"": false, ""flags"": []}, {""phase"": ""RECIPIENT_CONTACT"", ""anchor"": ""RECIPIENT"", ""path"": ""classic/9ac70d2cf42a38ab_recipient_contact.png"", ""source"": ""master/source/skill_fx/naver_classic_2020/9887bde332fc5d4a.gif"", ""sourceSha256"": ""75870305aac6010be9e7cba87da18f06a9dc0a508ad617c1bdc63630633490a8"", ""atlasSha256"": ""82e15a7cde95fb928036a4171d19a7e896f17f8a2a5f63ca7846453f6c7e94d7"", ""frames"": 16, ""durationMs"": 1600, ""peakPixels"": 227, ""blend"": ""SCREEN"", ""directional"": false, ""flags"": []}]",,"[""SOURCE_MATTING_OCCLUSION_APPROXIMATE""]",NOT_PROVEN,PENDING,PENDING
SK_성직자_028,호르라마,성직자,True,classic,"[""classic""]","[{""phase"": ""CASTER_START"", ""anchor"": ""CASTER"", ""path"": ""classic/f14488aacf13d01b_caster_start.png"", ""source"": ""master/source/skill_fx/naver_classic_2020/ecde0bed4d779b55.gif"", ""sourceSha256"": ""f43f6a2f2ddbce90ffad0e86a878dbf12ba933154af9b4e16c28cdca68588f3f"", ""atlasSha256"": ""37c493e63eb2bb603f85f5573032ebeac20918536e15a308eb582cc730aeb834"", ""frames"": 3, ""durationMs"": 400, ""peakPixels"": 47, ""blend"": ""SCREEN"", ""directional"": false, ""flags"": []}, {""phase"": ""RECIPIENT_CONTACT"", ""anchor"": ""RECIPIENT"", ""path"": ""classic/f14488aacf13d01b_recipient_contact.png"", ""source"": ""master/source/skill_fx/naver_classic_2020/ecde0bed4d779b55.gif"", ""sourceSha256"": ""f43f6a2f2ddbce90ffad0e86a878dbf12ba933154af9b4e16c28cdca68588f3f"", ""atlasSha256"": ""255c1714cb717041dfe1613f224d2518bf6e1468162cc20ea41c24ed05402432"", ""frames"": 7, ""durationMs"": 700, ""peakPixels"": 1977, ""blend"": ""SCREEN"", ""directional"": false, ""flags"": []}]",,"[""SOURCE_MATTING_OCCLUSION_APPROXIMATE""]",NOT_PROVEN,PENDING,PENDING
SK_성직자_029,이모탈,성직자,True,classic,"[""classic""]","[{""phase"": ""RECIPIENT_CONTACT"", ""anchor"": ""CASTER"", ""path"": ""classic/96e94c07c20af1ef_recipient_contact.png"", ""source"": ""master/source/skill_fx/naver_classic_2020/653fb26464a8037c.gif"", ""sourceSha256"": ""4aab41a3a84e2a5cf00a696c31d4ee71a45c291a78515fd0571f214cd820e9aa"", ""atlasSha256"": ""9e34f5b0b2391b332036dc81144f061141a0f165a11ee4d3eb80dee7d1d3ed4d"", ""frames"": 8, ""durationMs"": 800, ""peakPixels"": 311, ""blend"": ""SCREEN"", ""directional"": false, ""flags"": []}]",,"[""SOURCE_MATTING_OCCLUSION_APPROXIMATE""]",NOT_PROVEN,PENDING,PENDING
SK_성직자_030,코마디아,성직자,True,classic,"[""classic""]","[{""phase"": ""RECIPIENT_CONTACT"", ""anchor"": ""RECIPIENT"", ""path"": ""classic/9c2bb7fa5f6108b8_recipient_contact.png"", ""source"": ""master/source/skill_fx/naver_classic_2020/4f5b0b1c2e521e5f.gif"", ""sourceSha256"": ""50824a1f297c2b200e4ff81efa0ba3d1bcec71e5307fb51b2940933eaa2fd7d1"", ""atlasSha256"": ""99ad735abfeec34fbdc885c89c56580bc6c397b8a048e01279bc9aef77771884"", ""frames"": 6, ""durationMs"": 1100, ""peakPixels"": 220, ""blend"": ""SCREEN"", ""directional"": false, ""flags"": []}]",,"[""SOURCE_MATTING_OCCLUSION_APPROXIMATE""]",NOT_PROVEN,PENDING,PENDING
SK_성직자_031,리베라토,성직자,True,classic,"[""classic""]","[{""phase"": ""CASTER_START"", ""anchor"": ""CASTER"", ""path"": ""classic/f410a13f97038ae6_caster_start.png"", ""source"": ""master/source/skill_fx/naver_classic_2020/86aec367b841560c.gif"", ""sourceSha256"": ""cab4a3d08d0169ed506d9bb48065a184181d54498a2349ead375fdffef51da99"", ""atlasSha256"": ""b18928470bea9d69d78b1ebfc8317c3f72eaacf338b7d4a604741c15608fc0f2"", ""frames"": 2, ""durationMs"": 600, ""peakPixels"": 61, ""blend"": ""SCREEN"", ""directional"": false, ""flags"": []}, {""phase"": ""RECIPIENT_CONTACT"", ""anchor"": ""RECIPIENT"", ""path"": ""classic/f410a13f97038ae6_recipient_contact.png"", ""source"": ""master/source/skill_fx/naver_classic_2020/86aec367b841560c.gif"", ""sourceSha256"": ""cab4a3d08d0169ed506d9bb48065a184181d54498a2349ead375fdffef51da99"", ""atlasSha256"": ""b155d65aea352a1ad09dcb75a85aef1fbea04ce858818c25d380916aa626d501"", ""frames"": 8, ""durationMs"": 1200, ""peakPixels"": 749, ""blend"": ""SCREEN"", ""directional"": false, ""flags"": []}]",,"[""SOURCE_MATTING_OCCLUSION_APPROXIMATE""]",NOT_PROVEN,PENDING,PENDING
SK_성직자_032,엑스쿠라노,성직자,True,classic,"[""classic""]","[{""phase"": ""CASTER_START"", ""anchor"": ""CASTER"", ""path"": ""classic/cf348abcd44e8a12_caster_start.png"", ""source"": ""master/source/skill_fx/naver_classic_2020/2afbb8208d14eb76.gif"", ""sourceSha256"": ""2c7b3b2fbc044975bd9bdb4f6a626a057603274ac0435ede932aa0b63a265fee"", ""atlasSha256"": ""2e9ca7ba839c96a7a29194a5a6063c5239a058887d22c95d47bdeb4660e4a518"", ""frames"": 5, ""durationMs"": 700, ""peakPixels"": 26, ""blend"": ""SCREEN"", ""directional"": false, ""flags"": [""LOW_PIXEL_CHANNEL_REVIEW""]}, {""phase"": ""RECIPIENT_CONTACT"", ""anchor"": ""RECIPIENT"", ""path"": ""classic/cf348abcd44e8a12_recipient_contact.png"", ""source"": ""master/source/skill_fx/naver_classic_2020/2afbb8208d14eb76.gif"", ""sourceSha256"": ""2c7b3b2fbc044975bd9bdb4f6a626a057603274ac0435ede932aa0b63a265fee"", ""atlasSha256"": ""ac35620d6cb2adbdaacd4ba5c1f468e1e067b9f50659e22d1449666adeb7bfd7"", ""frames"": 6, ""durationMs"": 600, ""peakPixels"": 420, ""blend"": ""SCREEN"", ""directional"": false, ""flags"": []}]",,"[""SOURCE_MATTING_OCCLUSION_APPROXIMATE""]",NOT_PROVEN,PENDING,PENDING
SK_성직자_033,엑스쿠라네라,성직자,True,classic,"[""classic""]","[{""phase"": ""CASTER_START"", ""anchor"": ""CASTER"", ""path"": ""classic/8a678e758cc344c4_caster_start.png"", ""source"": ""master/source/skill_fx/naver_classic_2020/432c5a40d8b0270d.gif"", ""sourceSha256"": ""6ac1fa86c846928eea681b0270af44634353aa7fe7c802ee5fb75fcd050edee1"", ""atlasSha256"": ""8e7f633c2f4e76278f0ce9f8df4ea30994a8aa2576848faf9da2db6d603a3834"", ""frames"": 12, ""durationMs"": 1200, ""peakPixels"": 303, ""blend"": ""SCREEN"", ""directional"": false, ""flags"": []}, {""phase"": ""RECIPIENT_CONTACT"", ""anchor"": ""RECIPIENT"", ""path"": ""classic/8a678e758cc344c4_recipient_contact.png"", ""source"": ""master/source/skill_fx/naver_classic_2020/432c5a40d8b0270d.gif"", ""sourceSha256"": ""6ac1fa86c846928eea681b0270af44634353aa7fe7c802ee5fb75fcd050edee1"", ""atlasSha256"": ""939434110e36907821c98a53e8d01df76e10d8dde342c845ff1f676cac5600fd"", ""frames"": 12, ""durationMs"": 1200, ""peakPixels"": 984, ""blend"": ""SCREEN"", ""directional"": false, ""flags"": []}]",,"[""SOURCE_MATTING_OCCLUSION_APPROXIMATE""]",NOT_PROVEN,PENDING,PENDING
SK_성직자_034,리플렉토,성직자,True,classic,"[""classic""]","[{""phase"": ""RECIPIENT_CONTACT"", ""anchor"": ""CASTER"", ""path"": ""classic/173b03ed01ed991a_recipient_contact.png"", ""source"": ""master/source/skill_fx/naver_classic_2020/25be115b45e601fa.gif"", ""sourceSha256"": ""5317c8ed6cb2d8010701825227bb6ba5ac2a60f6ccb849edd9485c0330b061f9"", ""atlasSha256"": ""a9015c12e3ba63c5e25f092e2034c86ab0b87377fb03a2f1fa79124e7e7b5750"", ""frames"": 8, ""durationMs"": 1000, ""peakPixels"": 335, ""blend"": ""SCREEN"", ""directional"": false, ""flags"": []}]",,"[""SOURCE_MATTING_OCCLUSION_APPROXIMATE""]",NOT_PROVEN,PENDING,PENDING
SK_성직자_035,수페라에나르마,성직자,True,classic,"[""classic""]","[{""phase"": ""RECIPIENT_CONTACT"", ""anchor"": ""RECIPIENT"", ""path"": ""classic/1d6524ca02d4aee7_recipient_contact.png"", ""source"": ""master/source/skill_fx/naver_magic_recovered_20261001/d601c225bf267daa.gif"", ""sourceSha256"": ""dc6fb587153f10f4d40e89df57111cab2db5ba08b3c307bce0b64020a247ce13"", ""atlasSha256"": ""011dde984bc4b1a0341515f874eaaa425e8ca4965a0d31e44c7c1d9129654239"", ""frames"": 6, ""durationMs"": 800, ""peakPixels"": 157, ""blend"": ""SCREEN"", ""directional"": false, ""flags"": []}]",,"[""SOURCE_MATTING_OCCLUSION_APPROXIMATE""]",NOT_PROVEN,PENDING,PENDING
SK_성직자_036,엑스벨라룸,성직자,True,classic,"[""classic""]","[{""phase"": ""RECIPIENT_CONTACT"", ""anchor"": ""RECIPIENT"", ""path"": ""classic/a4f766dad8894348_recipient_contact.png"", ""source"": ""master/source/skill_fx/naver_magic_recovered_20261001/d4d382707ae4948e.gif"", ""sourceSha256"": ""4e6a9c65fec008f6fa9ec821f107c93af9a7714b8c0749cc3a73247e10adfed0"", ""atlasSha256"": ""c9c3b0cd5b712b3f236b678267ad7dfa34a7dac1916970840abf7c2ddabda25d"", ""frames"": 4, ""durationMs"": 500, ""peakPixels"": 465, ""blend"": ""SCREEN"", ""directional"": false, ""flags"": []}]",,"[""SOURCE_MATTING_OCCLUSION_APPROXIMATE""]",NOT_PROVEN,PENDING,PENDING
SK_성직자_037,칸의축복,성직자,True,classic,"[""classic""]","[{""phase"": ""CASTER_START"", ""anchor"": ""CASTER"", ""path"": ""classic/c96b34a6c8df41c2_caster_start.png"", ""source"": ""master/source/skill_fx/naver_magic_recovered_20261001/0baffeefc99d62e2.gif"", ""sourceSha256"": ""bfc57e30b2364462c76531d96e42f85afd6d13176c29f6ff599b41d5e1f554dd"", ""atlasSha256"": ""545686165830441318b665bd1806393dcb5532a97312bc095a06dbafa7e45b14"", ""frames"": 9, ""durationMs"": 900, ""peakPixels"": 63, ""blend"": ""SCREEN"", ""directional"": false, ""flags"": []}, {""phase"": ""RECIPIENT_CONTACT"", ""anchor"": ""RECIPIENT"", ""path"": ""classic/c96b34a6c8df41c2_recipient_contact.png"", ""source"": ""master/source/skill_fx/naver_magic_recovered_20261001/0baffeefc99d62e2.gif"", ""sourceSha256"": ""bfc57e30b2364462c76531d96e42f85afd6d13176c29f6ff599b41d5e1f554dd"", ""atlasSha256"": ""55b3fb72c6baece9545d308872a0a5b900f930d38c37209f9d4daa4f49e3e6e9"", ""frames"": 16, ""durationMs"": 1600, ""peakPixels"": 2846, ""blend"": ""SCREEN"", ""directional"": false, ""flags"": []}]",,"[""SOURCE_MATTING_OCCLUSION_APPROXIMATE""]",NOT_PROVEN,PENDING,PENDING
SK_성직자_038,신의축복,성직자,True,classic,"[""classic""]","[{""phase"": ""CASTER_START"", ""anchor"": ""CASTER"", ""path"": ""classic/093340b723256836_caster_start.png"", ""source"": ""master/source/skill_fx/naver_magic_recovered_20261001/d36f612e6a36ab41.gif"", ""sourceSha256"": ""645e3e0fa3324f7b03e1b4a24d93c0c227dde2c543165e3dfc47bace132688ad"", ""atlasSha256"": ""486e69d6938fc0d85da5d08ed1d2dda298defd3c6c976dcab9249542e76ad649"", ""frames"": 22, ""durationMs"": 3900, ""peakPixels"": 2695, ""blend"": ""SCREEN"", ""directional"": false, ""flags"": []}, {""phase"": ""RECIPIENT_CONTACT"", ""anchor"": ""RECIPIENT"", ""path"": ""classic/093340b723256836_recipient_contact.png"", ""source"": ""master/source/skill_fx/naver_magic_recovered_20261001/d36f612e6a36ab41.gif"", ""sourceSha256"": ""645e3e0fa3324f7b03e1b4a24d93c0c227dde2c543165e3dfc47bace132688ad"", ""atlasSha256"": ""2dcbd74ff8d94f4d12859804863e3f1902160f59db710f2f3f9a07884ec3f1d4"", ""frames"": 16, ""durationMs"": 2100, ""peakPixels"": 4067, ""blend"": ""SCREEN"", ""directional"": false, ""flags"": []}]",,"[""SOURCE_MATTING_OCCLUSION_APPROXIMATE""]",NOT_PROVEN,PENDING,PENDING
SK_성직자_039,홀리큐어,성직자,True,classic,"[""classic""]","[{""phase"": ""CASTER_START"", ""anchor"": ""CASTER"", ""path"": ""classic/6d3a230ae51be449_caster_start.png"", ""source"": ""master/source/skill_fx/naver_magic_recovered_20261001/3ec86524c36dde9c.gif"", ""sourceSha256"": ""70d77c8063a2039b4fae44e7bd76a8fbf319ce9e17c56b2e34fa41c925c8a0c3"", ""atlasSha256"": ""683d8c03a194b547b5a4f16062dd8ff9817a9f0b4b8e89995a0b2ebbfd98cd29"", ""frames"": 10, ""durationMs"": 1600, ""peakPixels"": 84, ""blend"": ""SCREEN"", ""directional"": false, ""flags"": []}, {""phase"": ""RECIPIENT_CONTACT"", ""anchor"": ""RECIPIENT"", ""path"": ""classic/6d3a230ae51be449_recipient_contact.png"", ""source"": ""master/source/skill_fx/naver_magic_recovered_20261001/3ec86524c36dde9c.gif"", ""sourceSha256"": ""70d77c8063a2039b4fae44e7bd76a8fbf319ce9e17c56b2e34fa41c925c8a0c3"", ""atlasSha256"": ""20a95c91a59ede150b9ac65233671e37fc3a275ad4b3ad7bcdff71cb3b21affd"", ""frames"": 9, ""durationMs"": 1500, ""peakPixels"": 647, ""blend"": ""SCREEN"", ""directional"": false, ""flags"": []}]",,"[""SOURCE_MATTING_OCCLUSION_APPROXIMATE""]",NOT_PROVEN,PENDING,PENDING
SK_성직자_040,홀리드래곤,성직자,True,ADAPTED,[],[],,"[""PROJECT_DRAWN_FALLBACK_NOT_SUPPLIED_ORIGINAL""]",NOT_PROVEN,PENDING,PENDING
SK_성직자_041,디렌타,성직자,True,classic,"[""classic""]","[{""phase"": ""CASTER_START"", ""anchor"": ""CASTER"", ""path"": ""classic/35764fa631376466_caster_start.png"", ""source"": ""master/source/skill_fx/naver_magic_recovered_20261001/d0907f9108ffa7c8.gif"", ""sourceSha256"": ""5eb4ca3e1e22164a437134671fa06ea6d99f12e4e3109d225042b4f8cb8e1bbb"", ""atlasSha256"": ""82ffa54b8ac111f5445c8e9fe78179eaebc18d9242e4f5169cb08518d4b09712"", ""frames"": 10, ""durationMs"": 1000, ""peakPixels"": 3804, ""blend"": ""SCREEN"", ""directional"": false, ""flags"": []}, {""phase"": ""RECIPIENT_CONTACT"", ""anchor"": ""RECIPIENT"", ""path"": ""classic/35764fa631376466_recipient_contact.png"", ""source"": ""master/source/skill_fx/naver_magic_recovered_20261001/d0907f9108ffa7c8.gif"", ""sourceSha256"": ""5eb4ca3e1e22164a437134671fa06ea6d99f12e4e3109d225042b4f8cb8e1bbb"", ""atlasSha256"": ""9f79bfa6aac9375cc313b64be66499c4066cb0f43115310e2a6563d13f21d2c5"", ""frames"": 12, ""durationMs"": 1500, ""peakPixels"": 6647, ""blend"": ""SCREEN"", ""directional"": false, ""flags"": []}]",,"[""SOURCE_MATTING_OCCLUSION_APPROXIMATE""]",NOT_PROVEN,PENDING,PENDING
SK_성직자_042,디바르데아,성직자,True,classic,"[""classic""]","[{""phase"": ""CASTER_START"", ""anchor"": ""CASTER"", ""path"": ""classic/6e346265b9c91e93_caster_start.png"", ""source"": ""master/source/skill_fx/naver_magic_recovered_20261001/bb194b43a2466c4b.gif"", ""sourceSha256"": ""3591e360ae3d44a8b5aee01f3e440119cbb713dd326b3cb4a65c506991c38613"", ""atlasSha256"": ""1566431a846b0f264767be03946b52b1f13718cc44746255cec7da71a9a68c0c"", ""frames"": 10, ""durationMs"": 1000, ""peakPixels"": 3656, ""blend"": ""SCREEN"", ""directional"": false, ""flags"": []}, {""phase"": ""RECIPIENT_CONTACT"", ""anchor"": ""RECIPIENT"", ""path"": ""classic/6e346265b9c91e93_recipient_contact.png"", ""source"": ""master/source/skill_fx/naver_magic_recovered_20261001/bb194b43a2466c4b.gif"", ""sourceSha256"": ""3591e360ae3d44a8b5aee01f3e440119cbb713dd326b3cb4a65c506991c38613"", ""atlasSha256"": ""2dae5d3dac37f4d31f3adca0ff0edf50f472de4ab72073edd56c551f18894da8"", ""frames"": 11, ""durationMs"": 1100, ""peakPixels"": 6650, ""blend"": ""SCREEN"", ""directional"": false, ""flags"": []}]",,"[""SOURCE_MATTING_OCCLUSION_APPROXIMATE""]",NOT_PROVEN,PENDING,PENDING
SK_성직자_043,디데프레타,성직자,True,classic,"[""classic""]","[{""phase"": ""CASTER_START"", ""anchor"": ""CASTER"", ""path"": ""classic/5a2453cfe99b1430_caster_start.png"", ""source"": ""master/source/skill_fx/naver_magic_recovered_20261001/6ec13365c9f2ffc2.gif"", ""sourceSha256"": ""0b60f3e7390acd243ccc86269f635e40e06405471a0d553b017bf579e41cf626"", ""atlasSha256"": ""ed84f930072a13fc491f138443fa98ab8f357933f746257a1d27c0c90138e627"", ""frames"": 6, ""durationMs"": 700, ""peakPixels"": 3229, ""blend"": ""SCREEN"", ""directional"": false, ""flags"": []}, {""phase"": ""RECIPIENT_CONTACT"", ""anchor"": ""RECIPIENT"", ""path"": ""classic/5a2453cfe99b1430_recipient_contact.png"", ""source"": ""master/source/skill_fx/naver_magic_recovered_20261001/6ec13365c9f2ffc2.gif"", ""sourceSha256"": ""0b60f3e7390acd243ccc86269f635e40e06405471a0d553b017bf579e41cf626"", ""atlasSha256"": ""21c8a928b729f38d23f0c14bb4eb0eef80df42cb58be6665a65ebb7ed1017dd3"", ""frames"": 7, ""durationMs"": 1400, ""peakPixels"": 5628, ""blend"": ""SCREEN"", ""directional"": false, ""flags"": []}]",,"[""SOURCE_MATTING_OCCLUSION_APPROXIMATE""]",NOT_PROVEN,PENDING,PENDING
SK_성직자_044,디프라베라,성직자,True,classic,"[""classic""]","[{""phase"": ""CASTER_START"", ""anchor"": ""CASTER"", ""path"": ""classic/5c00adba8ee889e3_caster_start.png"", ""source"": ""master/source/skill_fx/naver_magic_recovered_20261001/618cc405951c7545.gif"", ""sourceSha256"": ""d39fe2ba8f49f4982e7162d1d9463e5a1efe676db62f5d596ae7b75ea87427eb"", ""atlasSha256"": ""167fb696bfb8eebd2a2710b6bd544c5816d2c5fe39880ed955a31c0665ba5227"", ""frames"": 10, ""durationMs"": 1000, ""peakPixels"": 3946, ""blend"": ""SCREEN"", ""directional"": false, ""flags"": []}, {""phase"": ""RECIPIENT_CONTACT"", ""anchor"": ""RECIPIENT"", ""path"": ""classic/5c00adba8ee889e3_recipient_contact.png"", ""source"": ""master/source/skill_fx/naver_magic_recovered_20261001/618cc405951c7545.gif"", ""sourceSha256"": ""d39fe2ba8f49f4982e7162d1d9463e5a1efe676db62f5d596ae7b75ea87427eb"", ""atlasSha256"": ""d96eeb084a837615b8302cd73d5493086ce954471fdd17014c05cc6373967914"", ""frames"": 11, ""durationMs"": 1500, ""peakPixels"": 6896, ""blend"": ""SCREEN"", ""directional"": false, ""flags"": []}]",,"[""SOURCE_MATTING_OCCLUSION_APPROXIMATE""]",NOT_PROVEN,PENDING,PENDING
SK_성직자_045,홀리큐레스,성직자,True,classic,"[""classic""]","[{""phase"": ""CASTER_START"", ""anchor"": ""CASTER"", ""path"": ""classic/435cf83e399fb16b_caster_start.png"", ""source"": ""master/source/skill_fx/naver_magic_recovered_20261001/e201629a3d780c86.gif"", ""sourceSha256"": ""deff0db0d78829c935c3ca13c6d10eddf331e324c8bceeee13366f2817366319"", ""atlasSha256"": ""64ce6426733f9ddd5a57f4a4269b929aab7b4eba4592ab8054c810e40dd3101a"", ""frames"": 9, ""durationMs"": 1200, ""peakPixels"": 1133, ""blend"": ""SCREEN"", ""directional"": false, ""flags"": []}, {""phase"": ""RECIPIENT_CONTACT"", ""anchor"": ""RECIPIENT"", ""path"": ""classic/435cf83e399fb16b_recipient_contact.png"", ""source"": ""master/source/skill_fx/naver_magic_recovered_20261001/e201629a3d780c86.gif"", ""sourceSha256"": ""deff0db0d78829c935c3ca13c6d10eddf331e324c8bceeee13366f2817366319"", ""atlasSha256"": ""55dfb03d377339d3c85ce80f32a90f28034b0e4de0b49e5548ab397c90c44136"", ""frames"": 8, ""durationMs"": 1000, ""peakPixels"": 2480, ""blend"": ""SCREEN"", ""directional"": false, ""flags"": []}]",,"[""SOURCE_MATTING_OCCLUSION_APPROXIMATE""]",NOT_PROVEN,PENDING,PENDING
SK_성직자_046,일루메룸,성직자,True,classic,"[""classic""]","[{""phase"": ""CASTER_START"", ""anchor"": ""CASTER"", ""path"": ""classic/d8a6e87be13833ee_caster_start.png"", ""source"": ""master/source/skill_fx/naver_magic_recovered_20261001/a50ff4df48a93b38.gif"", ""sourceSha256"": ""64f73e8a29a7b0dcb729be719b9c927ca3525c87f502aaf0ede447aafe665efb"", ""atlasSha256"": ""94fe233a0e4309c3073fc1f75e55ee29a2ebcc47c2efb5c224aa6a186bbe17df"", ""frames"": 10, ""durationMs"": 1200, ""peakPixels"": 846, ""blend"": ""SCREEN"", ""directional"": false, ""flags"": []}, {""phase"": ""RECIPIENT_CONTACT"", ""anchor"": ""RECIPIENT"", ""path"": ""classic/d8a6e87be13833ee_recipient_contact.png"", ""source"": ""master/source/skill_fx/naver_magic_recovered_20261001/a50ff4df48a93b38.gif"", ""sourceSha256"": ""64f73e8a29a7b0dcb729be719b9c927ca3525c87f502aaf0ede447aafe665efb"", ""atlasSha256"": ""8630c29069a0da67786c4f189261f6bd171145f4b1aca8036b007e0bfaf9ddb6"", ""frames"": 11, ""durationMs"": 1700, ""peakPixels"": 1472, ""blend"": ""SCREEN"", ""directional"": false, ""flags"": []}]",,"[""SOURCE_MATTING_OCCLUSION_APPROXIMATE""]",NOT_PROVEN,PENDING,PENDING
SK_성직자_047,디나르콜룸,성직자,True,classic,"[""classic""]","[{""phase"": ""CASTER_START"", ""anchor"": ""CASTER"", ""path"": ""classic/957e9338321eb76b_caster_start.png"", ""source"": ""master/source/skill_fx/naver_magic_recovered_20261001/fcb6958d15843b66.gif"", ""sourceSha256"": ""11a3e7c6b656c98a43f153e0fe3df2a20f39e75a9b10392364f4ef9a6f7b8fd1"", ""atlasSha256"": ""0eed4773298aa7a53d1cb05e983907b4be2763bf213d4807551ea19ccc3c99ec"", ""frames"": 2, ""durationMs"": 400, ""peakPixels"": 21, ""blend"": ""SCREEN"", ""directional"": false, ""flags"": [""LOW_PIXEL_CHANNEL_REVIEW""]}, {""phase"": ""RECIPIENT_CONTACT"", ""anchor"": ""RECIPIENT"", ""path"": ""classic/957e9338321eb76b_recipient_contact.png"", ""source"": ""master/source/skill_fx/naver_magic_recovered_20261001/fcb6958d15843b66.gif"", ""sourceSha256"": ""11a3e7c6b656c98a43f153e0fe3df2a20f39e75a9b10392364f4ef9a6f7b8fd1"", ""atlasSha256"": ""6c81b06e614e558ad6fe966f47b505dda1aa368d622dc8aa4fd537cafa94b88b"", ""frames"": 6, ""durationMs"": 900, ""peakPixels"": 789, ""blend"": ""SCREEN"", ""directional"": false, ""flags"": []}]",,"[""SOURCE_MATTING_OCCLUSION_APPROXIMATE""]",NOT_PROVEN,PENDING,PENDING
SK_성직자_048,디베노메라,성직자,True,classic,"[""classic""]","[{""phase"": ""CASTER_START"", ""anchor"": ""CASTER"", ""path"": ""classic/6343b3e8ae957886_caster_start.png"", ""source"": ""master/source/skill_fx/naver_magic_recovered_20261001/401ad6520a3c309f.gif"", ""sourceSha256"": ""d3a2a8d56c69723d874c4fa4c2a094b48423f759a6dbae9a962c5eb1dda307fc"", ""atlasSha256"": ""6ff23513b32f6a3187bad6bc14a5915db1417a0d333898ee931201c4886ec2c5"", ""frames"": 12, ""durationMs"": 1300, ""peakPixels"": 761, ""blend"": ""SCREEN"", ""directional"": false, ""flags"": []}, {""phase"": ""RECIPIENT_CONTACT"", ""anchor"": ""RECIPIENT"", ""path"": ""classic/6343b3e8ae957886_recipient_contact.png"", ""source"": ""master/source/skill_fx/naver_magic_recovered_20261001/401ad6520a3c309f.gif"", ""sourceSha256"": ""d3a2a8d56c69723d874c4fa4c2a094b48423f759a6dbae9a962c5eb1dda307fc"", ""atlasSha256"": ""e4e67735a2c27804fc1177393c889526a371f60baa7332daff7ea8b1a9340474"", ""frames"": 12, ""durationMs"": 1300, ""peakPixels"": 1519, ""blend"": ""SCREEN"", ""directional"": false, ""flags"": []}]",,"[""SOURCE_MATTING_OCCLUSION_APPROXIMATE""]",NOT_PROVEN,PENDING,PENDING
SK_성직자_049,디소루메라,성직자,True,classic,"[""classic""]","[{""phase"": ""CASTER_START"", ""anchor"": ""CASTER"", ""path"": ""classic/8a60d0d301e7f245_caster_start.png"", ""source"": ""master/source/skill_fx/naver_magic_recovered_20261001/2cebeda401fb9d0c.gif"", ""sourceSha256"": ""5a5b57b5c26aa1f8763bfcf67e722f6acaa08981ef7b14c8e128aa64e0d26b45"", ""atlasSha256"": ""ad9fd32f164df14c353fc08cde0fa339c6f81543d9aa43bfff5354f762b6c9e7"", ""frames"": 6, ""durationMs"": 1000, ""peakPixels"": 107, ""blend"": ""SCREEN"", ""directional"": false, ""flags"": []}, {""phase"": ""RECIPIENT_CONTACT"", ""anchor"": ""RECIPIENT"", ""path"": ""classic/8a60d0d301e7f245_recipient_contact.png"", ""source"": ""master/source/skill_fx/naver_magic_recovered_20261001/2cebeda401fb9d0c.gif"", ""sourceSha256"": ""5a5b57b5c26aa1f8763bfcf67e722f6acaa08981ef7b14c8e128aa64e0d26b45"", ""atlasSha256"": ""bfbfc8de7348a718e935764a2f10c7ca2f130749a9cc23179e293cd628a033fc"", ""frames"": 19, ""durationMs"": 2800, ""peakPixels"": 887, ""blend"": ""SCREEN"", ""directional"": false, ""flags"": []}]",,"[""SOURCE_MATTING_OCCLUSION_APPROXIMATE""]",NOT_PROVEN,PENDING,PENDING
SK_무도가_001,정권,무도가,True,ADAPTED,[],[],,"[""PROJECT_DRAWN_FALLBACK_NOT_SUPPLIED_ORIGINAL""]",NOT_PROVEN,PENDING,PENDING
SK_무도가_002,단각,무도가,True,classic,"[""classic""]","[{""phase"": ""RECIPIENT_CONTACT"", ""anchor"": ""RECIPIENT"", ""path"": ""classic/b049d439de86916b_recipient_contact.png"", ""source"": ""master/source/skill_fx/naver_classic_2020/8ec5d74c18de3f14.gif"", ""sourceSha256"": ""c8feef5ebaff80a710a281f86d4695ce4fd7a37288aa74e20f09a17b7bfe47ed"", ""atlasSha256"": ""a4102745fe94ad22d33049013d3a4ee76b309082b13e52f464f0c0c612c84088"", ""frames"": 3, ""durationMs"": 400, ""peakPixels"": 1063, ""blend"": ""SCREEN"", ""directional"": false, ""flags"": []}]",,"[""SOURCE_MATTING_OCCLUSION_APPROXIMATE""]",NOT_PROVEN,USER_REPORTED_FAILURE,PENDING
SK_무도가_003,이형환위,무도가,False,NO_PARTICLE,[],[],,"[""NO_DECLARED_PARTICLE"", ""SERVICE_PASSIVE_LINKED_NOT_STANDALONE_CAST""]",NOT_PROVEN,PENDING,PENDING
SK_무도가_004,미종보법,무도가,True,classic,"[""classic""]","[{""phase"": ""RECIPIENT_CONTACT"", ""anchor"": ""CASTER"", ""path"": ""classic/e1af9635d53db2a9_recipient_contact.png"", ""source"": ""master/source/skill_fx/naver_classic_2020/7736bcf1b5ecd887.gif"", ""sourceSha256"": ""f33ded5e0bee3e5ad2de678f5465ccb012a74ab449b71fdd36c01d2757060d19"", ""atlasSha256"": ""e59a4d30ba1e2bdbb090e8339b3845be8373b27758b26c8ce6f82b528dc70394"", ""frames"": 7, ""durationMs"": 900, ""peakPixels"": 235, ""blend"": ""SCREEN"", ""directional"": false, ""flags"": []}]",,"[""SOURCE_MATTING_OCCLUSION_APPROXIMATE""]",NOT_PROVEN,PENDING,PENDING
SK_무도가_005,양의신권,무도가,False,NO_PARTICLE,[],[],,"[""NO_DECLARED_PARTICLE"", ""SERVICE_PASSIVE_LINKED_NOT_STANDALONE_CAST""]",NOT_PROVEN,PENDING,PENDING
SK_무도가_006,통배권,무도가,True,classic,"[""classic""]","[{""phase"": ""RECIPIENT_CONTACT"", ""anchor"": ""RECIPIENT"", ""path"": ""classic/da190c2d3d0c74f0_recipient_contact.png"", ""source"": ""master/source/skill_fx/naver_classic_2020/f93889842c0b7dc7.gif"", ""sourceSha256"": ""93aa2c416bf336fecfa5c1ba7cff44d0446092402c6a7dcbe6b13cf0b42a4b72"", ""atlasSha256"": ""556462a0783adff42f40cebcb6d633cb0ebcb216a379139019f1c61e05f2d0b5"", ""frames"": 2, ""durationMs"": 300, ""peakPixels"": 32, ""blend"": ""SCREEN"", ""directional"": false, ""flags"": []}]",,"[""SOURCE_MATTING_OCCLUSION_APPROXIMATE""]",NOT_PROVEN,PENDING,PENDING
SK_무도가_007,붕각,무도가,True,classic,"[""classic""]","[{""phase"": ""RECIPIENT_CONTACT"", ""anchor"": ""RECIPIENT"", ""path"": ""classic/ec3cc7df3bd43a96_recipient_contact.png"", ""source"": ""master/source/skill_fx/naver_classic_2020/1c0b975a9a213465.gif"", ""sourceSha256"": ""c909b89bcff0c8d3219a066a2e8e95823fc7a1c245ef74af008c81dbcf6b2107"", ""atlasSha256"": ""92d42f1fb0a1a4aca9299c1c2c5919ca21d4920194356474228181bf1d7d86ff"", ""frames"": 5, ""durationMs"": 1100, ""peakPixels"": 1243, ""blend"": ""SCREEN"", ""directional"": false, ""flags"": []}]",,"[""SOURCE_MATTING_OCCLUSION_APPROXIMATE""]",NOT_PROVEN,USER_REPORTED_FAILURE,PENDING
SK_무도가_008,경신공,무도가,True,classic,"[""classic""]","[{""phase"": ""RECIPIENT_CONTACT"", ""anchor"": ""CASTER"", ""path"": ""classic/6842133f43d83d72_recipient_contact.png"", ""source"": ""master/source/skill_fx/naver_classic_2020/abd051fb77a4a4de.gif"", ""sourceSha256"": ""59c9858d1933c86cd40c8e0a2fabf1079cc0f9c2601f3d74770b6a62c0e0ad1c"", ""atlasSha256"": ""b4fb41a819a5365ed8f8a5e579ec992a56dd6ce7b59a26a3ee001820f58c2bb0"", ""frames"": 4, ""durationMs"": 400, ""peakPixels"": 243, ""blend"": ""SCREEN"", ""directional"": false, ""flags"": []}]",,"[""SOURCE_MATTING_OCCLUSION_APPROXIMATE""]",NOT_PROVEN,PENDING,PENDING
SK_무도가_009,백보신권,무도가,True,classic,"[""classic""]","[{""phase"": ""CASTER_START"", ""anchor"": ""CASTER"", ""path"": ""classic/aeea58ca54aa6a3f_caster_start.png"", ""source"": ""master/source/skill_fx/naver_classic_2020/a0ba43bbbcb53f55.gif"", ""sourceSha256"": ""07ef16f849a383c47d6264565a964469b07ad81a3bda09390c45ce9e0b5783cc"", ""atlasSha256"": ""51fd305b939615c3e34f50c3e98173b06e7bedb622480f0937b4970ec2f976c8"", ""frames"": 8, ""durationMs"": 1500, ""peakPixels"": 282, ""blend"": ""SCREEN"", ""directional"": false, ""flags"": []}, {""phase"": ""RECIPIENT_CONTACT"", ""anchor"": ""RECIPIENT"", ""path"": ""classic/aeea58ca54aa6a3f_recipient_contact.png"", ""source"": ""master/source/skill_fx/naver_classic_2020/a0ba43bbbcb53f55.gif"", ""sourceSha256"": ""07ef16f849a383c47d6264565a964469b07ad81a3bda09390c45ce9e0b5783cc"", ""atlasSha256"": ""a1b8c80df51c360e987a0118007e6f9d5bb9cc941e74e5675a547300c5e45b19"", ""frames"": 9, ""durationMs"": 1600, ""peakPixels"": 1209, ""blend"": ""SCREEN"", ""directional"": false, ""flags"": []}]",,"[""SOURCE_MATTING_OCCLUSION_APPROXIMATE""]",NOT_PROVEN,PENDING,PENDING
SK_무도가_010,일음지,무도가,True,classic,"[""classic""]","[{""phase"": ""RECIPIENT_CONTACT"", ""anchor"": ""RECIPIENT"", ""path"": ""classic/e01569483af6e4c6_recipient_contact.png"", ""source"": ""master/source/skill_fx/naver_classic_2020/ccade808dd0d73cf.gif"", ""sourceSha256"": ""f36a56c8a5f8461f3737ecb6d98d494be0c8ee4628dca95a6022cb8448a1dad6"", ""atlasSha256"": ""a13cea62278df64bebe9333df5650d7d4154812de52b064974e6f47dbb24ec10"", ""frames"": 3, ""durationMs"": 600, ""peakPixels"": 102, ""blend"": ""SCREEN"", ""directional"": false, ""flags"": []}]",,"[""SOURCE_MATTING_OCCLUSION_APPROXIMATE""]",NOT_PROVEN,PENDING,PENDING
SK_무도가_011,흡정신공,무도가,True,classic,"[""classic""]","[{""phase"": ""CASTER_START"", ""anchor"": ""CASTER"", ""path"": ""classic/8590e1fef012c969_caster_start.png"", ""source"": ""master/source/skill_fx/naver_classic_2020/7bfaca24b30cf83f.gif"", ""sourceSha256"": ""84f9fa7d5c5c21356830136d377e869238c3ccd5d31d3f3c4abe8e6f131b34d2"", ""atlasSha256"": ""0d9c4dde88c32adaa19d02a7ba13af1a154d3aa2c9ad88677f30039b2e452b7e"", ""frames"": 7, ""durationMs"": 700, ""peakPixels"": 120, ""blend"": ""SCREEN"", ""directional"": false, ""flags"": []}]",,"[""SOURCE_MATTING_OCCLUSION_APPROXIMATE""]",NOT_PROVEN,PENDING,PENDING
SK_무도가_012,쿠랄툼,무도가,True,classic,"[""classic""]","[{""phase"": ""RECIPIENT_CONTACT"", ""anchor"": ""CASTER"", ""path"": ""classic/05a92dd160260aaa_recipient_contact.png"", ""source"": ""master/source/skill_fx/naver_classic_2020/436faedb7f22885f.gif"", ""sourceSha256"": ""43d3e3468c9561e5d4322635d311d23e9b123bd2e43a369a177596b92c676af6"", ""atlasSha256"": ""9ec288c208edecf7618b61adea9c6a02bd445e50040508564d52f66e63a00536"", ""frames"": 10, ""durationMs"": 1000, ""peakPixels"": 2131, ""blend"": ""SCREEN"", ""directional"": false, ""flags"": []}]",,"[""SOURCE_MATTING_OCCLUSION_APPROXIMATE""]",NOT_PROVEN,PENDING,PENDING
SK_무도가_013,철포삼,무도가,True,classic,"[""classic""]","[{""phase"": ""RECIPIENT_CONTACT"", ""anchor"": ""CASTER"", ""path"": ""classic/c7a855d680a91b95_recipient_contact.png"", ""source"": ""master/source/skill_fx/naver_classic_2020/a83035e569e94e13.gif"", ""sourceSha256"": ""abdce87a2c94f18d99586d4228a6877a3ea089f166ad66414cd0e659281337ad"", ""atlasSha256"": ""2ac0317b819759bac789cc39f4ebe01417db772fd107879628af8c3f00d72e2b"", ""frames"": 9, ""durationMs"": 900, ""peakPixels"": 2111, ""blend"": ""SCREEN"", ""directional"": false, ""flags"": []}]",,"[""SOURCE_MATTING_OCCLUSION_APPROXIMATE""]",NOT_PROVEN,PENDING,PENDING
SK_무도가_014,선풍각,무도가,True,classic,"[""classic""]","[{""phase"": ""RECIPIENT_CONTACT"", ""anchor"": ""CASTER"", ""path"": ""classic/60cb66f3b623c6ff_recipient_contact.png"", ""source"": ""master/source/skill_fx/naver_classic_2020/e81d9ac269e3aa35.gif"", ""sourceSha256"": ""c436eba1dd47cf6eb6da2e7e7b0790df165c70402d7a25170eb9ec1669b98f6c"", ""atlasSha256"": ""1c56ee72145bbba6d7a3ccd280e27f9b01e45e57a27f4f42273b08be3743ac28"", ""frames"": 6, ""durationMs"": 800, ""peakPixels"": 1377, ""blend"": ""SCREEN"", ""directional"": false, ""flags"": []}]",,"[""SOURCE_MATTING_OCCLUSION_APPROXIMATE""]",NOT_PROVEN,PENDING,PENDING
SK_무도가_015,장풍,무도가,True,classic,"[""classic""]","[{""phase"": ""CASTER_START"", ""anchor"": ""CASTER"", ""path"": ""classic/88f6e7fdee5044f9_caster_start.png"", ""source"": ""master/source/skill_fx/naver_classic_2020/09ace150572661f0.gif"", ""sourceSha256"": ""ba718b5d75dc128b18e52ed01e9736604bde8ee510fa27be3651ae53f8869f07"", ""atlasSha256"": ""ebd2673b8b460e882867c864c71db4fa85aac271ed477fadbdba87a0f59d5137"", ""frames"": 4, ""durationMs"": 700, ""peakPixels"": 309, ""blend"": ""SCREEN"", ""directional"": false, ""flags"": []}, {""phase"": ""RECIPIENT_CONTACT"", ""anchor"": ""RECIPIENT"", ""path"": ""classic/88f6e7fdee5044f9_recipient_contact.png"", ""source"": ""master/source/skill_fx/naver_classic_2020/09ace150572661f0.gif"", ""sourceSha256"": ""ba718b5d75dc128b18e52ed01e9736604bde8ee510fa27be3651ae53f8869f07"", ""atlasSha256"": ""8a2a2ecb09e195bbd3df9a29bdf112b3e86a4e4b77a9f3491f129817ca7343d4"", ""frames"": 4, ""durationMs"": 700, ""peakPixels"": 173, ""blend"": ""SCREEN"", ""directional"": false, ""flags"": []}]",,"[""SOURCE_MATTING_OCCLUSION_APPROXIMATE""]",NOT_PROVEN,PENDING,PENDING
SK_무도가_016,금강불괴,무도가,True,classic,"[""classic""]","[{""phase"": ""RECIPIENT_CONTACT"", ""anchor"": ""CASTER"", ""path"": ""classic/4c0afefbec830a23_recipient_contact.png"", ""source"": ""master/source/skill_fx/naver_classic_2020/ed30f281223d1228.gif"", ""sourceSha256"": ""d0059734748c4a90cebc3f76583515f24ce7ad813edb2faf1debd4a8ff23e726"", ""atlasSha256"": ""d5c21a2eb80b36f5fcf71f6854ef02cb6d097842ae5cfe0e54034b77dcee17a3"", ""frames"": 7, ""durationMs"": 700, ""peakPixels"": 257, ""blend"": ""SCREEN"", ""directional"": false, ""flags"": []}]",,"[""SOURCE_MATTING_OCCLUSION_APPROXIMATE""]",NOT_PROVEN,PENDING,PENDING
SK_무도가_017,쿠라노토,무도가,True,classic,"[""classic""]","[{""phase"": ""RECIPIENT_CONTACT"", ""anchor"": ""CASTER"", ""path"": ""classic/6f8499ce3d7d8fd3_recipient_contact.png"", ""source"": ""master/source/skill_fx/naver_classic_2020/f0eac3610f61ec3c.gif"", ""sourceSha256"": ""dace598a77a642b13d46e22f87daee27409e21f062b3bfc7a04665e6a9f6d2f5"", ""atlasSha256"": ""6349731b659831a038b5610aa57fcec24888cce6a6e038518bd7b0bb5e531f5a"", ""frames"": 8, ""durationMs"": 800, ""peakPixels"": 766, ""blend"": ""SCREEN"", ""directional"": false, ""flags"": []}]",,"[""SOURCE_MATTING_OCCLUSION_APPROXIMATE""]",NOT_PROVEN,PENDING,PENDING
SK_무도가_018,발경,무도가,True,classic,"[""classic""]","[{""phase"": ""RECIPIENT_CONTACT"", ""anchor"": ""CASTER"", ""path"": ""classic/e5bc88028a5d0924_recipient_contact.png"", ""source"": ""master/source/skill_fx/naver_classic_2020/f3a465894268e9d5.gif"", ""sourceSha256"": ""f58dcf72ed9de388c7127c4f61978b935cd3406cb387b9047da3d7338a9d88fe"", ""atlasSha256"": ""c751d4f32c35f817cf9c281a3fb58b733fb097bee7908d3d47b60efd0a923666"", ""frames"": 13, ""durationMs"": 1300, ""peakPixels"": 1180, ""blend"": ""SCREEN"", ""directional"": false, ""flags"": []}]",,"[""SOURCE_MATTING_OCCLUSION_APPROXIMATE""]",NOT_PROVEN,PENDING,PENDING
SK_무도가_019,소수신공,무도가,True,classic,"[""classic""]","[{""phase"": ""RECIPIENT_CONTACT"", ""anchor"": ""CASTER"", ""path"": ""classic/38ba623db10491a5_recipient_contact.png"", ""source"": ""master/source/skill_fx/naver_classic_2020/9afc4a9d71c79034.gif"", ""sourceSha256"": ""cd694076bd1401336787e846dca6573d18a5a842c172267cfcf3e0d7b861ac0d"", ""atlasSha256"": ""0cf5b1188740300c6d390a8716ba07f7c14ceba2605d85ba2a57a4bc605b52c1"", ""frames"": 5, ""durationMs"": 500, ""peakPixels"": 610, ""blend"": ""SCREEN"", ""directional"": false, ""flags"": []}]",,"[""SOURCE_MATTING_OCCLUSION_APPROXIMATE""]",NOT_PROVEN,PENDING,PENDING
SK_무도가_020,다라밀공,무도가,True,classic,"[""classic"", ""captured""]","[{""phase"": ""RECIPIENT_CONTACT"", ""anchor"": ""CASTER"", ""path"": ""classic/466909ddde4fb1a6_recipient_contact.png"", ""source"": ""master/source/skill_fx/naver_classic_2020/57ea601283e249bb.gif"", ""sourceSha256"": ""3078b4253060e5dbe9f2822f8adce9446c76c6f7f419a625bb35383cd32511a9"", ""atlasSha256"": ""f4bebf2c3b5de70867f09d72eba76f2c7ca5136de92245c5c62bea78b4ff2559"", ""frames"": 6, ""durationMs"": 700, ""peakPixels"": 7883, ""blend"": ""SCREEN"", ""directional"": false, ""flags"": []}]",,"[""SOURCE_MATTING_OCCLUSION_APPROXIMATE"", ""SHADOWED_SOURCE_VARIANT_REVIEW""]",NOT_PROVEN,PENDING,PENDING
SK_무도가_021,구양신공,무도가,True,classic,"[""classic"", ""captured""]","[{""phase"": ""RECIPIENT_CONTACT"", ""anchor"": ""CASTER"", ""path"": ""classic/26f1f77a0a6a208d_recipient_contact.png"", ""source"": ""master/source/skill_fx/naver_classic_2020/8ee6600e8d3b5250.gif"", ""sourceSha256"": ""18ec21f86d843b299eee82fe32de0749bdcb85a0e7f4ec3c9866e28b4826e6e1"", ""atlasSha256"": ""aff26ee04f0a2fac9cb3a4526d383006e7101c8fe220b38be19e4947eba77674"", ""frames"": 4, ""durationMs"": 400, ""peakPixels"": 1587, ""blend"": ""SCREEN"", ""directional"": false, ""flags"": []}]",,"[""SOURCE_MATTING_OCCLUSION_APPROXIMATE"", ""SHADOWED_SOURCE_VARIANT_REVIEW""]",NOT_PROVEN,PENDING,PENDING
SK_무도가_022,반탄신공,무도가,True,classic,"[""classic""]","[{""phase"": ""RECIPIENT_CONTACT"", ""anchor"": ""CASTER"", ""path"": ""classic/50d68ab2acea8666_recipient_contact.png"", ""source"": ""master/source/skill_fx/naver_classic_2020/975c8b238f5b5aaa.gif"", ""sourceSha256"": ""8acb599fb9adaf0c33304251a011f4695dd90e116e7dca24ec9cf9720fe6f13a"", ""atlasSha256"": ""bf99ea0a1e6c08e01889822707f286d3a5218bea336709c88a84448467b20a08"", ""frames"": 5, ""durationMs"": 800, ""peakPixels"": 652, ""blend"": ""SCREEN"", ""directional"": false, ""flags"": []}]",,"[""SOURCE_MATTING_OCCLUSION_APPROXIMATE""]",NOT_PROVEN,PENDING,PENDING
SK_무도가_023,달마신공,무도가,True,classic,"[""classic"", ""captured""]","[{""phase"": ""RECIPIENT_CONTACT"", ""anchor"": ""CASTER"", ""path"": ""classic/d80b03f0396761d7_recipient_contact.png"", ""source"": ""master/source/skill_fx/naver_classic_2020/f245c19e048a26cd.gif"", ""sourceSha256"": ""a81628f14b686b4b18b5eea9b951a7bde34e04139c69446b06d89908377df01c"", ""atlasSha256"": ""251c81aad460e20f00b31bcd288544b6c96ce4e297016e4edd1b0b57d9079e88"", ""frames"": 2, ""durationMs"": 300, ""peakPixels"": 700, ""blend"": ""SCREEN"", ""directional"": false, ""flags"": []}]",,"[""SOURCE_MATTING_OCCLUSION_APPROXIMATE"", ""SHADOWED_SOURCE_VARIANT_REVIEW""]",NOT_PROVEN,PENDING,PENDING
SK_무도가_024,연천단각,무도가,True,ADAPTED,[],[],,"[""PROJECT_DRAWN_FALLBACK_NOT_SUPPLIED_ORIGINAL""]",NOT_PROVEN,PENDING,PENDING
SK_무도가_025,붕신선각,무도가,True,ADAPTED,[],[],,"[""PROJECT_DRAWN_FALLBACK_NOT_SUPPLIED_ORIGINAL""]",NOT_PROVEN,PENDING,PENDING
SK_무도가_026,파천각,무도가,False,NO_PARTICLE,[],[],,"[""NO_DECLARED_PARTICLE"", ""SERVICE_PASSIVE_LINKED_NOT_STANDALONE_CAST""]",NOT_PROVEN,PENDING,PENDING
SK_무도가_027,트리플펀치,무도가,False,NO_PARTICLE,[],[],,"[""NO_DECLARED_PARTICLE"", ""SERVICE_PASSIVE_LINKED_NOT_STANDALONE_CAST""]",NOT_PROVEN,PENDING,PENDING
SK_무도가_028,무영신공,무도가,True,ADAPTED,[],[],,"[""PROJECT_DRAWN_FALLBACK_NOT_SUPPLIED_ORIGINAL""]",NOT_PROVEN,PENDING,PENDING
SK_무도가_029,자기보호,무도가,True,ADAPTED,[],[],,"[""PROJECT_DRAWN_FALLBACK_NOT_SUPPLIED_ORIGINAL""]",NOT_PROVEN,PENDING,PENDING
SK_공통_001,기본공격,공통,True,ADAPTED,[],[],,"[""PROJECT_DRAWN_FALLBACK_NOT_SUPPLIED_ORIGINAL""]",NOT_PROVEN,PENDING,PENDING
SK_공통_002,문열기,공통,False,NO_PARTICLE,[],[],,"[""NO_DECLARED_PARTICLE"", ""SERVICE_PASSIVE_LINKED_NOT_STANDALONE_CAST""]",NOT_PROVEN,PENDING,PENDING
SK_공통_003,탐색,공통,False,NO_PARTICLE,[],[],,"[""NO_DECLARED_PARTICLE"", ""SERVICE_PASSIVE_LINKED_NOT_STANDALONE_CAST""]",NOT_PROVEN,PENDING,PENDING
SK_공통_004,아들레스투,공통,False,NO_PARTICLE,[],[],,"[""NO_DECLARED_PARTICLE"", ""SERVICE_PASSIVE_LINKED_NOT_STANDALONE_CAST""]",NOT_PROVEN,PENDING,PENDING
SK_공통_005,휴식,공통,False,NO_PARTICLE,[],[],,"[""NO_DECLARED_PARTICLE"", ""SERVICE_PASSIVE_LINKED_NOT_STANDALONE_CAST""]",NOT_PROVEN,PENDING,PENDING
SK_공통_006,수영,공통,False,NO_PARTICLE,[],[],,"[""NO_DECLARED_PARTICLE"", ""SERVICE_PASSIVE_LINKED_NOT_STANDALONE_CAST""]",NOT_PROVEN,PENDING,PENDING
SK_공통_007,노점개설,공통,False,NO_PARTICLE,[],[],,"[""NO_DECLARED_PARTICLE"", ""SERVICE_PASSIVE_LINKED_NOT_STANDALONE_CAST""]",NOT_PROVEN,PENDING,PENDING
SK_공통_008,채집,공통,False,NO_PARTICLE,[],[],,"[""NO_DECLARED_PARTICLE"", ""SERVICE_PASSIVE_LINKED_NOT_STANDALONE_CAST""]",NOT_PROVEN,PENDING,PENDING
SK_공통_009,낚시,공통,False,NO_PARTICLE,[],[],,"[""NO_DECLARED_PARTICLE"", ""SERVICE_PASSIVE_LINKED_NOT_STANDALONE_CAST""]",NOT_PROVEN,PENDING,PENDING
SK_공통_010,쿠로토,공통,True,shared,"[""shared""]","[{""phase"": ""RECIPIENT_CONTACT"", ""anchor"": ""CASTER"", ""path"": ""classic/58ef84a2c0e9a98e_recipient_contact.png"", ""source"": ""master/source/skill_fx/naver_classic_2020/c0e1ce449ecbc30d.gif"", ""sourceSha256"": ""87101a727e174a8b7e875daf9282ef28fc8021abcd69afb61b153d2dc63726af"", ""atlasSha256"": ""445577b4b0a019c44e12ad784b6eb5fd304f6de3802003fdd0b9b44c3b3cdcf7"", ""frames"": 7, ""durationMs"": 800, ""peakPixels"": 672, ""blend"": ""SCREEN"", ""directional"": false, ""flags"": []}]",,"[""SOURCE_MATTING_OCCLUSION_APPROXIMATE""]",NOT_PROVEN,PENDING,PENDING
SK_공통_011,일반제조,공통,False,NO_PARTICLE,[],[],,"[""NO_DECLARED_PARTICLE"", ""SERVICE_PASSIVE_LINKED_NOT_STANDALONE_CAST""]",NOT_PROVEN,PENDING,PENDING
SK_공통_012,아이템고치기,공통,False,NO_PARTICLE,[],[],,"[""NO_DECLARED_PARTICLE"", ""SERVICE_PASSIVE_LINKED_NOT_STANDALONE_CAST""]",NOT_PROVEN,PENDING,PENDING
SK_공통_013,마나스페라,공통,False,NO_PARTICLE,[],[],,"[""NO_DECLARED_PARTICLE"", ""SERVICE_PASSIVE_LINKED_NOT_STANDALONE_CAST""]",NOT_PROVEN,PENDING,PENDING
SK_도적_032,자물쇠열기,도적,False,NO_PARTICLE,[],[],,"[""NO_DECLARED_PARTICLE"", ""SERVICE_PASSIVE_LINKED_NOT_STANDALONE_CAST""]",NOT_PROVEN,PENDING,PENDING
SK_성직자_050,아지토,성직자,False,NO_PARTICLE,[],[],,"[""NO_DECLARED_PARTICLE"", ""SERVICE_PASSIVE_LINKED_NOT_STANDALONE_CAST""]",NOT_PROVEN,PENDING,PENDING
SK_성직자_051,블레스,성직자,True,ADAPTED,[],[],,"[""PROJECT_DRAWN_FALLBACK_NOT_SUPPLIED_ORIGINAL""]",NOT_PROVEN,PENDING,PENDING
SK_성직자_052,홀리쇼크,성직자,True,ADAPTED,[],[],,"[""PROJECT_DRAWN_FALLBACK_NOT_SUPPLIED_ORIGINAL""]",NOT_PROVEN,PENDING,PENDING
SK_성직자_053,디나르콜리,성직자,True,classic,"[""classic""]","[{""phase"": ""CASTER_START"", ""anchor"": ""CASTER"", ""path"": ""classic/6461026a7deed9ab_caster_start.png"", ""source"": ""master/source/skill_fx/naver_classic_2020/f33ac80290721b55.gif"", ""sourceSha256"": ""5b4f74d42cec818d539935150e1336db3d5bc70eb1c68bf406f75aedd9e383d5"", ""atlasSha256"": ""24cce7e7cc798f9750bb77f6c481f610368880ef7d7c69c6555f284066064598"", ""frames"": 4, ""durationMs"": 600, ""peakPixels"": 26, ""blend"": ""SCREEN"", ""directional"": false, ""flags"": [""LOW_PIXEL_CHANNEL_REVIEW""]}, {""phase"": ""RECIPIENT_CONTACT"", ""anchor"": ""RECIPIENT"", ""path"": ""classic/6461026a7deed9ab_recipient_contact.png"", ""source"": ""master/source/skill_fx/naver_classic_2020/f33ac80290721b55.gif"", ""sourceSha256"": ""5b4f74d42cec818d539935150e1336db3d5bc70eb1c68bf406f75aedd9e383d5"", ""atlasSha256"": ""91ba8e23ad71728d26376476b0f6a85b7e31fea0e4ccea31d1c25c3e1f7fe6de"", ""frames"": 5, ""durationMs"": 500, ""peakPixels"": 737, ""blend"": ""SCREEN"", ""directional"": false, ""flags"": []}]",,"[""SOURCE_MATTING_OCCLUSION_APPROXIMATE""]",NOT_PROVEN,PENDING,PENDING
SK_성직자_054,일루메나,성직자,True,classic,"[""classic""]","[{""phase"": ""CASTER_START"", ""anchor"": ""CASTER"", ""path"": ""classic/eada039a0c748dca_caster_start.png"", ""source"": ""master/source/skill_fx/naver_classic_2020/744cffe6dddf81a7.gif"", ""sourceSha256"": ""ab88de89f47ac2c484c7bda75be8fd3a2b991bb04877f742df18021e90d8209f"", ""atlasSha256"": ""1a6ff22bb98e0cb6d9332a3f20464eabcfd775335ba64ad7bf6f4791a1501d58"", ""frames"": 1, ""durationMs"": 200, ""peakPixels"": 35, ""blend"": ""SCREEN"", ""directional"": false, ""flags"": []}, {""phase"": ""RECIPIENT_CONTACT"", ""anchor"": ""RECIPIENT"", ""path"": ""classic/eada039a0c748dca_recipient_contact.png"", ""source"": ""master/source/skill_fx/naver_classic_2020/744cffe6dddf81a7.gif"", ""sourceSha256"": ""ab88de89f47ac2c484c7bda75be8fd3a2b991bb04877f742df18021e90d8209f"", ""atlasSha256"": ""ab0caa2a5c0aff674b9d955d62d637a8b26391ff1120415edb6050c52b862fe0"", ""frames"": 4, ""durationMs"": 400, ""peakPixels"": 938, ""blend"": ""SCREEN"", ""directional"": false, ""flags"": []}]",,"[""SOURCE_MATTING_OCCLUSION_APPROXIMATE""]",NOT_PROVEN,PENDING,PENDING
SK_성직자_055,디내추라,성직자,True,classic,"[""classic""]","[{""phase"": ""CASTER_START"", ""anchor"": ""CASTER"", ""path"": ""classic/acffe8efe7250e52_caster_start.png"", ""source"": ""master/source/skill_fx/naver_classic_2020/64384bbe1c61ad07.gif"", ""sourceSha256"": ""c7f3a25150136ddc6e880078dd4ed69714a15bb53a95ecdef8dd7138ff555195"", ""atlasSha256"": ""8b71e4c2a3c8a32f043ec79f8227405a9253310246190c7e522ab11a02887573"", ""frames"": 2, ""durationMs"": 600, ""peakPixels"": 26, ""blend"": ""SCREEN"", ""directional"": false, ""flags"": [""LOW_PIXEL_CHANNEL_REVIEW""]}, {""phase"": ""RECIPIENT_CONTACT"", ""anchor"": ""RECIPIENT"", ""path"": ""classic/acffe8efe7250e52_recipient_contact.png"", ""source"": ""master/source/skill_fx/naver_classic_2020/64384bbe1c61ad07.gif"", ""sourceSha256"": ""c7f3a25150136ddc6e880078dd4ed69714a15bb53a95ecdef8dd7138ff555195"", ""atlasSha256"": ""3e5e1612035a337d4a86609f12026d55827bb9b196db141ed363ff3d42644fa6"", ""frames"": 3, ""durationMs"": 800, ""peakPixels"": 96, ""blend"": ""SCREEN"", ""directional"": false, ""flags"": []}]",,"[""SOURCE_MATTING_OCCLUSION_APPROXIMATE""]",NOT_PROVEN,PENDING,PENDING
SK_성직자_056,홀리쿠라노,성직자,True,classic,"[""classic""]","[{""phase"": ""CASTER_START"", ""anchor"": ""CASTER"", ""path"": ""classic/253551be17971333_caster_start.png"", ""source"": ""master/source/skill_fx/naver_magic_recovered_20261001/71da9378a1148658.gif"", ""sourceSha256"": ""59054544544eced6963e54b014ca46e679f650081d2ce5bdbfdbcfa6838e0bbd"", ""atlasSha256"": ""787de41f8176c032728e4bf7b64de76ab7f37feb06a0b8c6ccdbdcd8b3ebca34"", ""frames"": 1, ""durationMs"": 300, ""peakPixels"": 46, ""blend"": ""SCREEN"", ""directional"": false, ""flags"": []}, {""phase"": ""RECIPIENT_CONTACT"", ""anchor"": ""RECIPIENT"", ""path"": ""classic/253551be17971333_recipient_contact.png"", ""source"": ""master/source/skill_fx/naver_magic_recovered_20261001/71da9378a1148658.gif"", ""sourceSha256"": ""59054544544eced6963e54b014ca46e679f650081d2ce5bdbfdbcfa6838e0bbd"", ""atlasSha256"": ""667c66cc96fc5ef4693ce1746e9647fb53613e80843048ef861ccdbc7e1dda75"", ""frames"": 8, ""durationMs"": 1000, ""peakPixels"": 797, ""blend"": ""SCREEN"", ""directional"": false, ""flags"": []}]",,"[""SOURCE_MATTING_OCCLUSION_APPROXIMATE""]",NOT_PROVEN,PENDING,PENDING
SK_성직자_057,홀리쿠라네라,성직자,True,classic,"[""classic""]","[{""phase"": ""CASTER_START"", ""anchor"": ""CASTER"", ""path"": ""classic/9fc55a0456e0c9a4_caster_start.png"", ""source"": ""master/source/skill_fx/naver_magic_recovered_20261001/7f649f780a415eb9.gif"", ""sourceSha256"": ""5e686a3cd9268cc9dc82934796a511204bb3219f6cbc146a46debdafb989a1c8"", ""atlasSha256"": ""b5ffb784904ee1361d30d7cce739918b6172272ce646afe76f51be93516bcf9a"", ""frames"": 19, ""durationMs"": 1900, ""peakPixels"": 287, ""blend"": ""SCREEN"", ""directional"": false, ""flags"": []}, {""phase"": ""RECIPIENT_CONTACT"", ""anchor"": ""RECIPIENT"", ""path"": ""classic/9fc55a0456e0c9a4_recipient_contact.png"", ""source"": ""master/source/skill_fx/naver_magic_recovered_20261001/7f649f780a415eb9.gif"", ""sourceSha256"": ""5e686a3cd9268cc9dc82934796a511204bb3219f6cbc146a46debdafb989a1c8"", ""atlasSha256"": ""489dfad0c53e2a73feee82b82812f34f22049033b0a8efa8fbdf9522171cb65b"", ""frames"": 19, ""durationMs"": 1900, ""peakPixels"": 1429, ""blend"": ""SCREEN"", ""directional"": false, ""flags"": []}]",,"[""SOURCE_MATTING_OCCLUSION_APPROXIMATE""]",NOT_PROVEN,PENDING,PENDING
SK_마법사_053,프라보,마법사,True,classic,"[""classic""]","[{""phase"": ""RECIPIENT_CONTACT"", ""anchor"": ""RECIPIENT"", ""path"": ""classic/mage_052684d09e309d60.png"", ""source"": ""master/source/skill_fx/naver_magic_recovered_20261001/62199dc0e071470c.jpg"", ""sourceSha256"": ""7a7f4ac36db04f1e3bf4a28de231c33da369a57f07c1f7863dc751ee875ec7af"", ""atlasSha256"": ""8023cdf0e557cabfe4d3059f3513201bb20857292e0fb51f43f6570dc46b050d"", ""frames"": 4, ""durationMs"": 380, ""peakPixels"": 1773, ""blend"": ""SCREEN"", ""directional"": false, ""flags"": [""STATIC_SOURCE_PROJECT_TIMING""]}]",,"[""SOURCE_MATTING_OCCLUSION_APPROXIMATE""]",NOT_PROVEN,PENDING,PENDING
SK_무도가_030,일루메나,무도가,True,classic,"[""classic""]","[{""phase"": ""RECIPIENT_CONTACT"", ""anchor"": ""CASTER"", ""path"": ""classic/855d63ac553aa57c_recipient_contact.png"", ""source"": ""master/source/skill_fx/naver_classic_2020/27a55d0df8e74ca6.gif"", ""sourceSha256"": ""e4452bbf8d6e8e46dbd50e2eebc1c9f345fba884540a7a2234838b2ecd09783c"", ""atlasSha256"": ""ee761f2c032d81e25f77f12099504e72dbcede7421ac6bbf1c6780a3bfe1a668"", ""frames"": 4, ""durationMs"": 600, ""peakPixels"": 539, ""blend"": ""SCREEN"", ""directional"": false, ""flags"": []}]",,"[""SOURCE_MATTING_OCCLUSION_APPROXIMATE""]",NOT_PROVEN,PENDING,PENDING
SK_무도가_031,디베노모,무도가,True,classic,"[""classic""]","[{""phase"": ""RECIPIENT_CONTACT"", ""anchor"": ""CASTER"", ""path"": ""classic/787b8aac8f25d9ff_recipient_contact.png"", ""source"": ""master/source/skill_fx/naver_classic_2020/e306f8c3a0045947.gif"", ""sourceSha256"": ""76d91d55b2622293d166446cbe13fa678d201262808f3e5fe874221f41e5dca9"", ""atlasSha256"": ""9c6fe20eae444b151a7bf02a7977c656b41583b4cf3d44f241d2186baf6dddc1"", ""frames"": 5, ""durationMs"": 500, ""peakPixels"": 852, ""blend"": ""SCREEN"", ""directional"": false, ""flags"": []}]",,"[""SOURCE_MATTING_OCCLUSION_APPROXIMATE""]",NOT_PROVEN,PENDING,PENDING
SK_마법사_054,클리멘스,마법사,False,NO_PARTICLE,[],[],,"[""NO_DECLARED_PARTICLE"", ""SERVICE_PASSIVE_LINKED_NOT_STANDALONE_CAST""]",NOT_PROVEN,PENDING,PENDING
SK_공통_014,유즈스태프,공통,False,NO_PARTICLE,[],[],,"[""NO_DECLARED_PARTICLE"", ""SERVICE_PASSIVE_LINKED_NOT_STANDALONE_CAST""]",NOT_PROVEN,PENDING,PENDING
SK_도적_033,상자트랩해체,도적,False,NO_PARTICLE,[],[],,"[""NO_DECLARED_PARTICLE"", ""SERVICE_PASSIVE_LINKED_NOT_STANDALONE_CAST""]",NOT_PROVEN,PENDING,PENDING
SK_도적_034,소매치기,도적,False,NO_PARTICLE,[],[],,"[""NO_DECLARED_PARTICLE"", ""SERVICE_PASSIVE_LINKED_NOT_STANDALONE_CAST""]",NOT_PROVEN,PENDING,PENDING
SK_무도가_032,쿠로토,무도가,True,classic,"[""classic""]","[{""phase"": ""RECIPIENT_CONTACT"", ""anchor"": ""CASTER"", ""path"": ""classic/58ef84a2c0e9a98e_recipient_contact.png"", ""source"": ""master/source/skill_fx/naver_classic_2020/c0e1ce449ecbc30d.gif"", ""sourceSha256"": ""87101a727e174a8b7e875daf9282ef28fc8021abcd69afb61b153d2dc63726af"", ""atlasSha256"": ""445577b4b0a019c44e12ad784b6eb5fd304f6de3802003fdd0b9b44c3b3cdcf7"", ""frames"": 7, ""durationMs"": 800, ""peakPixels"": 672, ""blend"": ""SCREEN"", ""directional"": false, ""flags"": []}]",,"[""SOURCE_MATTING_OCCLUSION_APPROXIMATE""]",NOT_PROVEN,PENDING,PENDING
SK_성직자_058,쿠로토,성직자,True,shared,"[""shared""]","[{""phase"": ""RECIPIENT_CONTACT"", ""anchor"": ""CASTER"", ""path"": ""classic/58ef84a2c0e9a98e_recipient_contact.png"", ""source"": ""master/source/skill_fx/naver_classic_2020/c0e1ce449ecbc30d.gif"", ""sourceSha256"": ""87101a727e174a8b7e875daf9282ef28fc8021abcd69afb61b153d2dc63726af"", ""atlasSha256"": ""445577b4b0a019c44e12ad784b6eb5fd304f6de3802003fdd0b9b44c3b3cdcf7"", ""frames"": 7, ""durationMs"": 800, ""peakPixels"": 672, ""blend"": ""SCREEN"", ""directional"": false, ""flags"": []}]",,"[""SOURCE_MATTING_OCCLUSION_APPROXIMATE""]",NOT_PROVEN,PENDING,PENDING
SK_성직자_059,클리멘스,성직자,False,NO_PARTICLE,[],[],,"[""NO_DECLARED_PARTICLE"", ""SERVICE_PASSIVE_LINKED_NOT_STANDALONE_CAST""]",NOT_PROVEN,PENDING,PENDING
SK_성직자_060,디노센스,성직자,False,NO_PARTICLE,[],[],,"[""NO_DECLARED_PARTICLE"", ""SERVICE_PASSIVE_LINKED_NOT_STANDALONE_CAST""]",NOT_PROVEN,PENDING,PENDING
SK_마법사_055,아지토,마법사,False,NO_PARTICLE,[],[],,"[""NO_DECLARED_PARTICLE"", ""SERVICE_PASSIVE_LINKED_NOT_STANDALONE_CAST""]",NOT_PROVEN,PENDING,PENDING
SK_마법사_056,쿠로토,마법사,True,shared,"[""shared""]","[{""phase"": ""RECIPIENT_CONTACT"", ""anchor"": ""CASTER"", ""path"": ""classic/58ef84a2c0e9a98e_recipient_contact.png"", ""source"": ""master/source/skill_fx/naver_classic_2020/c0e1ce449ecbc30d.gif"", ""sourceSha256"": ""87101a727e174a8b7e875daf9282ef28fc8021abcd69afb61b153d2dc63726af"", ""atlasSha256"": ""445577b4b0a019c44e12ad784b6eb5fd304f6de3802003fdd0b9b44c3b3cdcf7"", ""frames"": 7, ""durationMs"": 800, ""peakPixels"": 672, ""blend"": ""SCREEN"", ""directional"": false, ""flags"": []}]",,"[""SOURCE_MATTING_OCCLUSION_APPROXIMATE""]",NOT_PROVEN,PENDING,PENDING
SK_마법사_057,헬푸라,마법사,False,NO_PARTICLE,[],[],,"[""NO_DECLARED_PARTICLE"", ""SERVICE_PASSIVE_LINKED_NOT_STANDALONE_CAST""]",NOT_PROVEN,PENDING,PENDING
SK_무도가_033,경신공법,무도가,True,classic,"[""classic""]","[{""phase"": ""RECIPIENT_CONTACT"", ""anchor"": ""CASTER"", ""path"": ""classic/2f02bfac883ab38f_recipient_contact.png"", ""source"": ""master/source/skill_fx/naver_classic_2020/abd051fb77a4a4de.gif"", ""sourceSha256"": ""59c9858d1933c86cd40c8e0a2fabf1079cc0f9c2601f3d74770b6a62c0e0ad1c"", ""atlasSha256"": ""b4fb41a819a5365ed8f8a5e579ec992a56dd6ce7b59a26a3ee001820f58c2bb0"", ""frames"": 4, ""durationMs"": 400, ""peakPixels"": 243, ""blend"": ""SCREEN"", ""directional"": false, ""flags"": []}]",,"[""SOURCE_MATTING_OCCLUSION_APPROXIMATE""]",NOT_PROVEN,PENDING,PENDING
SK_무도가_034,아지토,무도가,False,NO_PARTICLE,[],[],,"[""NO_DECLARED_PARTICLE"", ""SERVICE_PASSIVE_LINKED_NOT_STANDALONE_CAST""]",NOT_PROVEN,PENDING,PENDING
